"../../../Engine/Content/EditorResources/S_Actor.ubulk" 0
"../../../Engine/Content/EditorResources/S_Actor.uasset" 1
"../../../Engine/Content/EditorResources/S_Actor.uexp" 2
"../../../Engine/Content/EditorResources/S_BoxReflectionCapture.uasset" 3
"../../../Engine/Content/EditorResources/S_BoxReflectionCapture.uexp" 4
"../../../Engine/Content/EngineResources/DefaultTexture.ubulk" 5
"../../../Engine/Content/EngineResources/DefaultTexture.uasset" 6
"../../../Engine/Content/EngineResources/DefaultTexture.uexp" 7
"../../../Engine/Content/EngineResources/DefaultTextureCube.uasset" 8
"../../../Engine/Content/EngineResources/DefaultTextureCube.uexp" 9
"../../../Engine/Content/EngineResources/DefaultVolumeTexture2D.uasset" 10
"../../../Engine/Content/EngineResources/DefaultVolumeTexture2D.uexp" 11
"../../../Engine/Content/EngineResources/DefaultVolumeTexture.uasset" 12
"../../../Engine/Content/EngineResources/DefaultVolumeTexture.uexp" 13
"../../../Engine/Content/EditorResources/S_Trigger.ubulk" 14
"../../../Engine/Content/EditorResources/S_Trigger.uasset" 15
"../../../Engine/Content/EditorResources/S_Trigger.uexp" 16
"../../../Engine/Content/EditorResources/S_TriggerBox.uasset" 17
"../../../Engine/Content/EditorResources/S_TriggerBox.uexp" 18
"../../../Engine/Content/EditorResources/S_TriggerCapsule.uasset" 19
"../../../Engine/Content/EditorResources/S_TriggerCapsule.uexp" 20
"../../../Engine/Content/EditorResources/S_TriggerSphere.uasset" 21
"../../../Engine/Content/EditorResources/S_TriggerSphere.uexp" 22
"../../../Engine/Content/EngineMeshes/Sphere.ubulk" 23
"../../../Engine/Content/EngineMeshes/Sphere.uasset" 24
"../../../Engine/Content/EngineMeshes/Sphere.uexp" 25
"../../../Engine/Content/EngineResources/GradientTexture0.uasset" 26
"../../../Engine/Content/EngineResources/GradientTexture0.uexp" 27
"../../../Engine/Content/VREditor/LaserPointer/VR_LaserPower_01.ubulk" 28
"../../../Engine/Content/VREditor/LaserPointer/VR_LaserPower_01.uasset" 29
"../../../Engine/Content/VREditor/LaserPointer/VR_LaserPower_01.uexp" 30
"../../../Engine/Content/VREditor/TransformGizmo/TransformGizmoMaterial.uasset" 31
"../../../Engine/Content/VREditor/TransformGizmo/TransformGizmoMaterial.uexp" 32
"../../../Engine/Content/VREditor/TransformGizmo/TranslucentTransformGizmoMaterial.uasset" 33
"../../../Engine/Content/VREditor/TransformGizmo/TranslucentTransformGizmoMaterial.uexp" 34
"../../../Engine/Content/VREditor/TransformGizmo/BoundingBoxCorner.ubulk" 35
"../../../Engine/Content/VREditor/TransformGizmo/BoundingBoxCorner.uasset" 36
"../../../Engine/Content/VREditor/TransformGizmo/BoundingBoxCorner.uexp" 37
"../../../Engine/Content/VREditor/TransformGizmo/BoundingBoxEdge.ubulk" 38
"../../../Engine/Content/VREditor/TransformGizmo/BoundingBoxEdge.uasset" 39
"../../../Engine/Content/VREditor/TransformGizmo/BoundingBoxEdge.uexp" 40
"../../../Engine/Content/VREditor/TransformGizmo/Main.uasset" 41
"../../../Engine/Content/VREditor/TransformGizmo/Main.uexp" 42
"../../../Engine/Content/VREditor/TransformGizmo/Xray.uasset" 43
"../../../Engine/Content/VREditor/TransformGizmo/Xray.uexp" 44
"../../../Engine/Content/VREditor/TransformGizmo/SM_Sequencer_Node.ubulk" 45
"../../../Engine/Content/VREditor/TransformGizmo/SM_Sequencer_Node.uasset" 46
"../../../Engine/Content/VREditor/TransformGizmo/SM_Sequencer_Node.uexp" 47
"../../../Engine/Content/EditorResources/S_Solver.ubulk" 48
"../../../Engine/Content/EditorResources/S_Solver.uasset" 49
"../../../Engine/Content/EditorResources/S_Solver.uexp" 50
"../../../Engine/Content/EditorMaterials/Camera/CineMat.uasset" 51
"../../../Engine/Content/EditorMaterials/Camera/CineMat.uexp" 52
"../../../Engine/Content/EditorMaterials/Camera/MI_CineMat_Rig.uasset" 53
"../../../Engine/Content/EditorMaterials/Camera/MI_CineMat_Rig.uexp" 54
"../../../Engine/Content/EditorMeshes/Camera/SM_CraneRig_Base.ubulk" 55
"../../../Engine/Content/EditorMeshes/Camera/SM_CraneRig_Base.uasset" 56
"../../../Engine/Content/EditorMeshes/Camera/SM_CraneRig_Base.uexp" 57
"../../../Engine/Content/EditorMeshes/Camera/SM_CraneRig_Arm.ubulk" 58
"../../../Engine/Content/EditorMeshes/Camera/SM_CraneRig_Arm.uasset" 59
"../../../Engine/Content/EditorMeshes/Camera/SM_CraneRig_Arm.uexp" 60
"../../../Engine/Content/EditorMeshes/Camera/SM_CraneRig_Mount.ubulk" 61
"../../../Engine/Content/EditorMeshes/Camera/SM_CraneRig_Mount.uasset" 62
"../../../Engine/Content/EditorMeshes/Camera/SM_CraneRig_Mount.uexp" 63
"../../../Engine/Content/EditorMeshes/Camera/SM_CraneRig_Body.ubulk" 64
"../../../Engine/Content/EditorMeshes/Camera/SM_CraneRig_Body.uasset" 65
"../../../Engine/Content/EditorMeshes/Camera/SM_CraneRig_Body.uexp" 66
"../../../Engine/Content/EditorMeshes/Camera/SM_RailRig_Track.ubulk" 67
"../../../Engine/Content/EditorMeshes/Camera/SM_RailRig_Track.uasset" 68
"../../../Engine/Content/EditorMeshes/Camera/SM_RailRig_Track.uexp" 69
"../../../Engine/Content/EditorMeshes/Camera/SM_RailRig_Mount.ubulk" 70
"../../../Engine/Content/EditorMeshes/Camera/SM_RailRig_Mount.uasset" 71
"../../../Engine/Content/EditorMeshes/Camera/SM_RailRig_Mount.uexp" 72
"../../../Engine/Content/EngineMaterials/T_Default_Material_Grid_M.ubulk" 73
"../../../Engine/Content/EngineMaterials/T_Default_Material_Grid_M.uasset" 74
"../../../Engine/Content/EngineMaterials/T_Default_Material_Grid_M.uexp" 75
"../../../Engine/Content/EngineMaterials/T_Default_Material_Grid_N.ubulk" 76
"../../../Engine/Content/EngineMaterials/T_Default_Material_Grid_N.uasset" 77
"../../../Engine/Content/EngineMaterials/T_Default_Material_Grid_N.uexp" 78
"../../../Engine/Content/Functions/Engine_MaterialFunctions01/Opacity/CameraDepthFade.uasset" 79
"../../../Engine/Content/Functions/Engine_MaterialFunctions01/Opacity/CameraDepthFade.uexp" 80
"../../../Engine/Content/EngineMaterials/WorldGridMaterial.uasset" 81
"../../../Engine/Content/EngineMaterials/WorldGridMaterial.uexp" 82
"../../../Engine/Content/ArtTools/RenderToTexture/Meshes/S_1_Unit_Plane.ubulk" 83
"../../../Engine/Content/ArtTools/RenderToTexture/Meshes/S_1_Unit_Plane.uasset" 84
"../../../Engine/Content/ArtTools/RenderToTexture/Meshes/S_1_Unit_Plane.uexp" 85
"../../../Engine/Content/EditorMaterials/ParticleSystems/PSysThumbnail_NoImage.ubulk" 86
"../../../Engine/Content/EditorMaterials/ParticleSystems/PSysThumbnail_NoImage.uasset" 87
"../../../Engine/Content/EditorMaterials/ParticleSystems/PSysThumbnail_NoImage.uexp" 88
"../../../Engine/Content/EditorMaterials/ParticleSystems/PSysThumbnail_OOD.ubulk" 89
"../../../Engine/Content/EditorMaterials/ParticleSystems/PSysThumbnail_OOD.uasset" 90
"../../../Engine/Content/EditorMaterials/ParticleSystems/PSysThumbnail_OOD.uexp" 91
"../../../Engine/Content/EditorLandscapeResources/SplineEditorMeshMat.uasset" 92
"../../../Engine/Content/EditorLandscapeResources/SplineEditorMeshMat.uexp" 93
"../../../Engine/Content/EditorLandscapeResources/SplineEditorMesh.ubulk" 94
"../../../Engine/Content/EditorLandscapeResources/SplineEditorMesh.uasset" 95
"../../../Engine/Content/EditorLandscapeResources/SplineEditorMesh.uexp" 96
"../../../Engine/Plugins/Media/MediaPlate/Content/SM_MediaPlateScreen.ubulk" 97
"../../../Engine/Plugins/Media/MediaPlate/Content/SM_MediaPlateScreen.uasset" 98
"../../../Engine/Plugins/Media/MediaPlate/Content/SM_MediaPlateScreen.uexp" 99
"../../../Engine/Content/EngineMaterials/DefaultBokeh.uasset" 100
"../../../Engine/Content/EngineMaterials/DefaultBokeh.uexp" 101
"../../../Engine/Content/EngineMaterials/MiniFont.uasset" 102
"../../../Engine/Content/EngineMaterials/MiniFont.uexp" 103
"../../../Engine/Content/EngineMaterials/WeightMapPlaceholderTexture.uasset" 104
"../../../Engine/Content/EngineMaterials/WeightMapPlaceholderTexture.uexp" 105
"../../../Engine/Content/EngineMaterials/WeightMapArrayPlaceholderTexture.uasset" 106
"../../../Engine/Content/EngineMaterials/WeightMapArrayPlaceholderTexture.uexp" 107
"../../../Engine/Content/EngineMaterials/DefaultWhiteGrid.ubulk" 108
"../../../Engine/Content/EngineMaterials/DefaultWhiteGrid.uasset" 109
"../../../Engine/Content/EngineMaterials/DefaultWhiteGrid.uexp" 110
"../../../Engine/Content/EngineMaterials/PreintegratedSkinBRDF.uasset" 111
"../../../Engine/Content/EngineMaterials/PreintegratedSkinBRDF.uexp" 112
"../../../Engine/Content/Functions/Engine_MaterialFunctions02/WorldPositionOffset/CameraOffset.uasset" 113
"../../../Engine/Content/Functions/Engine_MaterialFunctions02/WorldPositionOffset/CameraOffset.uexp" 114
"../../../Engine/Plugins/Animation/ControlRig/Content/M_Manip.uasset" 115
"../../../Engine/Plugins/Animation/ControlRig/Content/M_Manip.uexp" 116
"../../../Engine/Plugins/2D/Paper2D/Content/PlaceholderTextures/DummySpriteTexture.ubulk" 117
"../../../Engine/Plugins/2D/Paper2D/Content/PlaceholderTextures/DummySpriteTexture.uasset" 118
"../../../Engine/Plugins/2D/Paper2D/Content/PlaceholderTextures/DummySpriteTexture.uexp" 119
"../../../Engine/Plugins/2D/Paper2D/Content/DefaultSpriteMaterial.uasset" 120
"../../../Engine/Plugins/2D/Paper2D/Content/DefaultSpriteMaterial.uexp" 121
"../../../Engine/Plugins/2D/Paper2D/Content/OpaqueUnlitSpriteMaterial.uasset" 122
"../../../Engine/Plugins/2D/Paper2D/Content/OpaqueUnlitSpriteMaterial.uexp" 123
"../../../Engine/Plugins/2D/Paper2D/Content/MaskedUnlitSpriteMaterial.uasset" 124
"../../../Engine/Plugins/2D/Paper2D/Content/MaskedUnlitSpriteMaterial.uexp" 125
"../../../Engine/Plugins/2D/Paper2D/Content/DummySprite.uasset" 126
"../../../Engine/Plugins/2D/Paper2D/Content/DummySprite.uexp" 127
"../../../Engine/Plugins/2D/Paper2D/Content/DefaultPaperTerrainMaterial.uasset" 128
"../../../Engine/Plugins/2D/Paper2D/Content/DefaultPaperTerrainMaterial.uexp" 129
"../../../Engine/Content/EngineResources/WhiteSquareTexture.uasset" 130
"../../../Engine/Content/EngineResources/WhiteSquareTexture.uexp" 131
"../../../Engine/Content/EngineMaterials/Widget3DPassThrough.uasset" 132
"../../../Engine/Content/EngineMaterials/Widget3DPassThrough.uexp" 133
"../../../Engine/Content/EngineMaterials/Widget3DPassThrough_Translucent.uasset" 134
"../../../Engine/Content/EngineMaterials/Widget3DPassThrough_Translucent.uexp" 135
"../../../Engine/Content/EngineMaterials/Widget3DPassThrough_Translucent_OneSided.uasset" 136
"../../../Engine/Content/EngineMaterials/Widget3DPassThrough_Translucent_OneSided.uexp" 137
"../../../Engine/Content/EngineMaterials/Widget3DPassThrough_Opaque.uasset" 138
"../../../Engine/Content/EngineMaterials/Widget3DPassThrough_Opaque.uexp" 139
"../../../Engine/Content/EngineMaterials/Widget3DPassThrough_Opaque_OneSided.uasset" 140
"../../../Engine/Content/EngineMaterials/Widget3DPassThrough_Opaque_OneSided.uexp" 141
"../../../Engine/Content/EngineMaterials/Widget3DPassThrough_Masked_OneSided.uasset" 142
"../../../Engine/Content/EngineMaterials/Widget3DPassThrough_Masked_OneSided.uexp" 143
"../../../Engine/Content/EngineMaterials/Widget3DPassThrough_Masked.uasset" 144
"../../../Engine/Content/EngineMaterials/Widget3DPassThrough_Masked.uexp" 145
"../../../Engine/Content/EngineMaterials/STBlueNoise_vec2_128x128x64.uasset" 146
"../../../Engine/Content/EngineMaterials/STBlueNoise_vec2_128x128x64.uexp" 147
"../../../Engine/Content/EngineMaterials/STBlueNoise_scalar_128x128x64.uasset" 148
"../../../Engine/Content/EngineMaterials/STBlueNoise_scalar_128x128x64.uexp" 149
"../../../Engine/Content/EngineMaterials/RemoveSurfaceMaterial.uasset" 150
"../../../Engine/Content/EngineMaterials/RemoveSurfaceMaterial.uexp" 151
"../../../Engine/Content/EngineMaterials/DefaultCalibrationGrayscale.uasset" 152
"../../../Engine/Content/EngineMaterials/DefaultCalibrationGrayscale.uexp" 153
"../../../Engine/Content/EngineMaterials/PPM_DefaultCalibrationGrayscale.uasset" 154
"../../../Engine/Content/EngineMaterials/PPM_DefaultCalibrationGrayscale.uexp" 155
"../../../Engine/Content/EngineMaterials/DefaultCalibrationColor.uasset" 156
"../../../Engine/Content/EngineMaterials/DefaultCalibrationColor.uexp" 157
"../../../Engine/Content/EngineMaterials/PPM_DefaultCalibrationColor.uasset" 158
"../../../Engine/Content/EngineMaterials/PPM_DefaultCalibrationColor.uexp" 159
"../../../Engine/Content/EngineMaterials/PhAT_JointLimitMaterial.uasset" 160
"../../../Engine/Content/EngineMaterials/PhAT_JointLimitMaterial.uexp" 161
"../../../Engine/Content/EngineMaterials/NaniteHiddenSectionMaterial.uasset" 162
"../../../Engine/Content/EngineMaterials/NaniteHiddenSectionMaterial.uexp" 163
"../../../Engine/Content/EngineMaterials/InvalidLightmapSettings.ubulk" 164
"../../../Engine/Content/EngineMaterials/InvalidLightmapSettings.uasset" 165
"../../../Engine/Content/EngineMaterials/InvalidLightmapSettings.uexp" 166
"../../../Engine/Content/EngineMaterials/M_InvalidLightmapSettings.uasset" 167
"../../../Engine/Content/EngineMaterials/M_InvalidLightmapSettings.uexp" 168
"../../../Engine/Content/EngineMaterials/GizmoMaterial.uasset" 169
"../../../Engine/Content/EngineMaterials/GizmoMaterial.uexp" 170
"../../../Engine/Content/EngineMaterials/BaseFlattenEmissiveMap_VT.uasset" 171
"../../../Engine/Content/EngineMaterials/BaseFlattenEmissiveMap_VT.uexp" 172
"../../../Engine/Content/EngineMaterials/BaseFlattenGrayscaleMap_VT.uasset" 173
"../../../Engine/Content/EngineMaterials/BaseFlattenGrayscaleMap_VT.uexp" 174
"../../../Engine/Content/EngineMaterials/BaseFlattenLinearColor_VT.uasset" 175
"../../../Engine/Content/EngineMaterials/BaseFlattenLinearColor_VT.uexp" 176
"../../../Engine/Content/EngineMaterials/Black_1x1_EXR_Texture_VT.uasset" 177
"../../../Engine/Content/EngineMaterials/Black_1x1_EXR_Texture_VT.uexp" 178
"../../../Engine/Content/EngineMaterials/BaseFlattenDiffuseMap_VT.uasset" 179
"../../../Engine/Content/EngineMaterials/BaseFlattenDiffuseMap_VT.uexp" 180
"../../../Engine/Content/EngineMaterials/BaseFlattenNormalMap_VT.uasset" 181
"../../../Engine/Content/EngineMaterials/BaseFlattenNormalMap_VT.uexp" 182
"../../../Engine/Content/EngineMaterials/FlattenMaterial_WS_Normal_VT.uasset" 183
"../../../Engine/Content/EngineMaterials/FlattenMaterial_WS_Normal_VT.uexp" 184
"../../../Engine/Content/EngineMaterials/FlattenMaterial_VT.uasset" 185
"../../../Engine/Content/EngineMaterials/FlattenMaterial_VT.uexp" 186
"../../../Engine/Content/EngineMaterials/BaseFlattenNormalMap.uasset" 187
"../../../Engine/Content/EngineMaterials/BaseFlattenNormalMap.uexp" 188
"../../../Engine/Content/EngineMaterials/BaseFlattenGrayscaleMap.uasset" 189
"../../../Engine/Content/EngineMaterials/BaseFlattenGrayscaleMap.uexp" 190
"../../../Engine/Content/EngineMaterials/BaseFlattenDiffuseMap.uasset" 191
"../../../Engine/Content/EngineMaterials/BaseFlattenDiffuseMap.uexp" 192
"../../../Engine/Content/Functions/Engine_MaterialFunctions02/PivotPainter2/Black_1x1_EXR_Texture.uasset" 193
"../../../Engine/Content/Functions/Engine_MaterialFunctions02/PivotPainter2/Black_1x1_EXR_Texture.uexp" 194
"../../../Engine/Content/EngineMaterials/BaseFlattenEmissiveMap.uasset" 195
"../../../Engine/Content/EngineMaterials/BaseFlattenEmissiveMap.uexp" 196
"../../../Engine/Content/EngineMaterials/BaseFlattenLinearColor.uasset" 197
"../../../Engine/Content/EngineMaterials/BaseFlattenLinearColor.uexp" 198
"../../../Engine/Content/EngineMaterials/FlattenMaterial.uasset" 199
"../../../Engine/Content/EngineMaterials/FlattenMaterial.uexp" 200
"../../../Engine/Content/EngineMaterials/DefaultWhiteGrid_Low.uasset" 201
"../../../Engine/Content/EngineMaterials/DefaultWhiteGrid_Low.uexp" 202
"../../../Engine/Content/EngineMaterials/EmissiveMeshMaterial.uasset" 203
"../../../Engine/Content/EngineMaterials/EmissiveMeshMaterial.uexp" 204
"../../../Engine/Content/EngineMaterials/DefaultDiffuse.ubulk" 205
"../../../Engine/Content/EngineMaterials/DefaultDiffuse.uasset" 206
"../../../Engine/Content/EngineMaterials/DefaultDiffuse.uexp" 207
"../../../Engine/Content/Functions/Engine_MaterialFunctions02/Utility/BreakOutFloat2Components.uasset" 208
"../../../Engine/Content/Functions/Engine_MaterialFunctions02/Utility/BreakOutFloat2Components.uexp" 209
"../../../Engine/Content/EngineMaterials/DefaultPostProcessMaterial.uasset" 210
"../../../Engine/Content/EngineMaterials/DefaultPostProcessMaterial.uexp" 211
"../../../Engine/Content/EngineMaterials/DefaultPhysicalMaterial.uasset" 212
"../../../Engine/Content/EngineMaterials/DefaultPhysicalMaterial.uexp" 213
"../../../Engine/Content/EngineMaterials/DefaultLightFunctionMaterial.uasset" 214
"../../../Engine/Content/EngineMaterials/DefaultLightFunctionMaterial.uexp" 215
"../../../Engine/Content/EngineMaterials/DefaultDestructiblePhysicalMaterial.uasset" 216
"../../../Engine/Content/EngineMaterials/DefaultDestructiblePhysicalMaterial.uexp" 217
"../../../Engine/Content/EngineMaterials/DefaultDeferredDecalMaterial.uasset" 218
"../../../Engine/Content/EngineMaterials/DefaultDeferredDecalMaterial.uexp" 219
"../../../Engine/Content/EngineMaterials/DefaultBloomKernel.uasset" 220
"../../../Engine/Content/EngineMaterials/DefaultBloomKernel.uexp" 221
"../../../Engine/Content/EngineFonts/Faces/RobotoLight.uexp" 222
"../../../Engine/Content/EngineFonts/Faces/RobotoLight.uasset" 223
"../../../Engine/Content/EngineFonts/Faces/RobotoLight.ufont" 224
"../../../Engine/Content/EngineFonts/Faces/RobotoBold.uexp" 225
"../../../Engine/Content/EngineFonts/Faces/RobotoBold.uasset" 226
"../../../Engine/Content/EngineFonts/Faces/RobotoBold.ufont" 227
"../../../Engine/Content/EngineFonts/Faces/RobotoRegular.uexp" 228
"../../../Engine/Content/EngineFonts/Faces/RobotoRegular.uasset" 229
"../../../Engine/Content/EngineFonts/Faces/RobotoRegular.ufont" 230
"../../../Engine/Content/EngineFonts/Faces/DroidSansFallback.uexp" 231
"../../../Engine/Content/EngineFonts/Faces/DroidSansFallback.uasset" 232
"../../../Engine/Content/EngineFonts/Faces/DroidSansFallback.ufont" 233
"../../../Engine/Content/EngineFonts/Faces/RobotoItalic.uexp" 234
"../../../Engine/Content/EngineFonts/Faces/RobotoItalic.uasset" 235
"../../../Engine/Content/EngineFonts/Faces/RobotoItalic.ufont" 236
"../../../Engine/Content/EngineFonts/Faces/RobotoBoldItalic.uexp" 237
"../../../Engine/Content/EngineFonts/Faces/RobotoBoldItalic.uasset" 238
"../../../Engine/Content/EngineFonts/Faces/RobotoBoldItalic.ufont" 239
"../../../Engine/Content/EngineFonts/Roboto.uasset" 240
"../../../Engine/Content/EngineFonts/Roboto.uexp" 241
"../../../Engine/Content/Functions/Engine_MaterialFunctions02/Utility/CameraDirectionVector.uasset" 242
"../../../Engine/Content/Functions/Engine_MaterialFunctions02/Utility/CameraDirectionVector.uexp" 243
"../../../Engine/Content/EngineDebugMaterials/VolumeToRender.uasset" 244
"../../../Engine/Content/EngineDebugMaterials/VolumeToRender.uexp" 245
"../../../Engine/Content/EngineDebugMaterials/M_VolumeRenderSphereTracePP.uasset" 246
"../../../Engine/Content/EngineDebugMaterials/M_VolumeRenderSphereTracePP.uexp" 247
"../../../Engine/Content/EngineDebugMaterials/M_SimpleUnlitTranslucent.uasset" 248
"../../../Engine/Content/EngineDebugMaterials/M_SimpleUnlitTranslucent.uexp" 249
"../../../Engine/Content/EngineDebugMaterials/DebugMeshMaterial.uasset" 250
"../../../Engine/Content/EngineDebugMaterials/DebugMeshMaterial.uexp" 251
"../../../Engine/Content/EngineDebugMaterials/DebugEditorMaterial.uasset" 252
"../../../Engine/Content/EngineDebugMaterials/DebugEditorMaterial.uexp" 253
"../../../Engine/Content/EngineDamageTypes/DmgTypeBP_Environmental.uasset" 254
"../../../Engine/Content/EngineDamageTypes/DmgTypeBP_Environmental.uexp" 255
"../../../Engine/Content/EditorResources/S_Terrain.ubulk" 256
"../../../Engine/Content/EditorResources/S_Terrain.uasset" 257
"../../../Engine/Content/EditorResources/S_Terrain.uexp" 258
"../../../Engine/Content/EditorResources/EmptyActor.uasset" 259
"../../../Engine/Content/EditorResources/EmptyActor.uexp" 260
"../../../Engine/Content/EditorResources/BSPVertex.uasset" 261
"../../../Engine/Content/EditorResources/BSPVertex.uexp" 262
"../../../Engine/Content/EditorMaterials/PreviewShadowIndicator.ubulk" 263
"../../../Engine/Content/EditorMaterials/PreviewShadowIndicator.uasset" 264
"../../../Engine/Content/EditorMaterials/PreviewShadowIndicator.uexp" 265
"../../../Engine/Content/EditorMaterials/PreviewShadowIndicatorMaterial.uasset" 266
"../../../Engine/Content/EditorMaterials/PreviewShadowIndicatorMaterial.uexp" 267
"../../../Engine/Content/EditorMaterials/PhAT_UnselectedMaterial.uasset" 268
"../../../Engine/Content/EditorMaterials/PhAT_UnselectedMaterial.uexp" 269
"../../../Engine/Content/EditorMaterials/PhAT_NoCollisionMaterial.uasset" 270
"../../../Engine/Content/EditorMaterials/PhAT_NoCollisionMaterial.uexp" 271
"../../../Engine/Content/EditorLandscapeResources/DefaultAlphaTexture.uasset" 272
"../../../Engine/Content/EditorLandscapeResources/DefaultAlphaTexture.uexp" 273
"../../../Engine/Content/EditorLandscapeResources/DataLayer.uasset" 274
"../../../Engine/Content/EditorLandscapeResources/DataLayer.uexp" 275
"../../../Engine/Content/EngineMaterials/DefaultMaterial.uasset" 276
"../../../Engine/Content/EngineMaterials/DefaultMaterial.uexp" 277
"../../../Engine/Content/BasicShapes/Cone.ubulk" 278
"../../../Engine/Content/BasicShapes/Cone.uasset" 279
"../../../Engine/Content/BasicShapes/Cone.uexp" 280
"C:/Users/inesc/Documents/GitHub/LevelDesing/MyProject 5.4/Content/Blueprints_NP/BP_FreeRoamCamera.uasset" 281
"C:/Users/inesc/Documents/GitHub/LevelDesing/MyProject 5.4/Content/Blueprints_NP/BP_FreeRoamCamera.uexp" 282
"../../../Engine/Plugins/Runtime/MeshModelingToolset/Content/Materials/M_DynamicMeshComponentVtxColor.uasset" 283
"../../../Engine/Plugins/Runtime/MeshModelingToolset/Content/Materials/M_DynamicMeshComponentVtxColor.uexp" 284
"C:/Users/inesc/Documents/GitHub/LevelDesing/MyProject 5.4/Content/Fonts/ChakraPetch-SemiBold.uexp" 285
"C:/Users/inesc/Documents/GitHub/LevelDesing/MyProject 5.4/Content/Fonts/ChakraPetch-SemiBold.uasset" 286
"C:/Users/inesc/Documents/GitHub/LevelDesing/MyProject 5.4/Content/Fonts/ChakraPetch-SemiBold.ufont" 287
"C:/Users/inesc/Documents/GitHub/LevelDesing/MyProject 5.4/Content/Fonts/HUD_typo.uasset" 288
"C:/Users/inesc/Documents/GitHub/LevelDesing/MyProject 5.4/Content/Fonts/HUD_typo.uexp" 289
"C:/Users/inesc/Documents/GitHub/LevelDesing/MyProject 5.4/Content/Widgets/Dialogo_9.uasset" 290
"C:/Users/inesc/Documents/GitHub/LevelDesing/MyProject 5.4/Content/Widgets/Dialogo_9.uexp" 291
"C:/Users/inesc/Documents/GitHub/LevelDesing/MyProject 5.4/Content/Widgets/Dialogo_8.uasset" 292
"C:/Users/inesc/Documents/GitHub/LevelDesing/MyProject 5.4/Content/Widgets/Dialogo_8.uexp" 293
"C:/Users/inesc/Documents/GitHub/LevelDesing/MyProject 5.4/Content/Widgets/Dialogo_7.uasset" 294
"C:/Users/inesc/Documents/GitHub/LevelDesing/MyProject 5.4/Content/Widgets/Dialogo_7.uexp" 295
"C:/Users/inesc/Documents/GitHub/LevelDesing/MyProject 5.4/Content/Widgets/Dialogo_6.uasset" 296
"C:/Users/inesc/Documents/GitHub/LevelDesing/MyProject 5.4/Content/Widgets/Dialogo_6.uexp" 297
"C:/Users/inesc/Documents/GitHub/LevelDesing/MyProject 5.4/Content/Widgets/Dialogo_5.uasset" 298
"C:/Users/inesc/Documents/GitHub/LevelDesing/MyProject 5.4/Content/Widgets/Dialogo_5.uexp" 299
"C:/Users/inesc/Documents/GitHub/LevelDesing/MyProject 5.4/Content/Widgets/Dialogo_2.uasset" 300
"C:/Users/inesc/Documents/GitHub/LevelDesing/MyProject 5.4/Content/Widgets/Dialogo_2.uexp" 301
"C:/Users/inesc/Documents/GitHub/LevelDesing/MyProject 5.4/Content/Widgets/Dialogo_12.uasset" 302
"C:/Users/inesc/Documents/GitHub/LevelDesing/MyProject 5.4/Content/Widgets/Dialogo_12.uexp" 303
"C:/Users/inesc/Documents/GitHub/LevelDesing/MyProject 5.4/Content/Widgets/Dialogo_11.uasset" 304
"C:/Users/inesc/Documents/GitHub/LevelDesing/MyProject 5.4/Content/Widgets/Dialogo_11.uexp" 305
"C:/Users/inesc/Documents/GitHub/LevelDesing/MyProject 5.4/Content/Widgets/Dialogo_10.uasset" 306
"C:/Users/inesc/Documents/GitHub/LevelDesing/MyProject 5.4/Content/Widgets/Dialogo_10.uexp" 307
"C:/Users/inesc/Documents/GitHub/LevelDesing/MyProject 5.4/Content/Widgets/Dialogo_1.uasset" 308
"C:/Users/inesc/Documents/GitHub/LevelDesing/MyProject 5.4/Content/Widgets/Dialogo_1.uexp" 309
"../../../Engine/Plugins/Interchange/Runtime/Content/Pipelines/DefaultTexturePipeline.uasset" 310
"../../../Engine/Plugins/Interchange/Runtime/Content/Pipelines/DefaultTexturePipeline.uexp" 311
"../../../Engine/Plugins/Interchange/Runtime/Content/Pipelines/DefaultSceneLevelPipeline.uasset" 312
"../../../Engine/Plugins/Interchange/Runtime/Content/Pipelines/DefaultSceneLevelPipeline.uexp" 313
"../../../Engine/Plugins/Interchange/Runtime/Content/Pipelines/DefaultSceneAssetsPipeline.uasset" 314
"../../../Engine/Plugins/Interchange/Runtime/Content/Pipelines/DefaultSceneAssetsPipeline.uexp" 315
"../../../Engine/Plugins/Interchange/Runtime/Content/Pipelines/DefaultMaterialXPipeline.uasset" 316
"../../../Engine/Plugins/Interchange/Runtime/Content/Pipelines/DefaultMaterialXPipeline.uexp" 317
"../../../Engine/Plugins/Interchange/Runtime/Content/Pipelines/DefaultMaterialPipeline.uasset" 318
"../../../Engine/Plugins/Interchange/Runtime/Content/Pipelines/DefaultMaterialPipeline.uexp" 319
"../../../Engine/Plugins/Interchange/Runtime/Content/Pipelines/DefaultGLTFSceneAssetsPipeline.uasset" 320
"../../../Engine/Plugins/Interchange/Runtime/Content/Pipelines/DefaultGLTFSceneAssetsPipeline.uexp" 321
"../../../Engine/Plugins/Interchange/Runtime/Content/Pipelines/DefaultGLTFPipeline.uasset" 322
"../../../Engine/Plugins/Interchange/Runtime/Content/Pipelines/DefaultGLTFPipeline.uexp" 323
"../../../Engine/Plugins/Interchange/Runtime/Content/Pipelines/DefaultGLTFAssetsPipeline.uasset" 324
"../../../Engine/Plugins/Interchange/Runtime/Content/Pipelines/DefaultGLTFAssetsPipeline.uexp" 325
"../../../Engine/Plugins/Interchange/Runtime/Content/Pipelines/DefaultAssetsPipeline.uasset" 326
"../../../Engine/Plugins/Interchange/Runtime/Content/Pipelines/DefaultAssetsPipeline.uexp" 327
"../../../Engine/Plugins/Interchange/Runtime/Content/Functions/MX_UsdPreviewSurface.uasset" 328
"../../../Engine/Plugins/Interchange/Runtime/Content/Functions/MX_UsdPreviewSurface.uexp" 329
"../../../Engine/Plugins/Interchange/Runtime/Content/Functions/MX_UniformEDF.uasset" 330
"../../../Engine/Plugins/Interchange/Runtime/Content/Functions/MX_UniformEDF.uexp" 331
"../../../Engine/Plugins/Interchange/Runtime/Content/Functions/MX_TranslucentBSDF.uasset" 332
"../../../Engine/Plugins/Interchange/Runtime/Content/Functions/MX_TranslucentBSDF.uexp" 333
"../../../Engine/Plugins/Interchange/Runtime/Content/Functions/MX_ThinFilmBSDF.uasset" 334
"../../../Engine/Plugins/Interchange/Runtime/Content/Functions/MX_ThinFilmBSDF.uexp" 335
"../../../Engine/Plugins/Interchange/Runtime/Content/Functions/MX_SurfaceUnlit.uasset" 336
"../../../Engine/Plugins/Interchange/Runtime/Content/Functions/MX_SurfaceUnlit.uexp" 337
"../../../Engine/Plugins/Interchange/Runtime/Content/Functions/MX_Surface.uasset" 338
"../../../Engine/Plugins/Interchange/Runtime/Content/Functions/MX_Surface.uexp" 339
"../../../Engine/Plugins/Interchange/Runtime/Content/Functions/MX_SubsurfaceBSDF.uasset" 340
"../../../Engine/Plugins/Interchange/Runtime/Content/Functions/MX_SubsurfaceBSDF.uexp" 341
"../../../Engine/Plugins/Interchange/Runtime/Content/Functions/MX_SheenBSDF.uasset" 342
"../../../Engine/Plugins/Interchange/Runtime/Content/Functions/MX_SheenBSDF.uexp" 343
"../../../Engine/Plugins/Interchange/Runtime/Content/Functions/MX_OrenNayarBSDF.uasset" 344
"../../../Engine/Plugins/Interchange/Runtime/Content/Functions/MX_OrenNayarBSDF.uexp" 345
"../../../Engine/Content/Functions/Engine_MaterialFunctions01/Volumetrics/BeersLaw.uasset" 346
"../../../Engine/Content/Functions/Engine_MaterialFunctions01/Volumetrics/BeersLaw.uexp" 347
"../../../Engine/Content/EngineMaterials/Good64x64TilingNoiseHighFreq.uasset" 348
"../../../Engine/Content/EngineMaterials/Good64x64TilingNoiseHighFreq.uexp" 349
"../../../Engine/Content/Functions/Engine_MaterialFunctions02/Texturing/ScreenAlignedPixelToPixelUVs.uasset" 350
"../../../Engine/Content/Functions/Engine_MaterialFunctions02/Texturing/ScreenAlignedPixelToPixelUVs.uexp" 351
"../../../Engine/Plugins/Interchange/Runtime/Content/gltf/MaterialFunctions/MF_Temporal_Blur.uasset" 352
"../../../Engine/Plugins/Interchange/Runtime/Content/gltf/MaterialFunctions/MF_Temporal_Blur.uexp" 353
"../../../Engine/Plugins/Interchange/Runtime/Content/gltf/MaterialFunctions/MF_Fresnel_DS.uasset" 354
"../../../Engine/Plugins/Interchange/Runtime/Content/gltf/MaterialFunctions/MF_Fresnel_DS.uexp" 355
"../../../Engine/Content/Functions/Engine_MaterialFunctions02/Utility/BreakOutFloat3Components.uasset" 356
"../../../Engine/Content/Functions/Engine_MaterialFunctions02/Utility/BreakOutFloat3Components.uexp" 357
"../../../Engine/Plugins/Interchange/Runtime/Content/Functions/MX_Transmission.uasset" 358
"../../../Engine/Plugins/Interchange/Runtime/Content/Functions/MX_Transmission.uexp" 359
"../../../Engine/Plugins/Interchange/Runtime/Content/Functions/MF_OrenNayerView.uasset" 360
"../../../Engine/Plugins/Interchange/Runtime/Content/Functions/MF_OrenNayerView.uexp" 361
"../../../Engine/Plugins/Interchange/Runtime/Content/Functions/MF_SchlickApprox.uasset" 362
"../../../Engine/Plugins/Interchange/Runtime/Content/Functions/MF_SchlickApprox.uexp" 363
"../../../Engine/Plugins/Interchange/Runtime/Content/Utilities/New_LUT.uasset" 364
"../../../Engine/Plugins/Interchange/Runtime/Content/Utilities/New_LUT.uexp" 365
"../../../Engine/Content/Functions/Engine_MaterialFunctions03/Math/RemapValueRange.uasset" 366
"../../../Engine/Content/Functions/Engine_MaterialFunctions03/Math/RemapValueRange.uexp" 367
"../../../Engine/Plugins/Interchange/Runtime/Content/Functions/MF_Iridescence.uasset" 368
"../../../Engine/Plugins/Interchange/Runtime/Content/Functions/MF_Iridescence.uexp" 369
"../../../Engine/Plugins/Interchange/Runtime/Content/Functions/MX_StandardSurface.uasset" 370
"../../../Engine/Plugins/Interchange/Runtime/Content/Functions/MX_StandardSurface.uexp" 371
"../../../Engine/Plugins/Interchange/Runtime/Content/Functions/MX_TransmissionSurface.uasset" 372
"../../../Engine/Plugins/Interchange/Runtime/Content/Functions/MX_TransmissionSurface.uexp" 373
"../../../Engine/Plugins/Interchange/Runtime/Content/Functions/MX_OpenPBR_Translucent.uasset" 374
"../../../Engine/Plugins/Interchange/Runtime/Content/Functions/MX_OpenPBR_Translucent.uexp" 375
"../../../Engine/Plugins/Interchange/Runtime/Content/Functions/MX_OpenPBR_Opaque.uasset" 376
"../../../Engine/Plugins/Interchange/Runtime/Content/Functions/MX_OpenPBR_Opaque.uexp" 377
"../../../Engine/Plugins/Interchange/Runtime/Content/Functions/MX_MeasuredEDF.uasset" 378
"../../../Engine/Plugins/Interchange/Runtime/Content/Functions/MX_MeasuredEDF.uexp" 379
"../../../Engine/Plugins/Interchange/Runtime/Content/Functions/MX_GeneralizedSchlickBSDF.uasset" 380
"../../../Engine/Plugins/Interchange/Runtime/Content/Functions/MX_GeneralizedSchlickBSDF.uexp" 381
"../../../Engine/Plugins/Interchange/Runtime/Content/Functions/MX_DielectricBSDF.uasset" 382
"../../../Engine/Plugins/Interchange/Runtime/Content/Functions/MX_DielectricBSDF.uexp" 383
"../../../Engine/Plugins/Interchange/Runtime/Content/Functions/MX_ConicalEDF.uasset" 384
"../../../Engine/Plugins/Interchange/Runtime/Content/Functions/MX_ConicalEDF.uexp" 385
"../../../Engine/Plugins/Interchange/Runtime/Content/Functions/MX_ConductorBSDF.uasset" 386
"../../../Engine/Plugins/Interchange/Runtime/Content/Functions/MX_ConductorBSDF.uexp" 387
"../../../Engine/Plugins/Interchange/Runtime/Content/Functions/MX_BurleyDiffuseBSDF.uasset" 388
"../../../Engine/Plugins/Interchange/Runtime/Content/Functions/MX_BurleyDiffuseBSDF.uexp" 389
"../../../Engine/Plugins/Interchange/Runtime/Content/Functions/MX_AnisotropicVDF.uasset" 390
"../../../Engine/Plugins/Interchange/Runtime/Content/Functions/MX_AnisotropicVDF.uexp" 391
"../../../Engine/Plugins/Interchange/Runtime/Content/Functions/MX_AbsorptionVDF.uasset" 392
"../../../Engine/Plugins/Interchange/Runtime/Content/Functions/MX_AbsorptionVDF.uexp" 393
"../../../Engine/Plugins/Editor/SpeedTreeImporter/Content/SpeedTree9/game_wind_noise.ubulk" 394
"../../../Engine/Plugins/Editor/SpeedTreeImporter/Content/SpeedTree9/game_wind_noise.uasset" 395
"../../../Engine/Plugins/Editor/SpeedTreeImporter/Content/SpeedTree9/game_wind_noise.uexp" 396
"../../../Engine/Plugins/Editor/SpeedTreeImporter/Content/SpeedTree9/UnpackDirection.uasset" 397
"../../../Engine/Plugins/Editor/SpeedTreeImporter/Content/SpeedTree9/UnpackDirection.uexp" 398
"../../../Engine/Content/Functions/Engine_MaterialFunctions02/ObjectLocalBounds.uasset" 399
"../../../Engine/Content/Functions/Engine_MaterialFunctions02/ObjectLocalBounds.uexp" 400
"../../../Engine/Content/Functions/Engine_MaterialFunctions02/UVs/BoundingBoxBased_0-1_UVW.uasset" 401
"../../../Engine/Content/Functions/Engine_MaterialFunctions02/UVs/BoundingBoxBased_0-1_UVW.uexp" 402
"../../../Engine/Content/Functions/Engine_MaterialFunctions02/Utility/VectorLength.uasset" 403
"../../../Engine/Content/Functions/Engine_MaterialFunctions02/Utility/VectorLength.uexp" 404
"../../../Engine/Plugins/Editor/SpeedTreeImporter/Content/SpeedTree9/UnpackInteger3.uasset" 405
"../../../Engine/Plugins/Editor/SpeedTreeImporter/Content/SpeedTree9/UnpackInteger3.uexp" 406
"../../../Engine/Plugins/Editor/SpeedTreeImporter/Content/SpeedTree9/SpeedTreeCameraFacing.uasset" 407
"../../../Engine/Plugins/Editor/SpeedTreeImporter/Content/SpeedTree9/SpeedTreeCameraFacing.uexp" 408
"../../../Engine/Content/Functions/Engine_MaterialFunctions02/WorldPositionOffset/ObjectScale.uasset" 409
"../../../Engine/Content/Functions/Engine_MaterialFunctions02/WorldPositionOffset/ObjectScale.uexp" 410
"../../../Engine/Content/Functions/Engine_MaterialFunctions02/SafeNormalize.uasset" 411
"../../../Engine/Content/Functions/Engine_MaterialFunctions02/SafeNormalize.uexp" 412
"../../../Engine/Plugins/Editor/SpeedTreeImporter/Content/SpeedTree9/SpeedTreeWindMotion.uasset" 413
"../../../Engine/Plugins/Editor/SpeedTreeImporter/Content/SpeedTree9/SpeedTreeWindMotion.uexp" 414
"../../../Engine/Plugins/Editor/SpeedTreeImporter/Content/SpeedTree9/SpeedTreeBranchMotion.uasset" 415
"../../../Engine/Plugins/Editor/SpeedTreeImporter/Content/SpeedTree9/SpeedTreeBranchMotion.uexp" 416
"../../../Engine/Plugins/Editor/SpeedTreeImporter/Content/SpeedTree9/SpeedTreeWind.uasset" 417
"../../../Engine/Plugins/Editor/SpeedTreeImporter/Content/SpeedTree9/SpeedTreeWind.uexp" 418
"../../../Engine/Plugins/Editor/SpeedTreeImporter/Content/SpeedTree9/EmptyNormal.uasset" 419
"../../../Engine/Plugins/Editor/SpeedTreeImporter/Content/SpeedTree9/EmptyNormal.uexp" 420
"../../../Engine/Plugins/Editor/SpeedTreeImporter/Content/SpeedTree9/Empty.uasset" 421
"../../../Engine/Plugins/Editor/SpeedTreeImporter/Content/SpeedTree9/Empty.uexp" 422
"../../../Engine/Plugins/Editor/SpeedTreeImporter/Content/SpeedTree9/SpeedTreeMaster.uasset" 423
"../../../Engine/Plugins/Editor/SpeedTreeImporter/Content/SpeedTree9/SpeedTreeMaster.uexp" 424
"../../../Engine/Plugins/Editor/SpeedTreeImporter/Content/SpeedTree9/SpeedTreeBillboard.uasset" 425
"../../../Engine/Plugins/Editor/SpeedTreeImporter/Content/SpeedTree9/SpeedTreeBillboard.uexp" 426
"../../../Engine/Plugins/Editor/SpeedTreeImporter/Content/SpeedTree9/SpeedTreeBillboardMaster.uasset" 427
"../../../Engine/Plugins/Editor/SpeedTreeImporter/Content/SpeedTree9/SpeedTreeBillboardMaster.uexp" 428
"../../../Engine/Plugins/Animation/ControlRig/Content/Controls/DefaultGizmoLibraryNormalized.uasset" 429
"../../../Engine/Plugins/Animation/ControlRig/Content/Controls/DefaultGizmoLibraryNormalized.uexp" 430
"../../../Engine/Plugins/Animation/ControlRig/Content/Controls/ControlRig_Wedge_solid.ubulk" 431
"../../../Engine/Plugins/Animation/ControlRig/Content/Controls/ControlRig_Wedge_solid.uasset" 432
"../../../Engine/Plugins/Animation/ControlRig/Content/Controls/ControlRig_Wedge_solid.uexp" 433
"../../../Engine/Plugins/Animation/ControlRig/Content/Controls/ControlRig_Wedge_3mm.ubulk" 434
"../../../Engine/Plugins/Animation/ControlRig/Content/Controls/ControlRig_Wedge_3mm.uasset" 435
"../../../Engine/Plugins/Animation/ControlRig/Content/Controls/ControlRig_Wedge_3mm.uexp" 436
"../../../Engine/Plugins/Animation/ControlRig/Content/Controls/ControlRig_Wedge_1mm.ubulk" 437
"../../../Engine/Plugins/Animation/ControlRig/Content/Controls/ControlRig_Wedge_1mm.uasset" 438
"../../../Engine/Plugins/Animation/ControlRig/Content/Controls/ControlRig_Wedge_1mm.uexp" 439
"../../../Engine/Plugins/Animation/ControlRig/Content/Controls/ControlRig_Triangle_solid.ubulk" 440
"../../../Engine/Plugins/Animation/ControlRig/Content/Controls/ControlRig_Triangle_solid.uasset" 441
"../../../Engine/Plugins/Animation/ControlRig/Content/Controls/ControlRig_Triangle_solid.uexp" 442
"../../../Engine/Plugins/Animation/ControlRig/Content/Controls/ControlRig_Triangle_3mm.ubulk" 443
"../../../Engine/Plugins/Animation/ControlRig/Content/Controls/ControlRig_Triangle_3mm.uasset" 444
"../../../Engine/Plugins/Animation/ControlRig/Content/Controls/ControlRig_Triangle_3mm.uexp" 445
"../../../Engine/Plugins/Animation/ControlRig/Content/Controls/ControlRig_Triangle_1mm.ubulk" 446
"../../../Engine/Plugins/Animation/ControlRig/Content/Controls/ControlRig_Triangle_1mm.uasset" 447
"../../../Engine/Plugins/Animation/ControlRig/Content/Controls/ControlRig_Triangle_1mm.uexp" 448
"../../../Engine/Plugins/Animation/ControlRig/Content/Controls/ControlRig_Star4_solid.ubulk" 449
"../../../Engine/Plugins/Animation/ControlRig/Content/Controls/ControlRig_Star4_solid.uasset" 450
"../../../Engine/Plugins/Animation/ControlRig/Content/Controls/ControlRig_Star4_solid.uexp" 451
"../../../Engine/Plugins/Animation/ControlRig/Content/Controls/ControlRig_Star4_3mm.ubulk" 452
"../../../Engine/Plugins/Animation/ControlRig/Content/Controls/ControlRig_Star4_3mm.uasset" 453
"../../../Engine/Plugins/Animation/ControlRig/Content/Controls/ControlRig_Star4_3mm.uexp" 454
"../../../Engine/Plugins/Animation/ControlRig/Content/Controls/ControlRig_Star4_1mm.ubulk" 455
"../../../Engine/Plugins/Animation/ControlRig/Content/Controls/ControlRig_Star4_1mm.uasset" 456
"../../../Engine/Plugins/Animation/ControlRig/Content/Controls/ControlRig_Star4_1mm.uexp" 457
"../../../Engine/Plugins/Animation/ControlRig/Content/Controls/ControlRig_Square_solid.ubulk" 458
"../../../Engine/Plugins/Animation/ControlRig/Content/Controls/ControlRig_Square_solid.uasset" 459
"../../../Engine/Plugins/Animation/ControlRig/Content/Controls/ControlRig_Square_solid.uexp" 460
"../../../Engine/Plugins/Animation/ControlRig/Content/Controls/ControlRig_Square_3mm.ubulk" 461
"../../../Engine/Plugins/Animation/ControlRig/Content/Controls/ControlRig_Square_3mm.uasset" 462
"../../../Engine/Plugins/Animation/ControlRig/Content/Controls/ControlRig_Square_3mm.uexp" 463
"../../../Engine/Plugins/Animation/ControlRig/Content/Controls/ControlRig_Square_1mm.ubulk" 464
"../../../Engine/Plugins/Animation/ControlRig/Content/Controls/ControlRig_Square_1mm.uasset" 465
"../../../Engine/Plugins/Animation/ControlRig/Content/Controls/ControlRig_Square_1mm.uexp" 466
"../../../Engine/Plugins/Animation/ControlRig/Content/Controls/ControlRig_Sphere_solid.ubulk" 467
"../../../Engine/Plugins/Animation/ControlRig/Content/Controls/ControlRig_Sphere_solid.uasset" 468
"../../../Engine/Plugins/Animation/ControlRig/Content/Controls/ControlRig_Sphere_solid.uexp" 469
"../../../Engine/Plugins/Animation/ControlRig/Content/Controls/ControlRig_Sphere_3mm.ubulk" 470
"../../../Engine/Plugins/Animation/ControlRig/Content/Controls/ControlRig_Sphere_3mm.uasset" 471
"../../../Engine/Plugins/Animation/ControlRig/Content/Controls/ControlRig_Sphere_3mm.uexp" 472
"../../../Engine/Plugins/Animation/ControlRig/Content/Controls/ControlRig_Sphere_1mm.ubulk" 473
"../../../Engine/Plugins/Animation/ControlRig/Content/Controls/ControlRig_Sphere_1mm.uasset" 474
"../../../Engine/Plugins/Animation/ControlRig/Content/Controls/ControlRig_Sphere_1mm.uexp" 475
"../../../Engine/Plugins/Animation/ControlRig/Content/Controls/ControlRig_RoundedTriangle_solid.ubulk" 476
"../../../Engine/Plugins/Animation/ControlRig/Content/Controls/ControlRig_RoundedTriangle_solid.uasset" 477
"../../../Engine/Plugins/Animation/ControlRig/Content/Controls/ControlRig_RoundedTriangle_solid.uexp" 478
"../../../Engine/Plugins/Animation/ControlRig/Content/Controls/ControlRig_RoundedTriangle_3mm.ubulk" 479
"../../../Engine/Plugins/Animation/ControlRig/Content/Controls/ControlRig_RoundedTriangle_3mm.uasset" 480
"../../../Engine/Plugins/Animation/ControlRig/Content/Controls/ControlRig_RoundedTriangle_3mm.uexp" 481
"../../../Engine/Plugins/Animation/ControlRig/Content/Controls/ControlRig_RoundedTriangle_1mm.ubulk" 482
"../../../Engine/Plugins/Animation/ControlRig/Content/Controls/ControlRig_RoundedTriangle_1mm.uasset" 483
"../../../Engine/Plugins/Animation/ControlRig/Content/Controls/ControlRig_RoundedTriangle_1mm.uexp" 484
"../../../Engine/Plugins/Animation/ControlRig/Content/Controls/ControlRig_RoundedSquare_solid.ubulk" 485
"../../../Engine/Plugins/Animation/ControlRig/Content/Controls/ControlRig_RoundedSquare_solid.uasset" 486
"../../../Engine/Plugins/Animation/ControlRig/Content/Controls/ControlRig_RoundedSquare_solid.uexp" 487
"../../../Engine/Plugins/Animation/ControlRig/Content/Controls/ControlRig_RoundedSquare_3mm.ubulk" 488
"../../../Engine/Plugins/Animation/ControlRig/Content/Controls/ControlRig_RoundedSquare_3mm.uasset" 489
"../../../Engine/Plugins/Animation/ControlRig/Content/Controls/ControlRig_RoundedSquare_3mm.uexp" 490
"../../../Engine/Plugins/Animation/ControlRig/Content/Controls/ControlRig_RoundedSquare_1mm.ubulk" 491
"../../../Engine/Plugins/Animation/ControlRig/Content/Controls/ControlRig_RoundedSquare_1mm.uasset" 492
"../../../Engine/Plugins/Animation/ControlRig/Content/Controls/ControlRig_RoundedSquare_1mm.uexp" 493
"../../../Engine/Plugins/Animation/ControlRig/Content/Controls/ControlRig_QuarterCircle_solid.ubulk" 494
"../../../Engine/Plugins/Animation/ControlRig/Content/Controls/ControlRig_QuarterCircle_solid.uasset" 495
"../../../Engine/Plugins/Animation/ControlRig/Content/Controls/ControlRig_QuarterCircle_solid.uexp" 496
"../../../Engine/Plugins/Animation/ControlRig/Content/Controls/ControlRig_QuarterCircle_3mm.ubulk" 497
"../../../Engine/Plugins/Animation/ControlRig/Content/Controls/ControlRig_QuarterCircle_3mm.uasset" 498
"../../../Engine/Plugins/Animation/ControlRig/Content/Controls/ControlRig_QuarterCircle_3mm.uexp" 499
"../../../Engine/Plugins/Animation/ControlRig/Content/Controls/ControlRig_QuarterCircle_1mm.ubulk" 500
"../../../Engine/Plugins/Animation/ControlRig/Content/Controls/ControlRig_QuarterCircle_1mm.uasset" 501
"../../../Engine/Plugins/Animation/ControlRig/Content/Controls/ControlRig_QuarterCircle_1mm.uexp" 502
"../../../Engine/Plugins/Animation/ControlRig/Content/Controls/ControlRig_Pyramid_solid.ubulk" 503
"../../../Engine/Plugins/Animation/ControlRig/Content/Controls/ControlRig_Pyramid_solid.uasset" 504
"../../../Engine/Plugins/Animation/ControlRig/Content/Controls/ControlRig_Pyramid_solid.uexp" 505
"../../../Engine/Plugins/Animation/ControlRig/Content/Controls/ControlRig_Pyramid_3mm.ubulk" 506
"../../../Engine/Plugins/Animation/ControlRig/Content/Controls/ControlRig_Pyramid_3mm.uasset" 507
"../../../Engine/Plugins/Animation/ControlRig/Content/Controls/ControlRig_Pyramid_3mm.uexp" 508
"../../../Engine/Plugins/Animation/ControlRig/Content/Controls/ControlRig_Pyramid_1mm.ubulk" 509
"../../../Engine/Plugins/Animation/ControlRig/Content/Controls/ControlRig_Pyramid_1mm.uasset" 510
"../../../Engine/Plugins/Animation/ControlRig/Content/Controls/ControlRig_Pyramid_1mm.uexp" 511
"../../../Engine/Plugins/Animation/ControlRig/Content/Controls/ControlRig_Octagon_solid.ubulk" 512
"../../../Engine/Plugins/Animation/ControlRig/Content/Controls/ControlRig_Octagon_solid.uasset" 513
"../../../Engine/Plugins/Animation/ControlRig/Content/Controls/ControlRig_Octagon_solid.uexp" 514
"../../../Engine/Plugins/Animation/ControlRig/Content/Controls/ControlRig_Octagon_3mm.ubulk" 515
"../../../Engine/Plugins/Animation/ControlRig/Content/Controls/ControlRig_Octagon_3mm.uasset" 516
"../../../Engine/Plugins/Animation/ControlRig/Content/Controls/ControlRig_Octagon_3mm.uexp" 517
"../../../Engine/Plugins/Animation/ControlRig/Content/Controls/ControlRig_Octagon_1mm.ubulk" 518
"../../../Engine/Plugins/Animation/ControlRig/Content/Controls/ControlRig_Octagon_1mm.uasset" 519
"../../../Engine/Plugins/Animation/ControlRig/Content/Controls/ControlRig_Octagon_1mm.uexp" 520
"../../../Engine/Plugins/Animation/ControlRig/Content/Controls/ControlRig_Hexagon_solid.ubulk" 521
"../../../Engine/Plugins/Animation/ControlRig/Content/Controls/ControlRig_Hexagon_solid.uasset" 522
"../../../Engine/Plugins/Animation/ControlRig/Content/Controls/ControlRig_Hexagon_solid.uexp" 523
"../../../Engine/Plugins/Animation/ControlRig/Content/Controls/ControlRig_Hexagon_3mm.ubulk" 524
"../../../Engine/Plugins/Animation/ControlRig/Content/Controls/ControlRig_Hexagon_3mm.uasset" 525
"../../../Engine/Plugins/Animation/ControlRig/Content/Controls/ControlRig_Hexagon_3mm.uexp" 526
"../../../Engine/Plugins/Animation/ControlRig/Content/Controls/ControlRig_Hexagon_1mm.ubulk" 527
"../../../Engine/Plugins/Animation/ControlRig/Content/Controls/ControlRig_Hexagon_1mm.uasset" 528
"../../../Engine/Plugins/Animation/ControlRig/Content/Controls/ControlRig_Hexagon_1mm.uexp" 529
"../../../Engine/Plugins/Animation/ControlRig/Content/Controls/ControlRig_HalfCircle_solid.ubulk" 530
"../../../Engine/Plugins/Animation/ControlRig/Content/Controls/ControlRig_HalfCircle_solid.uasset" 531
"../../../Engine/Plugins/Animation/ControlRig/Content/Controls/ControlRig_HalfCircle_solid.uexp" 532
"../../../Engine/Plugins/Animation/ControlRig/Content/Controls/ControlRig_HalfCircle_3mm.ubulk" 533
"../../../Engine/Plugins/Animation/ControlRig/Content/Controls/ControlRig_HalfCircle_3mm.uasset" 534
"../../../Engine/Plugins/Animation/ControlRig/Content/Controls/ControlRig_HalfCircle_3mm.uexp" 535
"../../../Engine/Plugins/Animation/ControlRig/Content/Controls/ControlRig_HalfCircle_1mm.ubulk" 536
"../../../Engine/Plugins/Animation/ControlRig/Content/Controls/ControlRig_HalfCircle_1mm.uasset" 537
"../../../Engine/Plugins/Animation/ControlRig/Content/Controls/ControlRig_HalfCircle_1mm.uexp" 538
"../../../Engine/Plugins/Animation/ControlRig/Content/Controls/ControlRig_Diamond_solid.ubulk" 539
"../../../Engine/Plugins/Animation/ControlRig/Content/Controls/ControlRig_Diamond_solid.uasset" 540
"../../../Engine/Plugins/Animation/ControlRig/Content/Controls/ControlRig_Diamond_solid.uexp" 541
"../../../Engine/Plugins/Animation/ControlRig/Content/Controls/ControlRig_Diamond_3mm.ubulk" 542
"../../../Engine/Plugins/Animation/ControlRig/Content/Controls/ControlRig_Diamond_3mm.uasset" 543
"../../../Engine/Plugins/Animation/ControlRig/Content/Controls/ControlRig_Diamond_3mm.uexp" 544
"../../../Engine/Plugins/Animation/ControlRig/Content/Controls/ControlRig_Diamond_1mm.ubulk" 545
"../../../Engine/Plugins/Animation/ControlRig/Content/Controls/ControlRig_Diamond_1mm.uasset" 546
"../../../Engine/Plugins/Animation/ControlRig/Content/Controls/ControlRig_Diamond_1mm.uexp" 547
"../../../Engine/Plugins/Animation/ControlRig/Content/Controls/ControlRig_Circle_solid.ubulk" 548
"../../../Engine/Plugins/Animation/ControlRig/Content/Controls/ControlRig_Circle_solid.uasset" 549
"../../../Engine/Plugins/Animation/ControlRig/Content/Controls/ControlRig_Circle_solid.uexp" 550
"../../../Engine/Plugins/Animation/ControlRig/Content/Controls/ControlRig_Circle_3mm.ubulk" 551
"../../../Engine/Plugins/Animation/ControlRig/Content/Controls/ControlRig_Circle_3mm.uasset" 552
"../../../Engine/Plugins/Animation/ControlRig/Content/Controls/ControlRig_Circle_3mm.uexp" 553
"../../../Engine/Plugins/Animation/ControlRig/Content/Controls/ControlRig_Circle_1mm.ubulk" 554
"../../../Engine/Plugins/Animation/ControlRig/Content/Controls/ControlRig_Circle_1mm.uasset" 555
"../../../Engine/Plugins/Animation/ControlRig/Content/Controls/ControlRig_Circle_1mm.uexp" 556
"../../../Engine/Plugins/Animation/ControlRig/Content/Controls/ControlRig_Box_solid.ubulk" 557
"../../../Engine/Plugins/Animation/ControlRig/Content/Controls/ControlRig_Box_solid.uasset" 558
"../../../Engine/Plugins/Animation/ControlRig/Content/Controls/ControlRig_Box_solid.uexp" 559
"../../../Engine/Plugins/Animation/ControlRig/Content/Controls/ControlRig_Box_3mm.ubulk" 560
"../../../Engine/Plugins/Animation/ControlRig/Content/Controls/ControlRig_Box_3mm.uasset" 561
"../../../Engine/Plugins/Animation/ControlRig/Content/Controls/ControlRig_Box_3mm.uexp" 562
"../../../Engine/Plugins/Animation/ControlRig/Content/Controls/ControlRig_Box_1mm.ubulk" 563
"../../../Engine/Plugins/Animation/ControlRig/Content/Controls/ControlRig_Box_1mm.uasset" 564
"../../../Engine/Plugins/Animation/ControlRig/Content/Controls/ControlRig_Box_1mm.uexp" 565
"../../../Engine/Plugins/Animation/ControlRig/Content/Controls/ControlRig_Arrow_solid.ubulk" 566
"../../../Engine/Plugins/Animation/ControlRig/Content/Controls/ControlRig_Arrow_solid.uasset" 567
"../../../Engine/Plugins/Animation/ControlRig/Content/Controls/ControlRig_Arrow_solid.uexp" 568
"../../../Engine/Plugins/Animation/ControlRig/Content/Controls/ControlRig_Arrow_3mm.ubulk" 569
"../../../Engine/Plugins/Animation/ControlRig/Content/Controls/ControlRig_Arrow_3mm.uasset" 570
"../../../Engine/Plugins/Animation/ControlRig/Content/Controls/ControlRig_Arrow_3mm.uexp" 571
"../../../Engine/Plugins/Animation/ControlRig/Content/Controls/ControlRig_Arrow_1mm.ubulk" 572
"../../../Engine/Plugins/Animation/ControlRig/Content/Controls/ControlRig_Arrow_1mm.uasset" 573
"../../../Engine/Plugins/Animation/ControlRig/Content/Controls/ControlRig_Arrow_1mm.uexp" 574
"../../../Engine/Plugins/Animation/ControlRig/Content/Controls/ControlRig_Arrow4_solid.ubulk" 575
"../../../Engine/Plugins/Animation/ControlRig/Content/Controls/ControlRig_Arrow4_solid.uasset" 576
"../../../Engine/Plugins/Animation/ControlRig/Content/Controls/ControlRig_Arrow4_solid.uexp" 577
"../../../Engine/Plugins/Animation/ControlRig/Content/Controls/ControlRig_Arrow4_3mm.ubulk" 578
"../../../Engine/Plugins/Animation/ControlRig/Content/Controls/ControlRig_Arrow4_3mm.uasset" 579
"../../../Engine/Plugins/Animation/ControlRig/Content/Controls/ControlRig_Arrow4_3mm.uexp" 580
"../../../Engine/Plugins/Animation/ControlRig/Content/Controls/ControlRig_Arrow4_1mm.ubulk" 581
"../../../Engine/Plugins/Animation/ControlRig/Content/Controls/ControlRig_Arrow4_1mm.uasset" 582
"../../../Engine/Plugins/Animation/ControlRig/Content/Controls/ControlRig_Arrow4_1mm.uexp" 583
"../../../Engine/Plugins/Animation/ControlRig/Content/Controls/ControlRig_Arrow2_solid.ubulk" 584
"../../../Engine/Plugins/Animation/ControlRig/Content/Controls/ControlRig_Arrow2_solid.uasset" 585
"../../../Engine/Plugins/Animation/ControlRig/Content/Controls/ControlRig_Arrow2_solid.uexp" 586
"../../../Engine/Plugins/Animation/ControlRig/Content/Controls/ControlRig_Arrow2_3mm.ubulk" 587
"../../../Engine/Plugins/Animation/ControlRig/Content/Controls/ControlRig_Arrow2_3mm.uasset" 588
"../../../Engine/Plugins/Animation/ControlRig/Content/Controls/ControlRig_Arrow2_3mm.uexp" 589
"../../../Engine/Plugins/Animation/ControlRig/Content/Controls/ControlRig_Arrow2_1mm.ubulk" 590
"../../../Engine/Plugins/Animation/ControlRig/Content/Controls/ControlRig_Arrow2_1mm.uasset" 591
"../../../Engine/Plugins/Animation/ControlRig/Content/Controls/ControlRig_Arrow2_1mm.uexp" 592
"../../../Engine/Plugins/Animation/ControlRig/Content/Controls/ControlRigXRayMaterial.uasset" 593
"../../../Engine/Plugins/Animation/ControlRig/Content/Controls/ControlRigXRayMaterial.uexp" 594
"../../../Engine/Plugins/Animation/ControlRig/Content/Controls/ControlRigGizmoMaterial.uasset" 595
"../../../Engine/Plugins/Animation/ControlRig/Content/Controls/ControlRigGizmoMaterial.uexp" 596
"../../../Engine/Content/VREditor/TransformGizmo/StartRotationHandleIndicator.ubulk" 597
"../../../Engine/Content/VREditor/TransformGizmo/StartRotationHandleIndicator.uasset" 598
"../../../Engine/Content/VREditor/TransformGizmo/StartRotationHandleIndicator.uexp" 599
"../../../Engine/Content/VREditor/Sounds/UI/Drop_Item_From_ContentBrowser.ubulk" 600
"../../../Engine/Content/VREditor/Sounds/UI/Drop_Item_From_ContentBrowser.uasset" 601
"../../../Engine/Content/VREditor/Sounds/UI/Drop_Item_From_ContentBrowser.uexp" 602
"../../../Engine/Content/VREditor/TransformGizmo/PlaneTranslationHandle.ubulk" 603
"../../../Engine/Content/VREditor/TransformGizmo/PlaneTranslationHandle.uasset" 604
"../../../Engine/Content/VREditor/TransformGizmo/PlaneTranslationHandle.uexp" 605
"../../../Engine/Content/VREditor/Sounds/UI/Object_Snaps_To_Grid.ubulk" 606
"../../../Engine/Content/VREditor/Sounds/UI/Object_Snaps_To_Grid.uasset" 607
"../../../Engine/Content/VREditor/Sounds/UI/Object_Snaps_To_Grid.uexp" 608
"../../../Engine/Content/VREditor/Sounds/UI/Selection_Changes.ubulk" 609
"../../../Engine/Content/VREditor/Sounds/UI/Selection_Changes.uasset" 610
"../../../Engine/Content/VREditor/Sounds/UI/Selection_Changes.uexp" 611
"../../../Engine/Content/VREditor/Sounds/UI/Object_Snaps_To_Another_Actor.ubulk" 612
"../../../Engine/Content/VREditor/Sounds/UI/Object_Snaps_To_Another_Actor.uasset" 613
"../../../Engine/Content/VREditor/Sounds/UI/Object_Snaps_To_Another_Actor.uexp" 614
"../../../Engine/Content/VREditor/TransformGizmo/TranslucentTransformGizmoMaterial_Inst.uasset" 615
"../../../Engine/Content/VREditor/TransformGizmo/TranslucentTransformGizmoMaterial_Inst.uexp" 616
"../../../Engine/Content/VREditor/TransformGizmo/TransformGizmoFreeRotation.ubulk" 617
"../../../Engine/Content/VREditor/TransformGizmo/TransformGizmoFreeRotation.uasset" 618
"../../../Engine/Content/VREditor/TransformGizmo/TransformGizmoFreeRotation.uexp" 619
"../../../Engine/Content/VREditor/Sounds/UI/Scaling_Down.ubulk" 620
"../../../Engine/Content/VREditor/Sounds/UI/Scaling_Down.uasset" 621
"../../../Engine/Content/VREditor/Sounds/UI/Scaling_Down.uexp" 622
"../../../Engine/Content/Functions/Engine_MaterialFunctions02/Math/Transform3x3Matrix.uasset" 623
"../../../Engine/Content/Functions/Engine_MaterialFunctions02/Math/Transform3x3Matrix.uexp" 624
"../../../Engine/Content/Functions/Engine_MaterialFunctions02/SplitComponents.uasset" 625
"../../../Engine/Content/Functions/Engine_MaterialFunctions02/SplitComponents.uexp" 626
"../../../Engine/Content/Functions/Engine_MaterialFunctions02/Utility/MakeFloat3.uasset" 627
"../../../Engine/Content/Functions/Engine_MaterialFunctions02/Utility/MakeFloat3.uexp" 628
"../../../Engine/Content/VREditor/SnapGrid/SnapGridMaterial.uasset" 629
"../../../Engine/Content/VREditor/SnapGrid/SnapGridMaterial.uexp" 630
"../../../Engine/Content/VREditor/SnapGrid/SnapGridPlaneMesh.ubulk" 631
"../../../Engine/Content/VREditor/SnapGrid/SnapGridPlaneMesh.uasset" 632
"../../../Engine/Content/VREditor/SnapGrid/SnapGridPlaneMesh.uexp" 633
"../../../Engine/Content/VREditor/Sounds/UI/Scaling_Up.ubulk" 634
"../../../Engine/Content/VREditor/Sounds/UI/Scaling_Up.uasset" 635
"../../../Engine/Content/VREditor/Sounds/UI/Scaling_Up.uexp" 636
"../../../Engine/Content/VREditor/TransformGizmo/TransformGizmoMaterial_Inst.uasset" 637
"../../../Engine/Content/VREditor/TransformGizmo/TransformGizmoMaterial_Inst.uexp" 638
"../../../Engine/Content/VREditor/Sounds/UI/Gizmo_Handle_Clicked.ubulk" 639
"../../../Engine/Content/VREditor/Sounds/UI/Gizmo_Handle_Clicked.uasset" 640
"../../../Engine/Content/VREditor/Sounds/UI/Gizmo_Handle_Clicked.uexp" 641
"../../../Engine/Content/VREditor/TransformGizmo/RotationHandleQuarter.ubulk" 642
"../../../Engine/Content/VREditor/TransformGizmo/RotationHandleQuarter.uasset" 643
"../../../Engine/Content/VREditor/TransformGizmo/RotationHandleQuarter.uexp" 644
"../../../Engine/Content/VREditor/TransformGizmo/TranslateArrowHandle.ubulk" 645
"../../../Engine/Content/VREditor/TransformGizmo/TranslateArrowHandle.uasset" 646
"../../../Engine/Content/VREditor/TransformGizmo/TranslateArrowHandle.uexp" 647
"../../../Engine/Content/VREditor/TransformGizmo/RotationHandleIndicator.ubulk" 648
"../../../Engine/Content/VREditor/TransformGizmo/RotationHandleIndicator.uasset" 649
"../../../Engine/Content/VREditor/TransformGizmo/RotationHandleIndicator.uexp" 650
"../../../Engine/Content/VREditor/TransformGizmo/UniformScaleHandle.ubulk" 651
"../../../Engine/Content/VREditor/TransformGizmo/UniformScaleHandle.uasset" 652
"../../../Engine/Content/VREditor/TransformGizmo/UniformScaleHandle.uexp" 653
"../../../Engine/Content/VREditor/TransformGizmo/RotationHandleFull.ubulk" 654
"../../../Engine/Content/VREditor/TransformGizmo/RotationHandleFull.uasset" 655
"../../../Engine/Content/VREditor/TransformGizmo/RotationHandleFull.uexp" 656
"../../../Engine/Content/VREditor/Sounds/UI/Object_PickUp.ubulk" 657
"../../../Engine/Content/VREditor/Sounds/UI/Object_PickUp.uasset" 658
"../../../Engine/Content/VREditor/Sounds/UI/Object_PickUp.uexp" 659
"../../../Engine/Content/EngineSounds/Master.uasset" 660
"../../../Engine/Content/EngineSounds/Master.uexp" 661
"C:/Users/inesc/Documents/GitHub/LevelDesing/MyProject 5.4/Content/StarterContent/Materials/M_Basic_Wall.uasset" 662
"C:/Users/inesc/Documents/GitHub/LevelDesing/MyProject 5.4/Content/StarterContent/Materials/M_Basic_Wall.uexp" 663
"C:/Users/inesc/Documents/GitHub/LevelDesing/MyProject 5.4/Content/StarterContent/Shapes/Shape_WideCapsule.ubulk" 664
"C:/Users/inesc/Documents/GitHub/LevelDesing/MyProject 5.4/Content/StarterContent/Shapes/Shape_WideCapsule.uasset" 665
"C:/Users/inesc/Documents/GitHub/LevelDesing/MyProject 5.4/Content/StarterContent/Shapes/Shape_WideCapsule.uexp" 666
"C:/Users/inesc/Documents/GitHub/LevelDesing/MyProject 5.4/Content/StarterContent/Shapes/Shape_Wedge_B.ubulk" 667
"C:/Users/inesc/Documents/GitHub/LevelDesing/MyProject 5.4/Content/StarterContent/Shapes/Shape_Wedge_B.uasset" 668
"C:/Users/inesc/Documents/GitHub/LevelDesing/MyProject 5.4/Content/StarterContent/Shapes/Shape_Wedge_B.uexp" 669
"C:/Users/inesc/Documents/GitHub/LevelDesing/MyProject 5.4/Content/StarterContent/Shapes/Shape_Wedge_A.ubulk" 670
"C:/Users/inesc/Documents/GitHub/LevelDesing/MyProject 5.4/Content/StarterContent/Shapes/Shape_Wedge_A.uasset" 671
"C:/Users/inesc/Documents/GitHub/LevelDesing/MyProject 5.4/Content/StarterContent/Shapes/Shape_Wedge_A.uexp" 672
"C:/Users/inesc/Documents/GitHub/LevelDesing/MyProject 5.4/Content/StarterContent/Shapes/Shape_Tube.ubulk" 673
"C:/Users/inesc/Documents/GitHub/LevelDesing/MyProject 5.4/Content/StarterContent/Shapes/Shape_Tube.uasset" 674
"C:/Users/inesc/Documents/GitHub/LevelDesing/MyProject 5.4/Content/StarterContent/Shapes/Shape_Tube.uexp" 675
"C:/Users/inesc/Documents/GitHub/LevelDesing/MyProject 5.4/Content/StarterContent/Shapes/Shape_TriPyramid.ubulk" 676
"C:/Users/inesc/Documents/GitHub/LevelDesing/MyProject 5.4/Content/StarterContent/Shapes/Shape_TriPyramid.uasset" 677
"C:/Users/inesc/Documents/GitHub/LevelDesing/MyProject 5.4/Content/StarterContent/Shapes/Shape_TriPyramid.uexp" 678
"C:/Users/inesc/Documents/GitHub/LevelDesing/MyProject 5.4/Content/StarterContent/Shapes/Shape_Trim_90_Out.ubulk" 679
"C:/Users/inesc/Documents/GitHub/LevelDesing/MyProject 5.4/Content/StarterContent/Shapes/Shape_Trim_90_Out.uasset" 680
"C:/Users/inesc/Documents/GitHub/LevelDesing/MyProject 5.4/Content/StarterContent/Shapes/Shape_Trim_90_Out.uexp" 681
"C:/Users/inesc/Documents/GitHub/LevelDesing/MyProject 5.4/Content/StarterContent/Shapes/Shape_Trim_90_In.ubulk" 682
"C:/Users/inesc/Documents/GitHub/LevelDesing/MyProject 5.4/Content/StarterContent/Shapes/Shape_Trim_90_In.uasset" 683
"C:/Users/inesc/Documents/GitHub/LevelDesing/MyProject 5.4/Content/StarterContent/Shapes/Shape_Trim_90_In.uexp" 684
"C:/Users/inesc/Documents/GitHub/LevelDesing/MyProject 5.4/Content/StarterContent/Shapes/Shape_Trim.ubulk" 685
"C:/Users/inesc/Documents/GitHub/LevelDesing/MyProject 5.4/Content/StarterContent/Shapes/Shape_Trim.uasset" 686
"C:/Users/inesc/Documents/GitHub/LevelDesing/MyProject 5.4/Content/StarterContent/Shapes/Shape_Trim.uexp" 687
"C:/Users/inesc/Documents/GitHub/LevelDesing/MyProject 5.4/Content/StarterContent/Shapes/Shape_Torus.ubulk" 688
"C:/Users/inesc/Documents/GitHub/LevelDesing/MyProject 5.4/Content/StarterContent/Shapes/Shape_Torus.uasset" 689
"C:/Users/inesc/Documents/GitHub/LevelDesing/MyProject 5.4/Content/StarterContent/Shapes/Shape_Torus.uexp" 690
"C:/Users/inesc/Documents/GitHub/LevelDesing/MyProject 5.4/Content/StarterContent/Shapes/Shape_Plane.ubulk" 691
"C:/Users/inesc/Documents/GitHub/LevelDesing/MyProject 5.4/Content/StarterContent/Shapes/Shape_Plane.uasset" 692
"C:/Users/inesc/Documents/GitHub/LevelDesing/MyProject 5.4/Content/StarterContent/Shapes/Shape_Plane.uexp" 693
"C:/Users/inesc/Documents/GitHub/LevelDesing/MyProject 5.4/Content/StarterContent/Shapes/Shape_Pipe_90.ubulk" 694
"C:/Users/inesc/Documents/GitHub/LevelDesing/MyProject 5.4/Content/StarterContent/Shapes/Shape_Pipe_90.uasset" 695
"C:/Users/inesc/Documents/GitHub/LevelDesing/MyProject 5.4/Content/StarterContent/Shapes/Shape_Pipe_90.uexp" 696
"C:/Users/inesc/Documents/GitHub/LevelDesing/MyProject 5.4/Content/StarterContent/Shapes/Shape_Pipe_180.ubulk" 697
"C:/Users/inesc/Documents/GitHub/LevelDesing/MyProject 5.4/Content/StarterContent/Shapes/Shape_Pipe_180.uasset" 698
"C:/Users/inesc/Documents/GitHub/LevelDesing/MyProject 5.4/Content/StarterContent/Shapes/Shape_Pipe_180.uexp" 699
"C:/Users/inesc/Documents/GitHub/LevelDesing/MyProject 5.4/Content/StarterContent/Shapes/Shape_Pipe.ubulk" 700
"C:/Users/inesc/Documents/GitHub/LevelDesing/MyProject 5.4/Content/StarterContent/Shapes/Shape_Pipe.uasset" 701
"C:/Users/inesc/Documents/GitHub/LevelDesing/MyProject 5.4/Content/StarterContent/Shapes/Shape_Pipe.uexp" 702
"C:/Users/inesc/Documents/GitHub/LevelDesing/MyProject 5.4/Content/StarterContent/Shapes/Shape_NarrowCapsule.ubulk" 703
"C:/Users/inesc/Documents/GitHub/LevelDesing/MyProject 5.4/Content/StarterContent/Shapes/Shape_NarrowCapsule.uasset" 704
"C:/Users/inesc/Documents/GitHub/LevelDesing/MyProject 5.4/Content/StarterContent/Shapes/Shape_NarrowCapsule.uexp" 705
"C:/Users/inesc/Documents/GitHub/LevelDesing/MyProject 5.4/Content/StarterContent/Shapes/Shape_Cylinder.ubulk" 706
"C:/Users/inesc/Documents/GitHub/LevelDesing/MyProject 5.4/Content/StarterContent/Shapes/Shape_Cylinder.uasset" 707
"C:/Users/inesc/Documents/GitHub/LevelDesing/MyProject 5.4/Content/StarterContent/Shapes/Shape_Cylinder.uexp" 708
"C:/Users/inesc/Documents/GitHub/LevelDesing/MyProject 5.4/Content/StarterContent/Shapes/Shape_Cone.ubulk" 709
"C:/Users/inesc/Documents/GitHub/LevelDesing/MyProject 5.4/Content/StarterContent/Shapes/Shape_Cone.uasset" 710
"C:/Users/inesc/Documents/GitHub/LevelDesing/MyProject 5.4/Content/StarterContent/Shapes/Shape_Cone.uexp" 711
"C:/Users/inesc/Documents/GitHub/LevelDesing/MyProject 5.4/Content/StarterContent/Materials/M_Basic_Floor.uasset" 712
"C:/Users/inesc/Documents/GitHub/LevelDesing/MyProject 5.4/Content/StarterContent/Materials/M_Basic_Floor.uexp" 713
"C:/Users/inesc/Documents/GitHub/LevelDesing/MyProject 5.4/Content/StarterContent/Props/SM_Stairs.ubulk" 714
"C:/Users/inesc/Documents/GitHub/LevelDesing/MyProject 5.4/Content/StarterContent/Props/SM_Stairs.uasset" 715
"C:/Users/inesc/Documents/GitHub/LevelDesing/MyProject 5.4/Content/StarterContent/Props/SM_Stairs.uexp" 716
"C:/Users/inesc/Documents/GitHub/LevelDesing/MyProject 5.4/Content/StarterContent/Textures/T_Shelf_N.ubulk" 717
"C:/Users/inesc/Documents/GitHub/LevelDesing/MyProject 5.4/Content/StarterContent/Textures/T_Shelf_N.uasset" 718
"C:/Users/inesc/Documents/GitHub/LevelDesing/MyProject 5.4/Content/StarterContent/Textures/T_Shelf_N.uexp" 719
"C:/Users/inesc/Documents/GitHub/LevelDesing/MyProject 5.4/Content/StarterContent/Textures/T_Shelf_M.ubulk" 720
"C:/Users/inesc/Documents/GitHub/LevelDesing/MyProject 5.4/Content/StarterContent/Textures/T_Shelf_M.uasset" 721
"C:/Users/inesc/Documents/GitHub/LevelDesing/MyProject 5.4/Content/StarterContent/Textures/T_Shelf_M.uexp" 722
"C:/Users/inesc/Documents/GitHub/LevelDesing/MyProject 5.4/Content/StarterContent/Props/Materials/M_Shelf.uasset" 723
"C:/Users/inesc/Documents/GitHub/LevelDesing/MyProject 5.4/Content/StarterContent/Props/Materials/M_Shelf.uexp" 724
"C:/Users/inesc/Documents/GitHub/LevelDesing/MyProject 5.4/Content/StarterContent/Props/SM_Shelf.ubulk" 725
"C:/Users/inesc/Documents/GitHub/LevelDesing/MyProject 5.4/Content/StarterContent/Props/SM_Shelf.uasset" 726
"C:/Users/inesc/Documents/GitHub/LevelDesing/MyProject 5.4/Content/StarterContent/Props/SM_Shelf.uexp" 727
"../../../Engine/Content/Functions/Engine_MaterialFunctions02/Utility/BlendAngleCorrectedNormals.uasset" 728
"../../../Engine/Content/Functions/Engine_MaterialFunctions02/Utility/BlendAngleCorrectedNormals.uexp" 729
"C:/Users/inesc/Documents/GitHub/LevelDesing/MyProject 5.4/Content/StarterContent/Textures/T_Detail_Rocky_N.ubulk" 730
"C:/Users/inesc/Documents/GitHub/LevelDesing/MyProject 5.4/Content/StarterContent/Textures/T_Detail_Rocky_N.uasset" 731
"C:/Users/inesc/Documents/GitHub/LevelDesing/MyProject 5.4/Content/StarterContent/Textures/T_Detail_Rocky_N.uexp" 732
"C:/Users/inesc/Documents/GitHub/LevelDesing/MyProject 5.4/Content/StarterContent/Textures/T_Rock_Basalt_D.ubulk" 733
"C:/Users/inesc/Documents/GitHub/LevelDesing/MyProject 5.4/Content/StarterContent/Textures/T_Rock_Basalt_D.uasset" 734
"C:/Users/inesc/Documents/GitHub/LevelDesing/MyProject 5.4/Content/StarterContent/Textures/T_Rock_Basalt_D.uexp" 735
"C:/Users/inesc/Documents/GitHub/LevelDesing/MyProject 5.4/Content/StarterContent/Textures/T_RockMesh_N.ubulk" 736
"C:/Users/inesc/Documents/GitHub/LevelDesing/MyProject 5.4/Content/StarterContent/Textures/T_RockMesh_N.uasset" 737
"C:/Users/inesc/Documents/GitHub/LevelDesing/MyProject 5.4/Content/StarterContent/Textures/T_RockMesh_N.uexp" 738
"C:/Users/inesc/Documents/GitHub/LevelDesing/MyProject 5.4/Content/StarterContent/Textures/T_RockMesh_M.ubulk" 739
"C:/Users/inesc/Documents/GitHub/LevelDesing/MyProject 5.4/Content/StarterContent/Textures/T_RockMesh_M.uasset" 740
"C:/Users/inesc/Documents/GitHub/LevelDesing/MyProject 5.4/Content/StarterContent/Textures/T_RockMesh_M.uexp" 741
"C:/Users/inesc/Documents/GitHub/LevelDesing/MyProject 5.4/Content/StarterContent/Props/Materials/M_Rock.uasset" 742
"C:/Users/inesc/Documents/GitHub/LevelDesing/MyProject 5.4/Content/StarterContent/Props/Materials/M_Rock.uexp" 743
"C:/Users/inesc/Documents/GitHub/LevelDesing/MyProject 5.4/Content/StarterContent/Props/SM_Rock.ubulk" 744
"C:/Users/inesc/Documents/GitHub/LevelDesing/MyProject 5.4/Content/StarterContent/Props/SM_Rock.uasset" 745
"C:/Users/inesc/Documents/GitHub/LevelDesing/MyProject 5.4/Content/StarterContent/Props/SM_Rock.uexp" 746
"C:/Users/inesc/Documents/GitHub/LevelDesing/MyProject 5.4/Content/StarterContent/Materials/M_Glass.uasset" 747
"C:/Users/inesc/Documents/GitHub/LevelDesing/MyProject 5.4/Content/StarterContent/Materials/M_Glass.uexp" 748
"C:/Users/inesc/Documents/GitHub/LevelDesing/MyProject 5.4/Content/StarterContent/Textures/T_Door_N.ubulk" 749
"C:/Users/inesc/Documents/GitHub/LevelDesing/MyProject 5.4/Content/StarterContent/Textures/T_Door_N.uasset" 750
"C:/Users/inesc/Documents/GitHub/LevelDesing/MyProject 5.4/Content/StarterContent/Textures/T_Door_N.uexp" 751
"C:/Users/inesc/Documents/GitHub/LevelDesing/MyProject 5.4/Content/StarterContent/Textures/T_Door_M.ubulk" 752
"C:/Users/inesc/Documents/GitHub/LevelDesing/MyProject 5.4/Content/StarterContent/Textures/T_Door_M.uasset" 753
"C:/Users/inesc/Documents/GitHub/LevelDesing/MyProject 5.4/Content/StarterContent/Textures/T_Door_M.uexp" 754
"C:/Users/inesc/Documents/GitHub/LevelDesing/MyProject 5.4/Content/StarterContent/Props/Materials/M_Door.uasset" 755
"C:/Users/inesc/Documents/GitHub/LevelDesing/MyProject 5.4/Content/StarterContent/Props/Materials/M_Door.uexp" 756
"C:/Users/inesc/Documents/GitHub/LevelDesing/MyProject 5.4/Content/StarterContent/Props/SM_Door.ubulk" 757
"C:/Users/inesc/Documents/GitHub/LevelDesing/MyProject 5.4/Content/StarterContent/Props/SM_Door.uasset" 758
"C:/Users/inesc/Documents/GitHub/LevelDesing/MyProject 5.4/Content/StarterContent/Props/SM_Door.uexp" 759
"C:/Users/inesc/Documents/GitHub/LevelDesing/MyProject 5.4/Content/StarterContent/Textures/T_Chair_N.ubulk" 760
"C:/Users/inesc/Documents/GitHub/LevelDesing/MyProject 5.4/Content/StarterContent/Textures/T_Chair_N.uasset" 761
"C:/Users/inesc/Documents/GitHub/LevelDesing/MyProject 5.4/Content/StarterContent/Textures/T_Chair_N.uexp" 762
"C:/Users/inesc/Documents/GitHub/LevelDesing/MyProject 5.4/Content/StarterContent/Textures/T_Chair_M.ubulk" 763
"C:/Users/inesc/Documents/GitHub/LevelDesing/MyProject 5.4/Content/StarterContent/Textures/T_Chair_M.uasset" 764
"C:/Users/inesc/Documents/GitHub/LevelDesing/MyProject 5.4/Content/StarterContent/Textures/T_Chair_M.uexp" 765
"C:/Users/inesc/Documents/GitHub/LevelDesing/MyProject 5.4/Content/StarterContent/Props/Materials/M_Chair.uasset" 766
"C:/Users/inesc/Documents/GitHub/LevelDesing/MyProject 5.4/Content/StarterContent/Props/Materials/M_Chair.uexp" 767
"C:/Users/inesc/Documents/GitHub/LevelDesing/MyProject 5.4/Content/StarterContent/Props/SM_Couch.ubulk" 768
"C:/Users/inesc/Documents/GitHub/LevelDesing/MyProject 5.4/Content/StarterContent/Props/SM_Couch.uasset" 769
"C:/Users/inesc/Documents/GitHub/LevelDesing/MyProject 5.4/Content/StarterContent/Props/SM_Couch.uexp" 770
"C:/Users/inesc/Documents/GitHub/LevelDesing/MyProject 5.4/Content/StarterContent/Textures/T_Bush_N.ubulk" 771
"C:/Users/inesc/Documents/GitHub/LevelDesing/MyProject 5.4/Content/StarterContent/Textures/T_Bush_N.uasset" 772
"C:/Users/inesc/Documents/GitHub/LevelDesing/MyProject 5.4/Content/StarterContent/Textures/T_Bush_N.uexp" 773
"C:/Users/inesc/Documents/GitHub/LevelDesing/MyProject 5.4/Content/StarterContent/Textures/T_Bush_D.ubulk" 774
"C:/Users/inesc/Documents/GitHub/LevelDesing/MyProject 5.4/Content/StarterContent/Textures/T_Bush_D.uasset" 775
"C:/Users/inesc/Documents/GitHub/LevelDesing/MyProject 5.4/Content/StarterContent/Textures/T_Bush_D.uexp" 776
"C:/Users/inesc/Documents/GitHub/LevelDesing/MyProject 5.4/Content/StarterContent/Props/Materials/M_Bush.uasset" 777
"C:/Users/inesc/Documents/GitHub/LevelDesing/MyProject 5.4/Content/StarterContent/Props/Materials/M_Bush.uexp" 778
"C:/Users/inesc/Documents/GitHub/LevelDesing/MyProject 5.4/Content/StarterContent/Props/SM_Bush.ubulk" 779
"C:/Users/inesc/Documents/GitHub/LevelDesing/MyProject 5.4/Content/StarterContent/Props/SM_Bush.uasset" 780
"C:/Users/inesc/Documents/GitHub/LevelDesing/MyProject 5.4/Content/StarterContent/Props/SM_Bush.uexp" 781
"../../../Engine/Content/EditorMeshes/ColorCalibrator/T_ColorGrid.ubulk" 782
"../../../Engine/Content/EditorMeshes/ColorCalibrator/T_ColorGrid.uasset" 783
"../../../Engine/Content/EditorMeshes/ColorCalibrator/T_ColorGrid.uexp" 784
"C:/Users/inesc/Documents/GitHub/LevelDesing/MyProject 5.4/Content/StarterContent/Materials/M_ColorGrid_LowSpec.uasset" 785
"C:/Users/inesc/Documents/GitHub/LevelDesing/MyProject 5.4/Content/StarterContent/Materials/M_ColorGrid_LowSpec.uexp" 786
"C:/Users/inesc/Documents/GitHub/LevelDesing/MyProject 5.4/Content/StarterContent/Textures/T_Smoke_SubUV.ubulk" 787
"C:/Users/inesc/Documents/GitHub/LevelDesing/MyProject 5.4/Content/StarterContent/Textures/T_Smoke_SubUV.uasset" 788
"C:/Users/inesc/Documents/GitHub/LevelDesing/MyProject 5.4/Content/StarterContent/Textures/T_Smoke_SubUV.uexp" 789
"C:/Users/inesc/Documents/GitHub/LevelDesing/MyProject 5.4/Content/StarterContent/Textures/T_Smoke_Tiled_D.ubulk" 790
"C:/Users/inesc/Documents/GitHub/LevelDesing/MyProject 5.4/Content/StarterContent/Textures/T_Smoke_Tiled_D.uasset" 791
"C:/Users/inesc/Documents/GitHub/LevelDesing/MyProject 5.4/Content/StarterContent/Textures/T_Smoke_Tiled_D.uexp" 792
"C:/Users/inesc/Documents/GitHub/LevelDesing/MyProject 5.4/Content/StarterContent/Particles/Materials/M_smoke_subUV.uasset" 793
"C:/Users/inesc/Documents/GitHub/LevelDesing/MyProject 5.4/Content/StarterContent/Particles/Materials/M_smoke_subUV.uexp" 794
"C:/Users/inesc/Documents/GitHub/LevelDesing/MyProject 5.4/Content/StarterContent/Textures/T_Burst_M.ubulk" 795
"C:/Users/inesc/Documents/GitHub/LevelDesing/MyProject 5.4/Content/StarterContent/Textures/T_Burst_M.uasset" 796
"C:/Users/inesc/Documents/GitHub/LevelDesing/MyProject 5.4/Content/StarterContent/Textures/T_Burst_M.uexp" 797
"C:/Users/inesc/Documents/GitHub/LevelDesing/MyProject 5.4/Content/StarterContent/Particles/Materials/M_Burst.uasset" 798
"C:/Users/inesc/Documents/GitHub/LevelDesing/MyProject 5.4/Content/StarterContent/Particles/Materials/M_Burst.uexp" 799
"C:/Users/inesc/Documents/GitHub/LevelDesing/MyProject 5.4/Content/StarterContent/Particles/Materials/m_flare_01.uasset" 800
"C:/Users/inesc/Documents/GitHub/LevelDesing/MyProject 5.4/Content/StarterContent/Particles/Materials/m_flare_01.uexp" 801
"C:/Users/inesc/Documents/GitHub/LevelDesing/MyProject 5.4/Content/StarterContent/Textures/T_Explosion_SubUV.ubulk" 802
"C:/Users/inesc/Documents/GitHub/LevelDesing/MyProject 5.4/Content/StarterContent/Textures/T_Explosion_SubUV.uasset" 803
"C:/Users/inesc/Documents/GitHub/LevelDesing/MyProject 5.4/Content/StarterContent/Textures/T_Explosion_SubUV.uexp" 804
"C:/Users/inesc/Documents/GitHub/LevelDesing/MyProject 5.4/Content/StarterContent/Particles/Materials/M_explosion_subUV.uasset" 805
"C:/Users/inesc/Documents/GitHub/LevelDesing/MyProject 5.4/Content/StarterContent/Particles/Materials/M_explosion_subUV.uexp" 806
"../../../Engine/Content/Functions/Engine_MaterialFunctions01/Gradient/RadialGradient.uasset" 807
"../../../Engine/Content/Functions/Engine_MaterialFunctions01/Gradient/RadialGradient.uexp" 808
"C:/Users/inesc/Documents/GitHub/LevelDesing/MyProject 5.4/Content/StarterContent/Particles/Materials/M_radial_ramp.uasset" 809
"C:/Users/inesc/Documents/GitHub/LevelDesing/MyProject 5.4/Content/StarterContent/Particles/Materials/M_radial_ramp.uexp" 810
"C:/Users/inesc/Documents/GitHub/LevelDesing/MyProject 5.4/Content/StarterContent/Particles/P_Explosion.uasset" 811
"C:/Users/inesc/Documents/GitHub/LevelDesing/MyProject 5.4/Content/StarterContent/Particles/P_Explosion.uexp" 812
"C:/Users/inesc/Documents/GitHub/LevelDesing/MyProject 5.4/Content/StarterContent/Audio/Explosion_Cue.uasset" 813
"C:/Users/inesc/Documents/GitHub/LevelDesing/MyProject 5.4/Content/StarterContent/Audio/Explosion_Cue.uexp" 814
"C:/Users/inesc/Documents/GitHub/LevelDesing/MyProject 5.4/Content/StarterContent/Blueprints/Blueprint_Effect_Explosion.uasset" 815
"C:/Users/inesc/Documents/GitHub/LevelDesing/MyProject 5.4/Content/StarterContent/Blueprints/Blueprint_Effect_Explosion.uexp" 816
"C:/Users/inesc/Documents/GitHub/LevelDesing/MyProject 5.4/Content/StarterContent/Audio/Steam01.ubulk" 817
"C:/Users/inesc/Documents/GitHub/LevelDesing/MyProject 5.4/Content/StarterContent/Audio/Steam01.uasset" 818
"C:/Users/inesc/Documents/GitHub/LevelDesing/MyProject 5.4/Content/StarterContent/Audio/Steam01.uexp" 819
"C:/Users/inesc/Documents/GitHub/LevelDesing/MyProject 5.4/Content/StarterContent/Audio/Starter_Wind06.ubulk" 820
"C:/Users/inesc/Documents/GitHub/LevelDesing/MyProject 5.4/Content/StarterContent/Audio/Starter_Wind06.uasset" 821
"C:/Users/inesc/Documents/GitHub/LevelDesing/MyProject 5.4/Content/StarterContent/Audio/Starter_Wind06.uexp" 822
"C:/Users/inesc/Documents/GitHub/LevelDesing/MyProject 5.4/Content/StarterContent/Audio/Starter_Wind05.ubulk" 823
"C:/Users/inesc/Documents/GitHub/LevelDesing/MyProject 5.4/Content/StarterContent/Audio/Starter_Wind05.uasset" 824
"C:/Users/inesc/Documents/GitHub/LevelDesing/MyProject 5.4/Content/StarterContent/Audio/Starter_Wind05.uexp" 825
"C:/Users/inesc/Documents/GitHub/LevelDesing/MyProject 5.4/Content/StarterContent/Audio/Starter_Music01.ubulk" 826
"C:/Users/inesc/Documents/GitHub/LevelDesing/MyProject 5.4/Content/StarterContent/Audio/Starter_Music01.uasset" 827
"C:/Users/inesc/Documents/GitHub/LevelDesing/MyProject 5.4/Content/StarterContent/Audio/Starter_Music01.uexp" 828
"C:/Users/inesc/Documents/GitHub/LevelDesing/MyProject 5.4/Content/StarterContent/Audio/Starter_Birds01.ubulk" 829
"C:/Users/inesc/Documents/GitHub/LevelDesing/MyProject 5.4/Content/StarterContent/Audio/Starter_Birds01.uasset" 830
"C:/Users/inesc/Documents/GitHub/LevelDesing/MyProject 5.4/Content/StarterContent/Audio/Starter_Birds01.uexp" 831
"C:/Users/inesc/Documents/GitHub/LevelDesing/MyProject 5.4/Content/StarterContent/Audio/Smoke01.ubulk" 832
"C:/Users/inesc/Documents/GitHub/LevelDesing/MyProject 5.4/Content/StarterContent/Audio/Smoke01.uasset" 833
"C:/Users/inesc/Documents/GitHub/LevelDesing/MyProject 5.4/Content/StarterContent/Audio/Smoke01.uexp" 834
"C:/Users/inesc/Documents/GitHub/LevelDesing/MyProject 5.4/Content/StarterContent/Audio/Light02_Cue.uasset" 835
"C:/Users/inesc/Documents/GitHub/LevelDesing/MyProject 5.4/Content/StarterContent/Audio/Light02_Cue.uexp" 836
"C:/Users/inesc/Documents/GitHub/LevelDesing/MyProject 5.4/Content/StarterContent/Audio/Light02.ubulk" 837
"C:/Users/inesc/Documents/GitHub/LevelDesing/MyProject 5.4/Content/StarterContent/Audio/Light02.uasset" 838
"C:/Users/inesc/Documents/GitHub/LevelDesing/MyProject 5.4/Content/StarterContent/Audio/Light02.uexp" 839
"C:/Users/inesc/Documents/GitHub/LevelDesing/MyProject 5.4/Content/StarterContent/Audio/Light01_Cue.uasset" 840
"C:/Users/inesc/Documents/GitHub/LevelDesing/MyProject 5.4/Content/StarterContent/Audio/Light01_Cue.uexp" 841
"C:/Users/inesc/Documents/GitHub/LevelDesing/MyProject 5.4/Content/StarterContent/Audio/Light01.ubulk" 842
"C:/Users/inesc/Documents/GitHub/LevelDesing/MyProject 5.4/Content/StarterContent/Audio/Light01.uasset" 843
"C:/Users/inesc/Documents/GitHub/LevelDesing/MyProject 5.4/Content/StarterContent/Audio/Light01.uexp" 844
"C:/Users/inesc/Documents/GitHub/LevelDesing/MyProject 5.4/Content/StarterContent/Audio/Fire_Sparks01.ubulk" 845
"C:/Users/inesc/Documents/GitHub/LevelDesing/MyProject 5.4/Content/StarterContent/Audio/Fire_Sparks01.uasset" 846
"C:/Users/inesc/Documents/GitHub/LevelDesing/MyProject 5.4/Content/StarterContent/Audio/Fire_Sparks01.uexp" 847
"C:/Users/inesc/Documents/GitHub/LevelDesing/MyProject 5.4/Content/StarterContent/Audio/Fire01.ubulk" 848
"C:/Users/inesc/Documents/GitHub/LevelDesing/MyProject 5.4/Content/StarterContent/Audio/Fire01.uasset" 849
"C:/Users/inesc/Documents/GitHub/LevelDesing/MyProject 5.4/Content/StarterContent/Audio/Fire01.uexp" 850
"C:/Users/inesc/Documents/GitHub/LevelDesing/MyProject 5.4/Content/StarterContent/Audio/Explosion02.ubulk" 851
"C:/Users/inesc/Documents/GitHub/LevelDesing/MyProject 5.4/Content/StarterContent/Audio/Explosion02.uasset" 852
"C:/Users/inesc/Documents/GitHub/LevelDesing/MyProject 5.4/Content/StarterContent/Audio/Explosion02.uexp" 853
"C:/Users/inesc/Documents/GitHub/LevelDesing/MyProject 5.4/Content/StarterContent/Audio/Explosion01.ubulk" 854
"C:/Users/inesc/Documents/GitHub/LevelDesing/MyProject 5.4/Content/StarterContent/Audio/Explosion01.uasset" 855
"C:/Users/inesc/Documents/GitHub/LevelDesing/MyProject 5.4/Content/StarterContent/Audio/Explosion01.uexp" 856
"C:/Users/inesc/Documents/GitHub/LevelDesing/MyProject 5.4/Content/StarterContent/Audio/Collapse02.ubulk" 857
"C:/Users/inesc/Documents/GitHub/LevelDesing/MyProject 5.4/Content/StarterContent/Audio/Collapse02.uasset" 858
"C:/Users/inesc/Documents/GitHub/LevelDesing/MyProject 5.4/Content/StarterContent/Audio/Collapse02.uexp" 859
"C:/Users/inesc/Documents/GitHub/LevelDesing/MyProject 5.4/Content/StarterContent/Audio/Collapse01.ubulk" 860
"C:/Users/inesc/Documents/GitHub/LevelDesing/MyProject 5.4/Content/StarterContent/Audio/Collapse01.uasset" 861
"C:/Users/inesc/Documents/GitHub/LevelDesing/MyProject 5.4/Content/StarterContent/Audio/Collapse01.uexp" 862
"C:/Users/inesc/Documents/GitHub/LevelDesing/MyProject 5.4/Content/StarterContent/Architecture/Wall_Window_400x400.ubulk" 863
"C:/Users/inesc/Documents/GitHub/LevelDesing/MyProject 5.4/Content/StarterContent/Architecture/Wall_Window_400x400.uasset" 864
"C:/Users/inesc/Documents/GitHub/LevelDesing/MyProject 5.4/Content/StarterContent/Architecture/Wall_Window_400x400.uexp" 865
"C:/Users/inesc/Documents/GitHub/LevelDesing/MyProject 5.4/Content/StarterContent/Architecture/Wall_Door_400x400.ubulk" 866
"C:/Users/inesc/Documents/GitHub/LevelDesing/MyProject 5.4/Content/StarterContent/Architecture/Wall_Door_400x400.uasset" 867
"C:/Users/inesc/Documents/GitHub/LevelDesing/MyProject 5.4/Content/StarterContent/Architecture/Wall_Door_400x400.uexp" 868
"C:/Users/inesc/Documents/GitHub/LevelDesing/MyProject 5.4/Content/StarterContent/Architecture/Wall_500x500.ubulk" 869
"C:/Users/inesc/Documents/GitHub/LevelDesing/MyProject 5.4/Content/StarterContent/Architecture/Wall_500x500.uasset" 870
"C:/Users/inesc/Documents/GitHub/LevelDesing/MyProject 5.4/Content/StarterContent/Architecture/Wall_500x500.uexp" 871
"C:/Users/inesc/Documents/GitHub/LevelDesing/MyProject 5.4/Content/StarterContent/Architecture/Wall_400x400.ubulk" 872
"C:/Users/inesc/Documents/GitHub/LevelDesing/MyProject 5.4/Content/StarterContent/Architecture/Wall_400x400.uasset" 873
"C:/Users/inesc/Documents/GitHub/LevelDesing/MyProject 5.4/Content/StarterContent/Architecture/Wall_400x400.uexp" 874
"C:/Users/inesc/Documents/GitHub/LevelDesing/MyProject 5.4/Content/StarterContent/Architecture/Wall_400x300.ubulk" 875
"C:/Users/inesc/Documents/GitHub/LevelDesing/MyProject 5.4/Content/StarterContent/Architecture/Wall_400x300.uasset" 876
"C:/Users/inesc/Documents/GitHub/LevelDesing/MyProject 5.4/Content/StarterContent/Architecture/Wall_400x300.uexp" 877
"C:/Users/inesc/Documents/GitHub/LevelDesing/MyProject 5.4/Content/StarterContent/Architecture/Pillar_50x500.ubulk" 878
"C:/Users/inesc/Documents/GitHub/LevelDesing/MyProject 5.4/Content/StarterContent/Architecture/Pillar_50x500.uasset" 879
"C:/Users/inesc/Documents/GitHub/LevelDesing/MyProject 5.4/Content/StarterContent/Architecture/Pillar_50x500.uexp" 880
"C:/Users/inesc/Documents/GitHub/LevelDesing/MyProject 5.4/Content/Sci_Fi_Character_08/Maps/Sci_Fi_Character_08_Demo_BuiltData.ubulk" 881
"C:/Users/inesc/Documents/GitHub/LevelDesing/MyProject 5.4/Content/Sci_Fi_Character_08/Maps/Sci_Fi_Character_08_Demo_BuiltData.uasset" 882
"C:/Users/inesc/Documents/GitHub/LevelDesing/MyProject 5.4/Content/Sci_Fi_Character_08/Maps/Sci_Fi_Character_08_Demo_BuiltData.uexp" 883
"C:/Users/inesc/Documents/GitHub/LevelDesing/MyProject 5.4/Content/Realistic_Starter_VFX_Pack_Vol2/Textures/T_Fire_E.ubulk" 884
"C:/Users/inesc/Documents/GitHub/LevelDesing/MyProject 5.4/Content/Realistic_Starter_VFX_Pack_Vol2/Textures/T_Fire_E.uasset" 885
"C:/Users/inesc/Documents/GitHub/LevelDesing/MyProject 5.4/Content/Realistic_Starter_VFX_Pack_Vol2/Textures/T_Fire_E.uexp" 886
"C:/Users/inesc/Documents/GitHub/LevelDesing/MyProject 5.4/Content/Realistic_Starter_VFX_Pack_Vol2/Materials/M_Mud.uasset" 887
"C:/Users/inesc/Documents/GitHub/LevelDesing/MyProject 5.4/Content/Realistic_Starter_VFX_Pack_Vol2/Materials/M_Mud.uexp" 888
"C:/Users/inesc/Documents/GitHub/LevelDesing/MyProject 5.4/Content/Realistic_Starter_VFX_Pack_Vol2/Mesh/SM_Splash_B.ubulk" 889
"C:/Users/inesc/Documents/GitHub/LevelDesing/MyProject 5.4/Content/Realistic_Starter_VFX_Pack_Vol2/Mesh/SM_Splash_B.uasset" 890
"C:/Users/inesc/Documents/GitHub/LevelDesing/MyProject 5.4/Content/Realistic_Starter_VFX_Pack_Vol2/Mesh/SM_Splash_B.uexp" 891
"C:/Users/inesc/Documents/GitHub/LevelDesing/MyProject 5.4/Content/Realistic_Starter_VFX_Pack_Vol2/Mesh/SM_Splash_A.ubulk" 892
"C:/Users/inesc/Documents/GitHub/LevelDesing/MyProject 5.4/Content/Realistic_Starter_VFX_Pack_Vol2/Mesh/SM_Splash_A.uasset" 893
"C:/Users/inesc/Documents/GitHub/LevelDesing/MyProject 5.4/Content/Realistic_Starter_VFX_Pack_Vol2/Mesh/SM_Splash_A.uexp" 894
"C:/Users/inesc/Documents/GitHub/LevelDesing/MyProject 5.4/Content/Polar/Textures/T_Masks_01.ubulk" 895
"C:/Users/inesc/Documents/GitHub/LevelDesing/MyProject 5.4/Content/Polar/Textures/T_Masks_01.uasset" 896
"C:/Users/inesc/Documents/GitHub/LevelDesing/MyProject 5.4/Content/Polar/Textures/T_Masks_01.uexp" 897
"C:/Users/inesc/Documents/GitHub/LevelDesing/MyProject 5.4/Content/Polar/Textures/T_Masks_02.ubulk" 898
"C:/Users/inesc/Documents/GitHub/LevelDesing/MyProject 5.4/Content/Polar/Textures/T_Masks_02.uasset" 899
"C:/Users/inesc/Documents/GitHub/LevelDesing/MyProject 5.4/Content/Polar/Textures/T_Masks_02.uexp" 900
"C:/Users/inesc/Documents/GitHub/LevelDesing/MyProject 5.4/Content/Polar/Materials/FX/Particle_Materials/M_Myst_Particles.uasset" 901
"C:/Users/inesc/Documents/GitHub/LevelDesing/MyProject 5.4/Content/Polar/Materials/FX/Particle_Materials/M_Myst_Particles.uexp" 902
"C:/Users/inesc/Documents/GitHub/LevelDesing/MyProject 5.4/Content/Polar/Materials/FX/Particle_Materials/M_Snow_Particles.uasset" 903
"C:/Users/inesc/Documents/GitHub/LevelDesing/MyProject 5.4/Content/Polar/Materials/FX/Particle_Materials/M_Snow_Particles.uexp" 904
"C:/Users/inesc/Documents/GitHub/LevelDesing/MyProject 5.4/Content/Polar/Particles/P_Snow_Burst.uasset" 905
"C:/Users/inesc/Documents/GitHub/LevelDesing/MyProject 5.4/Content/Polar/Particles/P_Snow_Burst.uexp" 906
"C:/Users/inesc/Documents/GitHub/LevelDesing/MyProject 5.4/Content/Polar/Particles/P_Myst_Slow.uasset" 907
"C:/Users/inesc/Documents/GitHub/LevelDesing/MyProject 5.4/Content/Polar/Particles/P_Myst_Slow.uexp" 908
"C:/Users/inesc/Documents/GitHub/LevelDesing/MyProject 5.4/Content/Polar/Particles/P_Clouds_Bright.uasset" 909
"C:/Users/inesc/Documents/GitHub/LevelDesing/MyProject 5.4/Content/Polar/Particles/P_Clouds_Bright.uexp" 910
"C:/Users/inesc/Documents/GitHub/LevelDesing/MyProject 5.4/Content/missiontominerva/Maps/Main_BuiltData.ubulk" 911
"C:/Users/inesc/Documents/GitHub/LevelDesing/MyProject 5.4/Content/missiontominerva/Maps/Main_BuiltData.uasset" 912
"C:/Users/inesc/Documents/GitHub/LevelDesing/MyProject 5.4/Content/missiontominerva/Maps/Main_BuiltData.uexp" 913
"C:/Users/inesc/Documents/GitHub/LevelDesing/MyProject 5.4/Content/LevelPrototyping/Textures/T_GridChecker_A.ubulk" 914
"C:/Users/inesc/Documents/GitHub/LevelDesing/MyProject 5.4/Content/LevelPrototyping/Textures/T_GridChecker_A.uasset" 915
"C:/Users/inesc/Documents/GitHub/LevelDesing/MyProject 5.4/Content/LevelPrototyping/Textures/T_GridChecker_A.uexp" 916
"../../../Engine/Content/Functions/Engine_MaterialFunctions01/Gradient/LinearGradient.uasset" 917
"../../../Engine/Content/Functions/Engine_MaterialFunctions01/Gradient/LinearGradient.uexp" 918
"../../../Engine/Content/Functions/Engine_MaterialFunctions01/ImageAdjustment/CheapContrast.uasset" 919
"../../../Engine/Content/Functions/Engine_MaterialFunctions01/ImageAdjustment/CheapContrast.uexp" 920
"C:/Users/inesc/Documents/GitHub/LevelDesing/MyProject 5.4/Content/LevelPrototyping/Materials/MF_ProcGrid.uasset" 921
"C:/Users/inesc/Documents/GitHub/LevelDesing/MyProject 5.4/Content/LevelPrototyping/Materials/MF_ProcGrid.uexp" 922
"C:/Users/inesc/Documents/GitHub/LevelDesing/MyProject 5.4/Content/LevelPrototyping/Materials/M_PrototypeGrid.uasset" 923
"C:/Users/inesc/Documents/GitHub/LevelDesing/MyProject 5.4/Content/LevelPrototyping/Materials/M_PrototypeGrid.uexp" 924
"C:/Users/inesc/Documents/GitHub/LevelDesing/MyProject 5.4/Content/LevelPrototyping/Materials/MI_PrototypeGrid_Gray.uasset" 925
"C:/Users/inesc/Documents/GitHub/LevelDesing/MyProject 5.4/Content/LevelPrototyping/Materials/MI_PrototypeGrid_Gray.uexp" 926
"C:/Users/inesc/Documents/GitHub/LevelDesing/MyProject 5.4/Content/LevelPrototyping/Meshes/SM_Ramp.ubulk" 927
"C:/Users/inesc/Documents/GitHub/LevelDesing/MyProject 5.4/Content/LevelPrototyping/Meshes/SM_Ramp.uasset" 928
"C:/Users/inesc/Documents/GitHub/LevelDesing/MyProject 5.4/Content/LevelPrototyping/Meshes/SM_Ramp.uexp" 929
"C:/Users/inesc/Documents/GitHub/LevelDesing/MyProject 5.4/Content/LevelPrototyping/Meshes/SM_QuarterCylinder.ubulk" 930
"C:/Users/inesc/Documents/GitHub/LevelDesing/MyProject 5.4/Content/LevelPrototyping/Meshes/SM_QuarterCylinder.uasset" 931
"C:/Users/inesc/Documents/GitHub/LevelDesing/MyProject 5.4/Content/LevelPrototyping/Meshes/SM_QuarterCylinder.uexp" 932
"C:/Users/inesc/Documents/GitHub/LevelDesing/MyProject 5.4/Content/LevelPrototyping/Meshes/SM_Cylinder.ubulk" 933
"C:/Users/inesc/Documents/GitHub/LevelDesing/MyProject 5.4/Content/LevelPrototyping/Meshes/SM_Cylinder.uasset" 934
"C:/Users/inesc/Documents/GitHub/LevelDesing/MyProject 5.4/Content/LevelPrototyping/Meshes/SM_Cylinder.uexp" 935
"C:/Users/inesc/Documents/GitHub/LevelDesing/MyProject 5.4/Content/LevelPrototyping/Materials/M_Solid.uasset" 936
"C:/Users/inesc/Documents/GitHub/LevelDesing/MyProject 5.4/Content/LevelPrototyping/Materials/M_Solid.uexp" 937
"C:/Users/inesc/Documents/GitHub/LevelDesing/MyProject 5.4/Content/LevelPrototyping/Materials/MI_Solid_Blue.uasset" 938
"C:/Users/inesc/Documents/GitHub/LevelDesing/MyProject 5.4/Content/LevelPrototyping/Materials/MI_Solid_Blue.uexp" 939
"C:/Users/inesc/Documents/GitHub/LevelDesing/MyProject 5.4/Content/LevelPrototyping/Meshes/SM_ChamferCube.ubulk" 940
"C:/Users/inesc/Documents/GitHub/LevelDesing/MyProject 5.4/Content/LevelPrototyping/Meshes/SM_ChamferCube.uasset" 941
"C:/Users/inesc/Documents/GitHub/LevelDesing/MyProject 5.4/Content/LevelPrototyping/Meshes/SM_ChamferCube.uexp" 942
"C:/Users/inesc/Documents/GitHub/LevelDesing/MyProject 5.4/Content/LevelPrototyping/Materials/MI_PrototypeGrid_TopDark.uasset" 943
"C:/Users/inesc/Documents/GitHub/LevelDesing/MyProject 5.4/Content/LevelPrototyping/Materials/MI_PrototypeGrid_TopDark.uexp" 944
"C:/Users/inesc/Documents/GitHub/LevelDesing/MyProject 5.4/Content/LevelPrototyping/Materials/MI_PrototypeGrid_Gray_02.uasset" 945
"C:/Users/inesc/Documents/GitHub/LevelDesing/MyProject 5.4/Content/LevelPrototyping/Materials/MI_PrototypeGrid_Gray_02.uexp" 946
"C:/Users/inesc/Documents/GitHub/LevelDesing/MyProject 5.4/Content/KiteDemo/Material/WorldCoords-XY.uasset" 947
"C:/Users/inesc/Documents/GitHub/LevelDesing/MyProject 5.4/Content/KiteDemo/Material/WorldCoords-XY.uexp" 948
"../../../Engine/Content/EngineMaterials/FlatNormal.uasset" 949
"../../../Engine/Content/EngineMaterials/FlatNormal.uexp" 950
"../../../Engine/Content/Functions/Engine_MaterialFunctions02/TangentBasis.uasset" 951
"../../../Engine/Content/Functions/Engine_MaterialFunctions02/TangentBasis.uexp" 952
"../../../Engine/Content/EngineResources/Black.uasset" 953
"../../../Engine/Content/EngineResources/Black.uexp" 954
"C:/Users/inesc/Documents/GitHub/LevelDesing/MyProject 5.4/Content/KiteDemo/Material/M_Photoscan_Master_Displacement.uasset" 955
"C:/Users/inesc/Documents/GitHub/LevelDesing/MyProject 5.4/Content/KiteDemo/Material/M_Photoscan_Master_Displacement.uexp" 956
"C:/Users/inesc/Documents/GitHub/LevelDesing/MyProject 5.4/Content/KiteDemo/Material/M_Photoscan_Master.uasset" 957
"C:/Users/inesc/Documents/GitHub/LevelDesing/MyProject 5.4/Content/KiteDemo/Material/M_Photoscan_Master.uexp" 958
"C:/Users/inesc/Documents/GitHub/LevelDesing/MyProject 5.4/Content/FPWeapon/Mesh/SK_FPGun_PhysicsAsset.uasset" 959
"C:/Users/inesc/Documents/GitHub/LevelDesing/MyProject 5.4/Content/FPWeapon/Mesh/SK_FPGun_PhysicsAsset.uexp" 960
"../../../Engine/Content/MobileResources/HUD/VirtualJoystick_Background.uasset" 961
"../../../Engine/Content/MobileResources/HUD/VirtualJoystick_Background.uexp" 962
"../../../Engine/Content/MobileResources/HUD/VirtualJoystick_Thumb.uasset" 963
"../../../Engine/Content/MobileResources/HUD/VirtualJoystick_Thumb.uexp" 964
"C:/Users/inesc/Documents/GitHub/LevelDesing/MyProject 5.4/Content/FirstPerson/Input/MobileControls.uasset" 965
"C:/Users/inesc/Documents/GitHub/LevelDesing/MyProject 5.4/Content/FirstPerson/Input/MobileControls.uexp" 966
"../../../Engine/Plugins/Animation/ACLPlugin/Content/ACLAnimBoneCompressionSettings.uasset" 967
"../../../Engine/Plugins/Animation/ACLPlugin/Content/ACLAnimBoneCompressionSettings.uexp" 968
"C:/Users/inesc/Documents/GitHub/LevelDesing/MyProject 5.4/Content/Fab/Sci-Fi_Lab_Machine/sci_fi_lab_machine_Skeleton.uasset" 969
"C:/Users/inesc/Documents/GitHub/LevelDesing/MyProject 5.4/Content/Fab/Sci-Fi_Lab_Machine/sci_fi_lab_machine_Skeleton.uexp" 970
"../../../Engine/Content/Animation/DefaultVariableFrameStrippingSettings.uasset" 971
"../../../Engine/Content/Animation/DefaultVariableFrameStrippingSettings.uexp" 972
"../../../Engine/Plugins/Animation/ACLPlugin/Content/ACLAnimCurveCompressionSettings.uasset" 973
"../../../Engine/Plugins/Animation/ACLPlugin/Content/ACLAnimCurveCompressionSettings.uexp" 974
"C:/Users/inesc/Documents/GitHub/LevelDesing/MyProject 5.4/Content/Fab/Sci-Fi_Lab_Machine/sci_fi_lab_machine_Anim.uasset" 975
"C:/Users/inesc/Documents/GitHub/LevelDesing/MyProject 5.4/Content/Fab/Sci-Fi_Lab_Machine/sci_fi_lab_machine_Anim.uexp" 976
"../../../Engine/Plugins/Interchange/Runtime/Content/gltf/MaterialFunctions/MF_RotateV2.uasset" 977
"../../../Engine/Plugins/Interchange/Runtime/Content/gltf/MaterialFunctions/MF_RotateV2.uexp" 978
"../../../Engine/Plugins/Interchange/Runtime/Content/gltf/MaterialFunctions/MF_TransformUVs.uasset" 979
"../../../Engine/Plugins/Interchange/Runtime/Content/gltf/MaterialFunctions/MF_TransformUVs.uexp" 980
"../../../Engine/Plugins/Interchange/Runtime/Content/gltf/Textures/T_White_srgb.uasset" 981
"../../../Engine/Plugins/Interchange/Runtime/Content/gltf/Textures/T_White_srgb.uexp" 982
"../../../Engine/Plugins/Interchange/Runtime/Content/gltf/MaterialFunctions/MF_BaseColor.uasset" 983
"../../../Engine/Plugins/Interchange/Runtime/Content/gltf/MaterialFunctions/MF_BaseColor.uexp" 984
"../../../Engine/Plugins/Interchange/Runtime/Content/gltf/MaterialBodies/MF_Unlit_Body.uasset" 985
"../../../Engine/Plugins/Interchange/Runtime/Content/gltf/MaterialBodies/MF_Unlit_Body.uexp" 986
"../../../Engine/Plugins/Interchange/Runtime/Content/gltf/M_Unlit.uasset" 987
"../../../Engine/Plugins/Interchange/Runtime/Content/gltf/M_Unlit.uexp" 988
"../../../Engine/Plugins/Interchange/Runtime/Content/gltf/MaterialInstances/MI_Unlit_Opaque_DS.uasset" 989
"../../../Engine/Plugins/Interchange/Runtime/Content/gltf/MaterialInstances/MI_Unlit_Opaque_DS.uexp" 990
"C:/Users/inesc/Documents/GitHub/LevelDesing/MyProject 5.4/Content/Fab/Rock_Wall_Scan/material0.uasset" 991
"C:/Users/inesc/Documents/GitHub/LevelDesing/MyProject 5.4/Content/Fab/Rock_Wall_Scan/material0.uexp" 992
"C:/Users/inesc/Documents/GitHub/LevelDesing/MyProject 5.4/Content/Fab/Rock_Wall_Scan/rock_wall_scan.ubulk" 993
"C:/Users/inesc/Documents/GitHub/LevelDesing/MyProject 5.4/Content/Fab/Rock_Wall_Scan/rock_wall_scan.uasset" 994
"C:/Users/inesc/Documents/GitHub/LevelDesing/MyProject 5.4/Content/Fab/Rock_Wall_Scan/rock_wall_scan.uexp" 995
"../../../Engine/Plugins/Interchange/Runtime/Content/gltf/MaterialFunctions/MF_Iridescence.uasset" 996
"../../../Engine/Plugins/Interchange/Runtime/Content/gltf/MaterialFunctions/MF_Iridescence.uexp" 997
"../../../Engine/Plugins/Interchange/Runtime/Content/gltf/Textures/T_White_Linear.uasset" 998
"../../../Engine/Plugins/Interchange/Runtime/Content/gltf/Textures/T_White_Linear.uexp" 999
"../../../Engine/Plugins/Interchange/Runtime/Content/gltf/MaterialFunctions/MF_MetallicRoughness.uasset" 1000
"../../../Engine/Plugins/Interchange/Runtime/Content/gltf/MaterialFunctions/MF_MetallicRoughness.uexp" 1001
"../../../Engine/Plugins/Interchange/Runtime/Content/gltf/MaterialFunctions/MF_RotateNormals_TS.uasset" 1002
"../../../Engine/Plugins/Interchange/Runtime/Content/gltf/MaterialFunctions/MF_RotateNormals_TS.uexp" 1003
"../../../Engine/Plugins/Interchange/Runtime/Content/gltf/MaterialFunctions/MF_Occlusion.uasset" 1004
"../../../Engine/Plugins/Interchange/Runtime/Content/gltf/MaterialFunctions/MF_Occlusion.uexp" 1005
"../../../Engine/Plugins/Interchange/Runtime/Content/gltf/MaterialFunctions/MF_Emissive.uasset" 1006
"../../../Engine/Plugins/Interchange/Runtime/Content/gltf/MaterialFunctions/MF_Emissive.uexp" 1007
"../../../Engine/Plugins/Interchange/Runtime/Content/gltf/MaterialFunctions/MF_Specular.uasset" 1008
"../../../Engine/Plugins/Interchange/Runtime/Content/gltf/MaterialFunctions/MF_Specular.uexp" 1009
"../../../Engine/Plugins/Interchange/Runtime/Content/gltf/MaterialFunctions/MF_IOR.uasset" 1010
"../../../Engine/Plugins/Interchange/Runtime/Content/gltf/MaterialFunctions/MF_IOR.uexp" 1011
"../../../Engine/Plugins/Interchange/Runtime/Content/gltf/Textures/T_Generic_N.uasset" 1012
"../../../Engine/Plugins/Interchange/Runtime/Content/gltf/Textures/T_Generic_N.uexp" 1013
"../../../Engine/Plugins/Interchange/Runtime/Content/gltf/MaterialFunctions/MF_Normals.uasset" 1014
"../../../Engine/Plugins/Interchange/Runtime/Content/gltf/MaterialFunctions/MF_Normals.uexp" 1015
"../../../Engine/Plugins/Interchange/Runtime/Content/gltf/MaterialBodies/MF_Default_Body.uasset" 1016
"../../../Engine/Plugins/Interchange/Runtime/Content/gltf/MaterialBodies/MF_Default_Body.uexp" 1017
"../../../Engine/Plugins/Interchange/Runtime/Content/gltf/M_Default.uasset" 1018
"../../../Engine/Plugins/Interchange/Runtime/Content/gltf/M_Default.uexp" 1019
"../../../Engine/Plugins/Interchange/Runtime/Content/gltf/MaterialInstances/MI_Default_Opaque_DS.uasset" 1020
"../../../Engine/Plugins/Interchange/Runtime/Content/gltf/MaterialInstances/MI_Default_Opaque_DS.uexp" 1021
"C:/Users/inesc/Documents/GitHub/LevelDesing/MyProject 5.4/Content/Fab/Post_apocalyptic_examination_table/M_Patient_bed_1_1001_metallicRoughness.ubulk" 1022
"C:/Users/inesc/Documents/GitHub/LevelDesing/MyProject 5.4/Content/Fab/Post_apocalyptic_examination_table/M_Patient_bed_1_1001_metallicRoughness.uasset" 1023
"C:/Users/inesc/Documents/GitHub/LevelDesing/MyProject 5.4/Content/Fab/Post_apocalyptic_examination_table/M_Patient_bed_1_1001_metallicRoughness.uexp" 1024
"C:/Users/inesc/Documents/GitHub/LevelDesing/MyProject 5.4/Content/Fab/Post_apocalyptic_examination_table/M_Patient_bed_1_1001_normal.ubulk" 1025
"C:/Users/inesc/Documents/GitHub/LevelDesing/MyProject 5.4/Content/Fab/Post_apocalyptic_examination_table/M_Patient_bed_1_1001_normal.uasset" 1026
"C:/Users/inesc/Documents/GitHub/LevelDesing/MyProject 5.4/Content/Fab/Post_apocalyptic_examination_table/M_Patient_bed_1_1001_normal.uexp" 1027
"C:/Users/inesc/Documents/GitHub/LevelDesing/MyProject 5.4/Content/Fab/Post_apocalyptic_examination_table/M_Patient_bed_1_1001_baseColor.ubulk" 1028
"C:/Users/inesc/Documents/GitHub/LevelDesing/MyProject 5.4/Content/Fab/Post_apocalyptic_examination_table/M_Patient_bed_1_1001_baseColor.uasset" 1029
"C:/Users/inesc/Documents/GitHub/LevelDesing/MyProject 5.4/Content/Fab/Post_apocalyptic_examination_table/M_Patient_bed_1_1001_baseColor.uexp" 1030
"C:/Users/inesc/Documents/GitHub/LevelDesing/MyProject 5.4/Content/Fab/Post_apocalyptic_examination_table/M_Patient_bed_1_1001.uasset" 1031
"C:/Users/inesc/Documents/GitHub/LevelDesing/MyProject 5.4/Content/Fab/Post_apocalyptic_examination_table/M_Patient_bed_1_1001.uexp" 1032
"C:/Users/inesc/Documents/GitHub/LevelDesing/MyProject 5.4/Content/Fab/Post_apocalyptic_examination_table/scene.ubulk" 1033
"C:/Users/inesc/Documents/GitHub/LevelDesing/MyProject 5.4/Content/Fab/Post_apocalyptic_examination_table/scene.uasset" 1034
"C:/Users/inesc/Documents/GitHub/LevelDesing/MyProject 5.4/Content/Fab/Post_apocalyptic_examination_table/scene.uexp" 1035
"C:/Users/inesc/Documents/GitHub/LevelDesing/MyProject 5.4/Content/Fab/Lettino_Ambulanza/lettino_ambulanza_texture_0.ubulk" 1036
"C:/Users/inesc/Documents/GitHub/LevelDesing/MyProject 5.4/Content/Fab/Lettino_Ambulanza/lettino_ambulanza_texture_0.uasset" 1037
"C:/Users/inesc/Documents/GitHub/LevelDesing/MyProject 5.4/Content/Fab/Lettino_Ambulanza/lettino_ambulanza_texture_0.uexp" 1038
"C:/Users/inesc/Documents/GitHub/LevelDesing/MyProject 5.4/Content/Fab/Lettino_Ambulanza/lettino_ambulanza_texture_1.ubulk" 1039
"C:/Users/inesc/Documents/GitHub/LevelDesing/MyProject 5.4/Content/Fab/Lettino_Ambulanza/lettino_ambulanza_texture_1.uasset" 1040
"C:/Users/inesc/Documents/GitHub/LevelDesing/MyProject 5.4/Content/Fab/Lettino_Ambulanza/lettino_ambulanza_texture_1.uexp" 1041
"C:/Users/inesc/Documents/GitHub/LevelDesing/MyProject 5.4/Content/Fab/Lettino_Ambulanza/Lettino_Ambulanza.uasset" 1042
"C:/Users/inesc/Documents/GitHub/LevelDesing/MyProject 5.4/Content/Fab/Lettino_Ambulanza/Lettino_Ambulanza.uexp" 1043
"C:/Users/inesc/Documents/GitHub/LevelDesing/MyProject 5.4/Content/Fab/Lettino_Ambulanza/lettino_ambulanza1.ubulk" 1044
"C:/Users/inesc/Documents/GitHub/LevelDesing/MyProject 5.4/Content/Fab/Lettino_Ambulanza/lettino_ambulanza1.uasset" 1045
"C:/Users/inesc/Documents/GitHub/LevelDesing/MyProject 5.4/Content/Fab/Lettino_Ambulanza/lettino_ambulanza1.uexp" 1046
"C:/Users/inesc/Documents/GitHub/LevelDesing/MyProject 5.4/Content/Fab/Green_Bush/green_bush_texture_0.ubulk" 1047
"C:/Users/inesc/Documents/GitHub/LevelDesing/MyProject 5.4/Content/Fab/Green_Bush/green_bush_texture_0.uasset" 1048
"C:/Users/inesc/Documents/GitHub/LevelDesing/MyProject 5.4/Content/Fab/Green_Bush/green_bush_texture_0.uexp" 1049
"C:/Users/inesc/Documents/GitHub/LevelDesing/MyProject 5.4/Content/Fab/Green_Bush/Bark.uasset" 1050
"C:/Users/inesc/Documents/GitHub/LevelDesing/MyProject 5.4/Content/Fab/Green_Bush/Bark.uexp" 1051
"C:/Users/inesc/Documents/GitHub/LevelDesing/MyProject 5.4/Content/Fab/Green_Bush/green_bush_texture_1.ubulk" 1052
"C:/Users/inesc/Documents/GitHub/LevelDesing/MyProject 5.4/Content/Fab/Green_Bush/green_bush_texture_1.uasset" 1053
"C:/Users/inesc/Documents/GitHub/LevelDesing/MyProject 5.4/Content/Fab/Green_Bush/green_bush_texture_1.uexp" 1054
"../../../Engine/Plugins/Interchange/Runtime/Content/gltf/MaterialInstances/MI_Default_Mask_DS.uasset" 1055
"../../../Engine/Plugins/Interchange/Runtime/Content/gltf/MaterialInstances/MI_Default_Mask_DS.uexp" 1056
"C:/Users/inesc/Documents/GitHub/LevelDesing/MyProject 5.4/Content/Fab/Green_Bush/Leaf.uasset" 1057
"C:/Users/inesc/Documents/GitHub/LevelDesing/MyProject 5.4/Content/Fab/Green_Bush/Leaf.uexp" 1058
"C:/Users/inesc/Documents/GitHub/LevelDesing/MyProject 5.4/Content/Fab/Green_Bush/green_bush.ubulk" 1059
"C:/Users/inesc/Documents/GitHub/LevelDesing/MyProject 5.4/Content/Fab/Green_Bush/green_bush.uasset" 1060
"C:/Users/inesc/Documents/GitHub/LevelDesing/MyProject 5.4/Content/Fab/Green_Bush/green_bush.uexp" 1061
"C:/Users/inesc/Documents/GitHub/LevelDesing/MyProject 5.4/Content/Realistic_Starter_VFX_Pack_Vol2/Textures/T_NoiseNormal_A.ubulk" 1062
"C:/Users/inesc/Documents/GitHub/LevelDesing/MyProject 5.4/Content/Realistic_Starter_VFX_Pack_Vol2/Textures/T_NoiseNormal_A.uasset" 1063
"C:/Users/inesc/Documents/GitHub/LevelDesing/MyProject 5.4/Content/Realistic_Starter_VFX_Pack_Vol2/Textures/T_NoiseNormal_A.uexp" 1064
"C:/Users/inesc/Documents/GitHub/LevelDesing/MyProject 5.4/Content/Realistic_Starter_VFX_Pack_Vol2/Textures/T_Wood.ubulk" 1065
"C:/Users/inesc/Documents/GitHub/LevelDesing/MyProject 5.4/Content/Realistic_Starter_VFX_Pack_Vol2/Textures/T_Wood.uasset" 1066
"C:/Users/inesc/Documents/GitHub/LevelDesing/MyProject 5.4/Content/Realistic_Starter_VFX_Pack_Vol2/Textures/T_Wood.uexp" 1067
"C:/Users/inesc/Documents/GitHub/LevelDesing/MyProject 5.4/Content/Realistic_Starter_VFX_Pack_Vol2/Materials/M_Wood.uasset" 1068
"C:/Users/inesc/Documents/GitHub/LevelDesing/MyProject 5.4/Content/Realistic_Starter_VFX_Pack_Vol2/Materials/M_Wood.uexp" 1069
"C:/Users/inesc/Documents/GitHub/LevelDesing/MyProject 5.4/Content/Realistic_Starter_VFX_Pack_Vol2/Textures/T_Dirt_A.ubulk" 1070
"C:/Users/inesc/Documents/GitHub/LevelDesing/MyProject 5.4/Content/Realistic_Starter_VFX_Pack_Vol2/Textures/T_Dirt_A.uasset" 1071
"C:/Users/inesc/Documents/GitHub/LevelDesing/MyProject 5.4/Content/Realistic_Starter_VFX_Pack_Vol2/Textures/T_Dirt_A.uexp" 1072
"C:/Users/inesc/Documents/GitHub/LevelDesing/MyProject 5.4/Content/Realistic_Starter_VFX_Pack_Vol2/Materials/M_Dirt_B.uasset" 1073
"C:/Users/inesc/Documents/GitHub/LevelDesing/MyProject 5.4/Content/Realistic_Starter_VFX_Pack_Vol2/Materials/M_Dirt_B.uexp" 1074
"C:/Users/inesc/Documents/GitHub/LevelDesing/MyProject 5.4/Content/Realistic_Starter_VFX_Pack_Vol2/Textures/T_Smoke_Wisp.ubulk" 1075
"C:/Users/inesc/Documents/GitHub/LevelDesing/MyProject 5.4/Content/Realistic_Starter_VFX_Pack_Vol2/Textures/T_Smoke_Wisp.uasset" 1076
"C:/Users/inesc/Documents/GitHub/LevelDesing/MyProject 5.4/Content/Realistic_Starter_VFX_Pack_Vol2/Textures/T_Smoke_Wisp.uexp" 1077
"C:/Users/inesc/Documents/GitHub/LevelDesing/MyProject 5.4/Content/Realistic_Starter_VFX_Pack_Vol2/Materials/M_Smoke_Wisp.uasset" 1078
"C:/Users/inesc/Documents/GitHub/LevelDesing/MyProject 5.4/Content/Realistic_Starter_VFX_Pack_Vol2/Materials/M_Smoke_Wisp.uexp" 1079
"C:/Users/inesc/Documents/GitHub/LevelDesing/MyProject 5.4/Content/Realistic_Starter_VFX_Pack_Vol2/Particles/Hit/P_Wood.uasset" 1080
"C:/Users/inesc/Documents/GitHub/LevelDesing/MyProject 5.4/Content/Realistic_Starter_VFX_Pack_Vol2/Particles/Hit/P_Wood.uexp" 1081
"C:/Users/inesc/Documents/GitHub/LevelDesing/MyProject 5.4/Content/Polar/Textures/CubeMaps/T_Indoor_MainHall_Sunset_CubeMap.uasset" 1082
"C:/Users/inesc/Documents/GitHub/LevelDesing/MyProject 5.4/Content/Polar/Textures/CubeMaps/T_Indoor_MainHall_Sunset_CubeMap.uexp" 1083
"C:/Users/inesc/Documents/GitHub/LevelDesing/MyProject 5.4/Content/Polar/Textures/CubeMaps/C_Vista_CubeMap.uasset" 1084
"C:/Users/inesc/Documents/GitHub/LevelDesing/MyProject 5.4/Content/Polar/Textures/CubeMaps/C_Vista_CubeMap.uexp" 1085
"C:/Users/inesc/Documents/GitHub/LevelDesing/MyProject 5.4/Content/Polar/Textures/Vista_Textures/T_Mountain_02_NRM.ubulk" 1086
"C:/Users/inesc/Documents/GitHub/LevelDesing/MyProject 5.4/Content/Polar/Textures/Vista_Textures/T_Mountain_02_NRM.uasset" 1087
"C:/Users/inesc/Documents/GitHub/LevelDesing/MyProject 5.4/Content/Polar/Textures/Vista_Textures/T_Mountain_02_NRM.uexp" 1088
"C:/Users/inesc/Documents/GitHub/LevelDesing/MyProject 5.4/Content/Polar/Textures/Vista_Textures/T_Mountain_02_SPEC.ubulk" 1089
"C:/Users/inesc/Documents/GitHub/LevelDesing/MyProject 5.4/Content/Polar/Textures/Vista_Textures/T_Mountain_02_SPEC.uasset" 1090
"C:/Users/inesc/Documents/GitHub/LevelDesing/MyProject 5.4/Content/Polar/Textures/Vista_Textures/T_Mountain_02_SPEC.uexp" 1091
"C:/Users/inesc/Documents/GitHub/LevelDesing/MyProject 5.4/Content/Polar/Textures/Vista_Textures/T_Mountain_02_CLR.ubulk" 1092
"C:/Users/inesc/Documents/GitHub/LevelDesing/MyProject 5.4/Content/Polar/Textures/Vista_Textures/T_Mountain_02_CLR.uasset" 1093
"C:/Users/inesc/Documents/GitHub/LevelDesing/MyProject 5.4/Content/Polar/Textures/Vista_Textures/T_Mountain_02_CLR.uexp" 1094
"C:/Users/inesc/Documents/GitHub/LevelDesing/MyProject 5.4/Content/Polar/Textures/Vista_Textures/T_Mountain_Tile_CLR.ubulk" 1095
"C:/Users/inesc/Documents/GitHub/LevelDesing/MyProject 5.4/Content/Polar/Textures/Vista_Textures/T_Mountain_Tile_CLR.uasset" 1096
"C:/Users/inesc/Documents/GitHub/LevelDesing/MyProject 5.4/Content/Polar/Textures/Vista_Textures/T_Mountain_Tile_CLR.uexp" 1097
"C:/Users/inesc/Documents/GitHub/LevelDesing/MyProject 5.4/Content/Polar/Textures/CubeMaps/T_Vista_CubeMap.uasset" 1098
"C:/Users/inesc/Documents/GitHub/LevelDesing/MyProject 5.4/Content/Polar/Textures/CubeMaps/T_Vista_CubeMap.uexp" 1099
"../../../Engine/Content/Functions/Engine_MaterialFunctions01/Texturing/FlattenNormal.uasset" 1100
"../../../Engine/Content/Functions/Engine_MaterialFunctions01/Texturing/FlattenNormal.uexp" 1101
"C:/Users/inesc/Documents/GitHub/LevelDesing/MyProject 5.4/Content/Polar/Textures/Vista_Textures/T_Foreground_CLR.ubulk" 1102
"C:/Users/inesc/Documents/GitHub/LevelDesing/MyProject 5.4/Content/Polar/Textures/Vista_Textures/T_Foreground_CLR.uasset" 1103
"C:/Users/inesc/Documents/GitHub/LevelDesing/MyProject 5.4/Content/Polar/Textures/Vista_Textures/T_Foreground_CLR.uexp" 1104
"C:/Users/inesc/Documents/GitHub/LevelDesing/MyProject 5.4/Content/Polar/Textures/Vista_Textures/T_Foreground_NRM.ubulk" 1105
"C:/Users/inesc/Documents/GitHub/LevelDesing/MyProject 5.4/Content/Polar/Textures/Vista_Textures/T_Foreground_NRM.uasset" 1106
"C:/Users/inesc/Documents/GitHub/LevelDesing/MyProject 5.4/Content/Polar/Textures/Vista_Textures/T_Foreground_NRM.uexp" 1107
"C:/Users/inesc/Documents/GitHub/LevelDesing/MyProject 5.4/Content/Polar/Textures/Vista_Textures/T_Foreground_SPEC.ubulk" 1108
"C:/Users/inesc/Documents/GitHub/LevelDesing/MyProject 5.4/Content/Polar/Textures/Vista_Textures/T_Foreground_SPEC.uasset" 1109
"C:/Users/inesc/Documents/GitHub/LevelDesing/MyProject 5.4/Content/Polar/Textures/Vista_Textures/T_Foreground_SPEC.uexp" 1110
"C:/Users/inesc/Documents/GitHub/LevelDesing/MyProject 5.4/Content/Polar/Textures/CubeMaps/T_Vista_CubeMap_02.uasset" 1111
"C:/Users/inesc/Documents/GitHub/LevelDesing/MyProject 5.4/Content/Polar/Textures/CubeMaps/T_Vista_CubeMap_02.uexp" 1112
"../../../Engine/Content/Functions/Engine_MaterialFunctions02/Utility/CustomReflectionVector.uasset" 1113
"../../../Engine/Content/Functions/Engine_MaterialFunctions02/Utility/CustomReflectionVector.uexp" 1114
"C:/Users/inesc/Documents/GitHub/LevelDesing/MyProject 5.4/Content/Polar/Materials/Vista_Materials/_M_Master_Mountains.uasset" 1115
"C:/Users/inesc/Documents/GitHub/LevelDesing/MyProject 5.4/Content/Polar/Materials/Vista_Materials/_M_Master_Mountains.uexp" 1116
"C:/Users/inesc/Documents/GitHub/LevelDesing/MyProject 5.4/Content/Polar/Materials/Vista_Materials/M_Mountain_02_Inst.uasset" 1117
"C:/Users/inesc/Documents/GitHub/LevelDesing/MyProject 5.4/Content/Polar/Materials/Vista_Materials/M_Mountain_02_Inst.uexp" 1118
"C:/Users/inesc/Documents/GitHub/LevelDesing/MyProject 5.4/Content/Polar/Meshes/Vista/SM_Mountain_02_Complex_Collision.ubulk" 1119
"C:/Users/inesc/Documents/GitHub/LevelDesing/MyProject 5.4/Content/Polar/Meshes/Vista/SM_Mountain_02_Complex_Collision.uasset" 1120
"C:/Users/inesc/Documents/GitHub/LevelDesing/MyProject 5.4/Content/Polar/Meshes/Vista/SM_Mountain_02_Complex_Collision.uexp" 1121
"C:/Users/inesc/Documents/GitHub/LevelDesing/MyProject 5.4/Content/Polar/Textures/Vista_Textures/T_Mountain_01_CLR.ubulk" 1122
"C:/Users/inesc/Documents/GitHub/LevelDesing/MyProject 5.4/Content/Polar/Textures/Vista_Textures/T_Mountain_01_CLR.uasset" 1123
"C:/Users/inesc/Documents/GitHub/LevelDesing/MyProject 5.4/Content/Polar/Textures/Vista_Textures/T_Mountain_01_CLR.uexp" 1124
"C:/Users/inesc/Documents/GitHub/LevelDesing/MyProject 5.4/Content/Polar/Textures/Vista_Textures/T_Mountain_01_NRM.ubulk" 1125
"C:/Users/inesc/Documents/GitHub/LevelDesing/MyProject 5.4/Content/Polar/Textures/Vista_Textures/T_Mountain_01_NRM.uasset" 1126
"C:/Users/inesc/Documents/GitHub/LevelDesing/MyProject 5.4/Content/Polar/Textures/Vista_Textures/T_Mountain_01_NRM.uexp" 1127
"C:/Users/inesc/Documents/GitHub/LevelDesing/MyProject 5.4/Content/Polar/Textures/Vista_Textures/T_Mountain_01_SPEC.ubulk" 1128
"C:/Users/inesc/Documents/GitHub/LevelDesing/MyProject 5.4/Content/Polar/Textures/Vista_Textures/T_Mountain_01_SPEC.uasset" 1129
"C:/Users/inesc/Documents/GitHub/LevelDesing/MyProject 5.4/Content/Polar/Textures/Vista_Textures/T_Mountain_01_SPEC.uexp" 1130
"C:/Users/inesc/Documents/GitHub/LevelDesing/MyProject 5.4/Content/Polar/Materials/Vista_Materials/M_Mountain_Inst.uasset" 1131
"C:/Users/inesc/Documents/GitHub/LevelDesing/MyProject 5.4/Content/Polar/Materials/Vista_Materials/M_Mountain_Inst.uexp" 1132
"C:/Users/inesc/Documents/GitHub/LevelDesing/MyProject 5.4/Content/Polar/Meshes/Vista/SM_Mountain_01_Complex_Collision.ubulk" 1133
"C:/Users/inesc/Documents/GitHub/LevelDesing/MyProject 5.4/Content/Polar/Meshes/Vista/SM_Mountain_01_Complex_Collision.uasset" 1134
"C:/Users/inesc/Documents/GitHub/LevelDesing/MyProject 5.4/Content/Polar/Meshes/Vista/SM_Mountain_01_Complex_Collision.uexp" 1135
"C:/Users/inesc/Documents/GitHub/LevelDesing/MyProject 5.4/Content/Polar/Textures/Vista_Textures/T_Ground_Vista_CLR.ubulk" 1136
"C:/Users/inesc/Documents/GitHub/LevelDesing/MyProject 5.4/Content/Polar/Textures/Vista_Textures/T_Ground_Vista_CLR.uasset" 1137
"C:/Users/inesc/Documents/GitHub/LevelDesing/MyProject 5.4/Content/Polar/Textures/Vista_Textures/T_Ground_Vista_CLR.uexp" 1138
"C:/Users/inesc/Documents/GitHub/LevelDesing/MyProject 5.4/Content/Polar/Textures/Vista_Textures/T_Ground_Vista_NRM.ubulk" 1139
"C:/Users/inesc/Documents/GitHub/LevelDesing/MyProject 5.4/Content/Polar/Textures/Vista_Textures/T_Ground_Vista_NRM.uasset" 1140
"C:/Users/inesc/Documents/GitHub/LevelDesing/MyProject 5.4/Content/Polar/Textures/Vista_Textures/T_Ground_Vista_NRM.uexp" 1141
"C:/Users/inesc/Documents/GitHub/LevelDesing/MyProject 5.4/Content/Polar/Textures/Vista_Textures/T_Ground_Vista_SPEC.ubulk" 1142
"C:/Users/inesc/Documents/GitHub/LevelDesing/MyProject 5.4/Content/Polar/Textures/Vista_Textures/T_Ground_Vista_SPEC.uasset" 1143
"C:/Users/inesc/Documents/GitHub/LevelDesing/MyProject 5.4/Content/Polar/Textures/Vista_Textures/T_Ground_Vista_SPEC.uexp" 1144
"C:/Users/inesc/Documents/GitHub/LevelDesing/MyProject 5.4/Content/Polar/Materials/Vista_Materials/M_Ground_Vista_Inst.uasset" 1145
"C:/Users/inesc/Documents/GitHub/LevelDesing/MyProject 5.4/Content/Polar/Materials/Vista_Materials/M_Ground_Vista_Inst.uexp" 1146
"C:/Users/inesc/Documents/GitHub/LevelDesing/MyProject 5.4/Content/Polar/Meshes/Vista/SM_Ground_Vista_Complex_Collision.ubulk" 1147
"C:/Users/inesc/Documents/GitHub/LevelDesing/MyProject 5.4/Content/Polar/Meshes/Vista/SM_Ground_Vista_Complex_Collision.uasset" 1148
"C:/Users/inesc/Documents/GitHub/LevelDesing/MyProject 5.4/Content/Polar/Meshes/Vista/SM_Ground_Vista_Complex_Collision.uexp" 1149
"../../../Engine/Content/Engine_MI_Shaders/T_Base_Tile_Normal.ubulk" 1150
"../../../Engine/Content/Engine_MI_Shaders/T_Base_Tile_Normal.uasset" 1151
"../../../Engine/Content/Engine_MI_Shaders/T_Base_Tile_Normal.uexp" 1152
"../../../Engine/Content/Functions/Engine_MaterialFunctions03/ComplexMotion/Motion_4WayChaos_Normal.uasset" 1153
"../../../Engine/Content/Functions/Engine_MaterialFunctions03/ComplexMotion/Motion_4WayChaos_Normal.uexp" 1154
"C:/Users/inesc/Documents/GitHub/LevelDesing/MyProject 5.4/Content/Polar/Textures/CubeMaps/T_Indoor_Blue_Room_CubeMap_Tex.uasset" 1155
"C:/Users/inesc/Documents/GitHub/LevelDesing/MyProject 5.4/Content/Polar/Textures/CubeMaps/T_Indoor_Blue_Room_CubeMap_Tex.uexp" 1156
"C:/Users/inesc/Documents/GitHub/LevelDesing/MyProject 5.4/Content/Polar/Materials/Water/_M_Master_Liquid.uasset" 1157
"C:/Users/inesc/Documents/GitHub/LevelDesing/MyProject 5.4/Content/Polar/Materials/Water/_M_Master_Liquid.uexp" 1158
"C:/Users/inesc/Documents/GitHub/LevelDesing/MyProject 5.4/Content/Polar/Materials/Water/M_Liquid_Tank_Inst.uasset" 1159
"C:/Users/inesc/Documents/GitHub/LevelDesing/MyProject 5.4/Content/Polar/Materials/Water/M_Liquid_Tank_Inst.uexp" 1160
"C:/Users/inesc/Documents/GitHub/LevelDesing/MyProject 5.4/Content/Polar/Materials/Water/M_Liquid_Tank_02_Inst.uasset" 1161
"C:/Users/inesc/Documents/GitHub/LevelDesing/MyProject 5.4/Content/Polar/Materials/Water/M_Liquid_Tank_02_Inst.uexp" 1162
"C:/Users/inesc/Documents/GitHub/LevelDesing/MyProject 5.4/Content/Polar/Materials/Vista_Materials/M_Mountain_02_Displaced_HeavySnow_Inst.uasset" 1163
"C:/Users/inesc/Documents/GitHub/LevelDesing/MyProject 5.4/Content/Polar/Materials/Vista_Materials/M_Mountain_02_Displaced_HeavySnow_Inst.uexp" 1164
"C:/Users/inesc/Documents/GitHub/LevelDesing/MyProject 5.4/Content/Polar/Materials/FX/_M_Caustics_Light.uasset" 1165
"C:/Users/inesc/Documents/GitHub/LevelDesing/MyProject 5.4/Content/Polar/Materials/FX/_M_Caustics_Light.uexp" 1166
"C:/Users/inesc/Documents/GitHub/LevelDesing/MyProject 5.4/Content/Polar/Textures/Particle_Textures/T_Light_Function_Masks.ubulk" 1167
"C:/Users/inesc/Documents/GitHub/LevelDesing/MyProject 5.4/Content/Polar/Textures/Particle_Textures/T_Light_Function_Masks.uasset" 1168
"C:/Users/inesc/Documents/GitHub/LevelDesing/MyProject 5.4/Content/Polar/Textures/Particle_Textures/T_Light_Function_Masks.uexp" 1169
"C:/Users/inesc/Documents/GitHub/LevelDesing/MyProject 5.4/Content/Polar/Materials/FX/_M_Master_Light_Shafts.uasset" 1170
"C:/Users/inesc/Documents/GitHub/LevelDesing/MyProject 5.4/Content/Polar/Materials/FX/_M_Master_Light_Shafts.uexp" 1171
"C:/Users/inesc/Documents/GitHub/LevelDesing/MyProject 5.4/Content/Polar/Materials/FX/M_Light_Shafts_Yellow.uasset" 1172
"C:/Users/inesc/Documents/GitHub/LevelDesing/MyProject 5.4/Content/Polar/Materials/FX/M_Light_Shafts_Yellow.uexp" 1173
"C:/Users/inesc/Documents/GitHub/LevelDesing/MyProject 5.4/Content/Polar/Textures/Vista_Textures/T_Mountain_Tile_NRM.ubulk" 1174
"C:/Users/inesc/Documents/GitHub/LevelDesing/MyProject 5.4/Content/Polar/Textures/Vista_Textures/T_Mountain_Tile_NRM.uasset" 1175
"C:/Users/inesc/Documents/GitHub/LevelDesing/MyProject 5.4/Content/Polar/Textures/Vista_Textures/T_Mountain_Tile_NRM.uexp" 1176
"C:/Users/inesc/Documents/GitHub/LevelDesing/MyProject 5.4/Content/Polar/Textures/CubeMaps/T_Indoor_MainHall_CubeMap.uasset" 1177
"C:/Users/inesc/Documents/GitHub/LevelDesing/MyProject 5.4/Content/Polar/Textures/CubeMaps/T_Indoor_MainHall_CubeMap.uexp" 1178
"C:/Users/inesc/Documents/GitHub/LevelDesing/MyProject 5.4/Content/Polar/Textures/T_Masks_03.ubulk" 1179
"C:/Users/inesc/Documents/GitHub/LevelDesing/MyProject 5.4/Content/Polar/Textures/T_Masks_03.uasset" 1180
"C:/Users/inesc/Documents/GitHub/LevelDesing/MyProject 5.4/Content/Polar/Textures/T_Masks_03.uexp" 1181
"C:/Users/inesc/Documents/GitHub/LevelDesing/MyProject 5.4/Content/Polar/Materials/Decal_Materials/_M_Master_Water_Decal.uasset" 1182
"C:/Users/inesc/Documents/GitHub/LevelDesing/MyProject 5.4/Content/Polar/Materials/Decal_Materials/_M_Master_Water_Decal.uexp" 1183
"C:/Users/inesc/Documents/GitHub/LevelDesing/MyProject 5.4/Content/Polar/Materials/Decal_Materials/M_WaterPuddle_Room_01_Inst.uasset" 1184
"C:/Users/inesc/Documents/GitHub/LevelDesing/MyProject 5.4/Content/Polar/Materials/Decal_Materials/M_WaterPuddle_Room_01_Inst.uexp" 1185
"C:/Users/inesc/Documents/GitHub/LevelDesing/MyProject 5.4/Content/Polar/Materials/Decal_Materials/M_WaterPuddle_Dark_Inst.uasset" 1186
"C:/Users/inesc/Documents/GitHub/LevelDesing/MyProject 5.4/Content/Polar/Materials/Decal_Materials/M_WaterPuddle_Dark_Inst.uexp" 1187
"C:/Users/inesc/Documents/GitHub/LevelDesing/MyProject 5.4/Content/Polar/Textures/Decal_Textures/T_Decal_Wave_NRM.ubulk" 1188
"C:/Users/inesc/Documents/GitHub/LevelDesing/MyProject 5.4/Content/Polar/Textures/Decal_Textures/T_Decal_Wave_NRM.uasset" 1189
"C:/Users/inesc/Documents/GitHub/LevelDesing/MyProject 5.4/Content/Polar/Textures/Decal_Textures/T_Decal_Wave_NRM.uexp" 1190
"C:/Users/inesc/Documents/GitHub/LevelDesing/MyProject 5.4/Content/Polar/Textures/Decal_Textures/T_Decal_Warnings_Mask.ubulk" 1191
"C:/Users/inesc/Documents/GitHub/LevelDesing/MyProject 5.4/Content/Polar/Textures/Decal_Textures/T_Decal_Warnings_Mask.uasset" 1192
"C:/Users/inesc/Documents/GitHub/LevelDesing/MyProject 5.4/Content/Polar/Textures/Decal_Textures/T_Decal_Warnings_Mask.uexp" 1193
"C:/Users/inesc/Documents/GitHub/LevelDesing/MyProject 5.4/Content/Polar/Textures/Decal_Textures/T_Decal_Warnings_CLR.ubulk" 1194
"C:/Users/inesc/Documents/GitHub/LevelDesing/MyProject 5.4/Content/Polar/Textures/Decal_Textures/T_Decal_Warnings_CLR.uasset" 1195
"C:/Users/inesc/Documents/GitHub/LevelDesing/MyProject 5.4/Content/Polar/Textures/Decal_Textures/T_Decal_Warnings_CLR.uexp" 1196
"C:/Users/inesc/Documents/GitHub/LevelDesing/MyProject 5.4/Content/Polar/Textures/Decal_Textures/T_Decal_SPEC.ubulk" 1197
"C:/Users/inesc/Documents/GitHub/LevelDesing/MyProject 5.4/Content/Polar/Textures/Decal_Textures/T_Decal_SPEC.uasset" 1198
"C:/Users/inesc/Documents/GitHub/LevelDesing/MyProject 5.4/Content/Polar/Textures/Decal_Textures/T_Decal_SPEC.uexp" 1199
"C:/Users/inesc/Documents/GitHub/LevelDesing/MyProject 5.4/Content/Polar/Materials/Decal_Materials/_M_Master_Sign_Decal.uasset" 1200
"C:/Users/inesc/Documents/GitHub/LevelDesing/MyProject 5.4/Content/Polar/Materials/Decal_Materials/_M_Master_Sign_Decal.uexp" 1201
"C:/Users/inesc/Documents/GitHub/LevelDesing/MyProject 5.4/Content/Polar/Materials/Decal_Materials/M_Sign_Caution_Inst.uasset" 1202
"C:/Users/inesc/Documents/GitHub/LevelDesing/MyProject 5.4/Content/Polar/Materials/Decal_Materials/M_Sign_Caution_Inst.uexp" 1203
"C:/Users/inesc/Documents/GitHub/LevelDesing/MyProject 5.4/Content/Polar/Materials/Decal_Materials/M_Decal_Large_Water_Room_02_Inst.uasset" 1204
"C:/Users/inesc/Documents/GitHub/LevelDesing/MyProject 5.4/Content/Polar/Materials/Decal_Materials/M_Decal_Large_Water_Room_02_Inst.uexp" 1205
"C:/Users/inesc/Documents/GitHub/LevelDesing/MyProject 5.4/Content/Polar/Materials/Decal_Materials/M_Decal_Large_Water_Room_01_Inst.uasset" 1206
"C:/Users/inesc/Documents/GitHub/LevelDesing/MyProject 5.4/Content/Polar/Materials/Decal_Materials/M_Decal_Large_Water_Room_01_Inst.uexp" 1207
"C:/Users/inesc/Documents/GitHub/LevelDesing/MyProject 5.4/Content/Polar/Materials/Decal_Materials/M_Decal_Large_Water_Inst.uasset" 1208
"C:/Users/inesc/Documents/GitHub/LevelDesing/MyProject 5.4/Content/Polar/Materials/Decal_Materials/M_Decal_Large_Water_Inst.uexp" 1209
"C:/Users/inesc/Documents/GitHub/LevelDesing/MyProject 5.4/Content/Polar/Textures/T_Generator_NRM.ubulk" 1210
"C:/Users/inesc/Documents/GitHub/LevelDesing/MyProject 5.4/Content/Polar/Textures/T_Generator_NRM.uasset" 1211
"C:/Users/inesc/Documents/GitHub/LevelDesing/MyProject 5.4/Content/Polar/Textures/T_Generator_NRM.uexp" 1212
"C:/Users/inesc/Documents/GitHub/LevelDesing/MyProject 5.4/Content/Polar/Textures/T_Generator_CLR.ubulk" 1213
"C:/Users/inesc/Documents/GitHub/LevelDesing/MyProject 5.4/Content/Polar/Textures/T_Generator_CLR.uasset" 1214
"C:/Users/inesc/Documents/GitHub/LevelDesing/MyProject 5.4/Content/Polar/Textures/T_Generator_CLR.uexp" 1215
"C:/Users/inesc/Documents/GitHub/LevelDesing/MyProject 5.4/Content/Polar/Textures/CubeMaps/T_Indoor_MainHall_Blurred_CubeMap.uasset" 1216
"C:/Users/inesc/Documents/GitHub/LevelDesing/MyProject 5.4/Content/Polar/Textures/CubeMaps/T_Indoor_MainHall_Blurred_CubeMap.uexp" 1217
"C:/Users/inesc/Documents/GitHub/LevelDesing/MyProject 5.4/Content/Polar/Textures/T_Generator_Masks.ubulk" 1218
"C:/Users/inesc/Documents/GitHub/LevelDesing/MyProject 5.4/Content/Polar/Textures/T_Generator_Masks.uasset" 1219
"C:/Users/inesc/Documents/GitHub/LevelDesing/MyProject 5.4/Content/Polar/Textures/T_Generator_Masks.uexp" 1220
"C:/Users/inesc/Documents/GitHub/LevelDesing/MyProject 5.4/Content/Polar/Textures/T_Generator_SPEC.ubulk" 1221
"C:/Users/inesc/Documents/GitHub/LevelDesing/MyProject 5.4/Content/Polar/Textures/T_Generator_SPEC.uasset" 1222
"C:/Users/inesc/Documents/GitHub/LevelDesing/MyProject 5.4/Content/Polar/Textures/T_Generator_SPEC.uexp" 1223
"C:/Users/inesc/Documents/GitHub/LevelDesing/MyProject 5.4/Content/Polar/Materials/Architectural/_M_Master_Material.uasset" 1224
"C:/Users/inesc/Documents/GitHub/LevelDesing/MyProject 5.4/Content/Polar/Materials/Architectural/_M_Master_Material.uexp" 1225
"C:/Users/inesc/Documents/GitHub/LevelDesing/MyProject 5.4/Content/Polar/Materials/Architectural/M_Generator_Flicker_Inst.uasset" 1226
"C:/Users/inesc/Documents/GitHub/LevelDesing/MyProject 5.4/Content/Polar/Materials/Architectural/M_Generator_Flicker_Inst.uexp" 1227
"C:/Users/inesc/Documents/GitHub/LevelDesing/MyProject 5.4/Content/Polar/Materials/Architectural/M_Generator_Inst.uasset" 1228
"C:/Users/inesc/Documents/GitHub/LevelDesing/MyProject 5.4/Content/Polar/Materials/Architectural/M_Generator_Inst.uexp" 1229
"C:/Users/inesc/Documents/GitHub/LevelDesing/MyProject 5.4/Content/Polar/Materials/Architectural/M_Generator_Chrome_Inst.uasset" 1230
"C:/Users/inesc/Documents/GitHub/LevelDesing/MyProject 5.4/Content/Polar/Materials/Architectural/M_Generator_Chrome_Inst.uexp" 1231
"C:/Users/inesc/Documents/GitHub/LevelDesing/MyProject 5.4/Content/Polar/Materials/Architectural/M_Generator_Red_Inst.uasset" 1232
"C:/Users/inesc/Documents/GitHub/LevelDesing/MyProject 5.4/Content/Polar/Materials/Architectural/M_Generator_Red_Inst.uexp" 1233
"C:/Users/inesc/Documents/GitHub/LevelDesing/MyProject 5.4/Content/Polar/Materials/Architectural/M_Generator_Bright_Inst.uasset" 1234
"C:/Users/inesc/Documents/GitHub/LevelDesing/MyProject 5.4/Content/Polar/Materials/Architectural/M_Generator_Bright_Inst.uexp" 1235
"C:/Users/inesc/Documents/GitHub/LevelDesing/MyProject 5.4/Content/Polar/Textures/T_Floor_Masks.ubulk" 1236
"C:/Users/inesc/Documents/GitHub/LevelDesing/MyProject 5.4/Content/Polar/Textures/T_Floor_Masks.uasset" 1237
"C:/Users/inesc/Documents/GitHub/LevelDesing/MyProject 5.4/Content/Polar/Textures/T_Floor_Masks.uexp" 1238
"C:/Users/inesc/Documents/GitHub/LevelDesing/MyProject 5.4/Content/Polar/Textures/T_Floor_NRM.ubulk" 1239
"C:/Users/inesc/Documents/GitHub/LevelDesing/MyProject 5.4/Content/Polar/Textures/T_Floor_NRM.uasset" 1240
"C:/Users/inesc/Documents/GitHub/LevelDesing/MyProject 5.4/Content/Polar/Textures/T_Floor_NRM.uexp" 1241
"C:/Users/inesc/Documents/GitHub/LevelDesing/MyProject 5.4/Content/Polar/Textures/T_Floor_CLR.ubulk" 1242
"C:/Users/inesc/Documents/GitHub/LevelDesing/MyProject 5.4/Content/Polar/Textures/T_Floor_CLR.uasset" 1243
"C:/Users/inesc/Documents/GitHub/LevelDesing/MyProject 5.4/Content/Polar/Textures/T_Floor_CLR.uexp" 1244
"C:/Users/inesc/Documents/GitHub/LevelDesing/MyProject 5.4/Content/Polar/Textures/T_Floor_SPEC.ubulk" 1245
"C:/Users/inesc/Documents/GitHub/LevelDesing/MyProject 5.4/Content/Polar/Textures/T_Floor_SPEC.uasset" 1246
"C:/Users/inesc/Documents/GitHub/LevelDesing/MyProject 5.4/Content/Polar/Textures/T_Floor_SPEC.uexp" 1247
"C:/Users/inesc/Documents/GitHub/LevelDesing/MyProject 5.4/Content/Polar/Materials/Architectural/_M_Master_Material_2Sided.uasset" 1248
"C:/Users/inesc/Documents/GitHub/LevelDesing/MyProject 5.4/Content/Polar/Materials/Architectural/_M_Master_Material_2Sided.uexp" 1249
"C:/Users/inesc/Documents/GitHub/LevelDesing/MyProject 5.4/Content/Polar/Materials/Architectural/M_Floor_Yellow_LightON_Inst.uasset" 1250
"C:/Users/inesc/Documents/GitHub/LevelDesing/MyProject 5.4/Content/Polar/Materials/Architectural/M_Floor_Yellow_LightON_Inst.uexp" 1251
"C:/Users/inesc/Documents/GitHub/LevelDesing/MyProject 5.4/Content/Polar/Materials/Architectural/M_Floor_Opeque_Yellow_Light_Inst.uasset" 1252
"C:/Users/inesc/Documents/GitHub/LevelDesing/MyProject 5.4/Content/Polar/Materials/Architectural/M_Floor_Opeque_Yellow_Light_Inst.uexp" 1253
"C:/Users/inesc/Documents/GitHub/LevelDesing/MyProject 5.4/Content/Polar/Materials/Architectural/M_Floor_Opeque_Blue_Light_02_Inst.uasset" 1254
"C:/Users/inesc/Documents/GitHub/LevelDesing/MyProject 5.4/Content/Polar/Materials/Architectural/M_Floor_Opeque_Blue_Light_02_Inst.uexp" 1255
"../../../Engine/Content/MapTemplates/Sky/DaylightAmbientCubemap.uasset" 1256
"../../../Engine/Content/MapTemplates/Sky/DaylightAmbientCubemap.uexp" 1257
"C:/Users/inesc/Documents/GitHub/LevelDesing/MyProject 5.4/Content/KiteDemo/LevelContent/Blueprints/Assets/M_LightStage_Skybox_Master.uasset" 1258
"C:/Users/inesc/Documents/GitHub/LevelDesing/MyProject 5.4/Content/KiteDemo/LevelContent/Blueprints/Assets/M_LightStage_Skybox_Master.uexp" 1259
"C:/Users/inesc/Documents/GitHub/LevelDesing/MyProject 5.4/Content/KiteDemo/LevelContent/Blueprints/Assets/M_LightStage_Skybox_HDRI.uasset" 1260
"C:/Users/inesc/Documents/GitHub/LevelDesing/MyProject 5.4/Content/KiteDemo/LevelContent/Blueprints/Assets/M_LightStage_Skybox_HDRI.uexp" 1261
"C:/Users/inesc/Documents/GitHub/LevelDesing/MyProject 5.4/Content/KiteDemo/LevelContent/Blueprints/Assets/SM_Arrows.ubulk" 1262
"C:/Users/inesc/Documents/GitHub/LevelDesing/MyProject 5.4/Content/KiteDemo/LevelContent/Blueprints/Assets/SM_Arrows.uasset" 1263
"C:/Users/inesc/Documents/GitHub/LevelDesing/MyProject 5.4/Content/KiteDemo/LevelContent/Blueprints/Assets/SM_Arrows.uexp" 1264
"C:/Users/inesc/Documents/GitHub/LevelDesing/MyProject 5.4/Content/KiteDemo/LevelContent/HDRI/HDRI_Epic_Courtyard_Daylight.uasset" 1265
"C:/Users/inesc/Documents/GitHub/LevelDesing/MyProject 5.4/Content/KiteDemo/LevelContent/HDRI/HDRI_Epic_Courtyard_Daylight.uexp" 1266
"../../../Engine/Content/ArtTools/RenderToTexture/MaterialFunctions/CheckerPattern.uasset" 1267
"../../../Engine/Content/ArtTools/RenderToTexture/MaterialFunctions/CheckerPattern.uexp" 1268
"../../../Engine/Content/Functions/Engine_MaterialFunctions01/Texturing/ScaleUVsByCenter.uasset" 1269
"../../../Engine/Content/Functions/Engine_MaterialFunctions01/Texturing/ScaleUVsByCenter.uexp" 1270
"../../../Engine/Content/Functions/Engine_MaterialFunctions02/ScreenResolution.uasset" 1271
"../../../Engine/Content/Functions/Engine_MaterialFunctions02/ScreenResolution.uexp" 1272
"../../../Engine/Content/Functions/Engine_MaterialFunctions02/Texturing/ScreenAlignedUVs.uasset" 1273
"../../../Engine/Content/Functions/Engine_MaterialFunctions02/Texturing/ScreenAlignedUVs.uexp" 1274
"../../../Engine/Content/EditorMaterials/Thumbnails/SkySphereMaterial.uasset" 1275
"../../../Engine/Content/EditorMaterials/Thumbnails/SkySphereMaterial.uexp" 1276
"C:/Users/inesc/Documents/GitHub/LevelDesing/MyProject 5.4/Content/KiteDemo/LevelContent/Blueprints/Assets/Skybox.ubulk" 1277
"C:/Users/inesc/Documents/GitHub/LevelDesing/MyProject 5.4/Content/KiteDemo/LevelContent/Blueprints/Assets/Skybox.uasset" 1278
"C:/Users/inesc/Documents/GitHub/LevelDesing/MyProject 5.4/Content/KiteDemo/LevelContent/Blueprints/Assets/Skybox.uexp" 1279
"C:/Users/inesc/Documents/GitHub/LevelDesing/MyProject 5.4/Content/KiteDemo/LevelContent/Blueprints/Assets/FogBrightnessLUT.uasset" 1280
"C:/Users/inesc/Documents/GitHub/LevelDesing/MyProject 5.4/Content/KiteDemo/LevelContent/Blueprints/Assets/FogBrightnessLUT.uexp" 1281
"C:/Users/inesc/Documents/GitHub/LevelDesing/MyProject 5.4/Content/KiteDemo/LevelContent/Blueprints/Assets/M_LightStage_Arrows.uasset" 1282
"C:/Users/inesc/Documents/GitHub/LevelDesing/MyProject 5.4/Content/KiteDemo/LevelContent/Blueprints/Assets/M_LightStage_Arrows.uexp" 1283
"C:/Users/inesc/Documents/GitHub/LevelDesing/MyProject 5.4/Content/KiteDemo/LevelContent/Blueprints/Assets/SunlightColorLUT.uasset" 1284
"C:/Users/inesc/Documents/GitHub/LevelDesing/MyProject 5.4/Content/KiteDemo/LevelContent/Blueprints/Assets/SunlightColorLUT.uexp" 1285
"C:/Users/inesc/Documents/GitHub/LevelDesing/MyProject 5.4/Content/KiteDemo/LevelContent/Blueprints/Assets/M_LightStage_Skybox_Black.uasset" 1286
"C:/Users/inesc/Documents/GitHub/LevelDesing/MyProject 5.4/Content/KiteDemo/LevelContent/Blueprints/Assets/M_LightStage_Skybox_Black.uexp" 1287
"C:/Users/inesc/Documents/GitHub/LevelDesing/MyProject 5.4/Content/KiteDemo/LevelContent/Blueprints/BP_LightStudio.uasset" 1288
"C:/Users/inesc/Documents/GitHub/LevelDesing/MyProject 5.4/Content/KiteDemo/LevelContent/Blueprints/BP_LightStudio.uexp" 1289
"C:/Users/inesc/Documents/GitHub/LevelDesing/MyProject 5.4/Content/KiteDemo/LevelContent/Architecture/SM_AssetPlatform_02.ubulk" 1290
"C:/Users/inesc/Documents/GitHub/LevelDesing/MyProject 5.4/Content/KiteDemo/LevelContent/Architecture/SM_AssetPlatform_02.uasset" 1291
"C:/Users/inesc/Documents/GitHub/LevelDesing/MyProject 5.4/Content/KiteDemo/LevelContent/Architecture/SM_AssetPlatform_02.uexp" 1292
"C:/Users/inesc/Documents/GitHub/LevelDesing/MyProject 5.4/Content/FPWeapon/Materials/MaterialLayers/T_ML_FineRubber.ubulk" 1293
"C:/Users/inesc/Documents/GitHub/LevelDesing/MyProject 5.4/Content/FPWeapon/Materials/MaterialLayers/T_ML_FineRubber.uasset" 1294
"C:/Users/inesc/Documents/GitHub/LevelDesing/MyProject 5.4/Content/FPWeapon/Materials/MaterialLayers/T_ML_FineRubber.uexp" 1295
"C:/Users/inesc/Documents/GitHub/LevelDesing/MyProject 5.4/Content/FirstPerson/Input/Actions/IA_Jump1.uasset" 1296
"C:/Users/inesc/Documents/GitHub/LevelDesing/MyProject 5.4/Content/FirstPerson/Input/Actions/IA_Jump1.uexp" 1297
"../../../Engine/Content/BasicShapes/Sphere.ubulk" 1298
"../../../Engine/Content/BasicShapes/Sphere.uasset" 1299
"../../../Engine/Content/BasicShapes/Sphere.uexp" 1300
"../../../Engine/Plugins/Fab/Content/MaterialParameterCollection/QMPC_GlobalFoliageActor.uasset" 1301
"../../../Engine/Plugins/Fab/Content/MaterialParameterCollection/QMPC_GlobalFoliageActor.uexp" 1302
"../../../Engine/Content/Functions/Engine_MaterialFunctions01/WorldPositionOffset/SimpleGrassWind.uasset" 1303
"../../../Engine/Content/Functions/Engine_MaterialFunctions01/WorldPositionOffset/SimpleGrassWind.uexp" 1304
"../../../Engine/Plugins/Fab/Content/Actors/GlobalFoliageActor/Materials/MA_UI_Element.uasset" 1305
"../../../Engine/Plugins/Fab/Content/Actors/GlobalFoliageActor/Materials/MA_UI_Element.uexp" 1306
"../../../Engine/Plugins/Fab/Content/Actors/GlobalFoliageActor/Materials/MA_UI_Element_Inst.uasset" 1307
"../../../Engine/Plugins/Fab/Content/Actors/GlobalFoliageActor/Materials/MA_UI_Element_Inst.uexp" 1308
"../../../Engine/Plugins/Fab/Content/Actors/GlobalFoliageActor/Geometry/Icon_Base.ubulk" 1309
"../../../Engine/Plugins/Fab/Content/Actors/GlobalFoliageActor/Geometry/Icon_Base.uasset" 1310
"../../../Engine/Plugins/Fab/Content/Actors/GlobalFoliageActor/Geometry/Icon_Base.uexp" 1311
"../../../Engine/Plugins/Fab/Content/Actors/GlobalFoliageActor/Geometry/Icon_Sock.ubulk" 1312
"../../../Engine/Plugins/Fab/Content/Actors/GlobalFoliageActor/Geometry/Icon_Sock.uasset" 1313
"../../../Engine/Plugins/Fab/Content/Actors/GlobalFoliageActor/Geometry/Icon_Sock.uexp" 1314
"../../../Engine/Content/BasicShapes/BasicShapeMaterial.uasset" 1315
"../../../Engine/Content/BasicShapes/BasicShapeMaterial.uexp" 1316
"../../../Engine/Plugins/Fab/Content/Actors/GlobalFoliageActor/Geometry/Icon_Arrow_Test.ubulk" 1317
"../../../Engine/Plugins/Fab/Content/Actors/GlobalFoliageActor/Geometry/Icon_Arrow_Test.uasset" 1318
"../../../Engine/Plugins/Fab/Content/Actors/GlobalFoliageActor/Geometry/Icon_Arrow_Test.uexp" 1319
"../../../Engine/Plugins/Fab/Content/Actors/GlobalFoliageActor/BP_GlobalFoliageActor_UE5.uasset" 1320
"../../../Engine/Plugins/Fab/Content/Actors/GlobalFoliageActor/BP_GlobalFoliageActor_UE5.uexp" 1321
"C:/Users/inesc/Documents/GitHub/LevelDesing/MyProject 5.4/Content/Fab/Megascans/Plants/BP_GlobalFoliageActor.uasset" 1322
"C:/Users/inesc/Documents/GitHub/LevelDesing/MyProject 5.4/Content/Fab/Megascans/Plants/BP_GlobalFoliageActor.uexp" 1323
"C:/Users/inesc/Documents/GitHub/LevelDesing/MyProject 5.4/Content/Fab/Concrete_rectangle_block/concrete_rectangle_block_texture_3.uexp" 1324
"C:/Users/inesc/Documents/GitHub/LevelDesing/MyProject 5.4/Content/Fab/Concrete_rectangle_block/concrete_rectangle_block_texture_3.ubulk" 1325
"C:/Users/inesc/Documents/GitHub/LevelDesing/MyProject 5.4/Content/Fab/Concrete_rectangle_block/concrete_rectangle_block_texture_3.uasset" 1326
"C:/Users/inesc/Documents/GitHub/LevelDesing/MyProject 5.4/Content/Fab/Concrete_rectangle_block/concrete_rectangle_block_texture_3.uptnl" 1327
"C:/Users/inesc/Documents/GitHub/LevelDesing/MyProject 5.4/Content/Fab/Concrete_column/material2.uasset" 1328
"C:/Users/inesc/Documents/GitHub/LevelDesing/MyProject 5.4/Content/Fab/Concrete_column/material2.uexp" 1329
"C:/Users/inesc/Documents/GitHub/LevelDesing/MyProject 5.4/Content/Fab/Concrete_column/material1.uasset" 1330
"C:/Users/inesc/Documents/GitHub/LevelDesing/MyProject 5.4/Content/Fab/Concrete_column/material1.uexp" 1331
"C:/Users/inesc/Documents/GitHub/LevelDesing/MyProject 5.4/Content/Fab/Concrete_column/material0.uasset" 1332
"C:/Users/inesc/Documents/GitHub/LevelDesing/MyProject 5.4/Content/Fab/Concrete_column/material0.uexp" 1333
"C:/Users/inesc/Documents/GitHub/LevelDesing/MyProject 5.4/Content/Fab/Concrete_column/concrete_column.ubulk" 1334
"C:/Users/inesc/Documents/GitHub/LevelDesing/MyProject 5.4/Content/Fab/Concrete_column/concrete_column.uasset" 1335
"C:/Users/inesc/Documents/GitHub/LevelDesing/MyProject 5.4/Content/Fab/Concrete_column/concrete_column.uexp" 1336
"C:/Users/inesc/Documents/GitHub/LevelDesing/MyProject 5.4/Content/Fab/Cactus_Reality_Scan/cactus_reality_scan_texture_0.uexp" 1337
"C:/Users/inesc/Documents/GitHub/LevelDesing/MyProject 5.4/Content/Fab/Cactus_Reality_Scan/cactus_reality_scan_texture_0.ubulk" 1338
"C:/Users/inesc/Documents/GitHub/LevelDesing/MyProject 5.4/Content/Fab/Cactus_Reality_Scan/cactus_reality_scan_texture_0.uasset" 1339
"C:/Users/inesc/Documents/GitHub/LevelDesing/MyProject 5.4/Content/Fab/Cactus_Reality_Scan/cactus_reality_scan_texture_0.uptnl" 1340
"C:/Users/inesc/Documents/GitHub/LevelDesing/MyProject 5.4/Content/Fab/Cactus_Reality_Scan/tex_u1_v1.uasset" 1341
"C:/Users/inesc/Documents/GitHub/LevelDesing/MyProject 5.4/Content/Fab/Cactus_Reality_Scan/tex_u1_v1.uexp" 1342
"C:/Users/inesc/Documents/GitHub/LevelDesing/MyProject 5.4/Content/Fab/Cactus_Reality_Scan/cactus_reality_scan.ubulk" 1343
"C:/Users/inesc/Documents/GitHub/LevelDesing/MyProject 5.4/Content/Fab/Cactus_Reality_Scan/cactus_reality_scan.uasset" 1344
"C:/Users/inesc/Documents/GitHub/LevelDesing/MyProject 5.4/Content/Fab/Cactus_Reality_Scan/cactus_reality_scan.uexp" 1345
"C:/Users/inesc/Documents/GitHub/LevelDesing/MyProject 5.4/Content/Fab/Bush_+_Ivy_Pack_LOWPOLY/IvyBranch.uasset" 1346
"C:/Users/inesc/Documents/GitHub/LevelDesing/MyProject 5.4/Content/Fab/Bush_+_Ivy_Pack_LOWPOLY/IvyBranch.uexp" 1347
"C:/Users/inesc/Documents/GitHub/LevelDesing/MyProject 5.4/Content/Fab/Bush_+_Ivy_Pack_LOWPOLY/bush_ivy_pack_lowpoly_texture_0.ubulk" 1348
"C:/Users/inesc/Documents/GitHub/LevelDesing/MyProject 5.4/Content/Fab/Bush_+_Ivy_Pack_LOWPOLY/bush_ivy_pack_lowpoly_texture_0.uasset" 1349
"C:/Users/inesc/Documents/GitHub/LevelDesing/MyProject 5.4/Content/Fab/Bush_+_Ivy_Pack_LOWPOLY/bush_ivy_pack_lowpoly_texture_0.uexp" 1350
"C:/Users/inesc/Documents/GitHub/LevelDesing/MyProject 5.4/Content/Fab/Bush_+_Ivy_Pack_LOWPOLY/bush_ivy_pack_lowpoly_texture_1.ubulk" 1351
"C:/Users/inesc/Documents/GitHub/LevelDesing/MyProject 5.4/Content/Fab/Bush_+_Ivy_Pack_LOWPOLY/bush_ivy_pack_lowpoly_texture_1.uasset" 1352
"C:/Users/inesc/Documents/GitHub/LevelDesing/MyProject 5.4/Content/Fab/Bush_+_Ivy_Pack_LOWPOLY/bush_ivy_pack_lowpoly_texture_1.uexp" 1353
"../../../Engine/Plugins/Interchange/Runtime/Content/gltf/MaterialInstances/MI_Default_Blend_DS.uasset" 1354
"../../../Engine/Plugins/Interchange/Runtime/Content/gltf/MaterialInstances/MI_Default_Blend_DS.uexp" 1355
"C:/Users/inesc/Documents/GitHub/LevelDesing/MyProject 5.4/Content/Fab/Bush_+_Ivy_Pack_LOWPOLY/IvyLeaf.uasset" 1356
"C:/Users/inesc/Documents/GitHub/LevelDesing/MyProject 5.4/Content/Fab/Bush_+_Ivy_Pack_LOWPOLY/IvyLeaf.uexp" 1357
"C:/Users/inesc/Documents/GitHub/LevelDesing/MyProject 5.4/Content/Fab/Bush_+_Ivy_Pack_LOWPOLY/bush_ivy_pack_lowpoly_texture_4.ubulk" 1358
"C:/Users/inesc/Documents/GitHub/LevelDesing/MyProject 5.4/Content/Fab/Bush_+_Ivy_Pack_LOWPOLY/bush_ivy_pack_lowpoly_texture_4.uasset" 1359
"C:/Users/inesc/Documents/GitHub/LevelDesing/MyProject 5.4/Content/Fab/Bush_+_Ivy_Pack_LOWPOLY/bush_ivy_pack_lowpoly_texture_4.uexp" 1360
"C:/Users/inesc/Documents/GitHub/LevelDesing/MyProject 5.4/Content/Fab/Bush_+_Ivy_Pack_LOWPOLY/FernLong.uasset" 1361
"C:/Users/inesc/Documents/GitHub/LevelDesing/MyProject 5.4/Content/Fab/Bush_+_Ivy_Pack_LOWPOLY/FernLong.uexp" 1362
"C:/Users/inesc/Documents/GitHub/LevelDesing/MyProject 5.4/Content/Fab/Bush_+_Ivy_Pack_LOWPOLY/wall.uasset" 1363
"C:/Users/inesc/Documents/GitHub/LevelDesing/MyProject 5.4/Content/Fab/Bush_+_Ivy_Pack_LOWPOLY/wall.uexp" 1364
"C:/Users/inesc/Documents/GitHub/LevelDesing/MyProject 5.4/Content/Fab/Bush_+_Ivy_Pack_LOWPOLY/bush_ivy_pack_lowpoly_texture_2.ubulk" 1365
"C:/Users/inesc/Documents/GitHub/LevelDesing/MyProject 5.4/Content/Fab/Bush_+_Ivy_Pack_LOWPOLY/bush_ivy_pack_lowpoly_texture_2.uasset" 1366
"C:/Users/inesc/Documents/GitHub/LevelDesing/MyProject 5.4/Content/Fab/Bush_+_Ivy_Pack_LOWPOLY/bush_ivy_pack_lowpoly_texture_2.uexp" 1367
"C:/Users/inesc/Documents/GitHub/LevelDesing/MyProject 5.4/Content/Fab/Bush_+_Ivy_Pack_LOWPOLY/hosta1.uasset" 1368
"C:/Users/inesc/Documents/GitHub/LevelDesing/MyProject 5.4/Content/Fab/Bush_+_Ivy_Pack_LOWPOLY/hosta1.uexp" 1369
"C:/Users/inesc/Documents/GitHub/LevelDesing/MyProject 5.4/Content/Fab/Bush_+_Ivy_Pack_LOWPOLY/bush_ivy_pack_lowpoly_texture_3.ubulk" 1370
"C:/Users/inesc/Documents/GitHub/LevelDesing/MyProject 5.4/Content/Fab/Bush_+_Ivy_Pack_LOWPOLY/bush_ivy_pack_lowpoly_texture_3.uasset" 1371
"C:/Users/inesc/Documents/GitHub/LevelDesing/MyProject 5.4/Content/Fab/Bush_+_Ivy_Pack_LOWPOLY/bush_ivy_pack_lowpoly_texture_3.uexp" 1372
"C:/Users/inesc/Documents/GitHub/LevelDesing/MyProject 5.4/Content/Fab/Bush_+_Ivy_Pack_LOWPOLY/Fern1.uasset" 1373
"C:/Users/inesc/Documents/GitHub/LevelDesing/MyProject 5.4/Content/Fab/Bush_+_Ivy_Pack_LOWPOLY/Fern1.uexp" 1374
"C:/Users/inesc/Documents/GitHub/LevelDesing/MyProject 5.4/Content/Fab/Bush_+_Ivy_Pack_LOWPOLY/bush_ivy_pack_lowpoly.ubulk" 1375
"C:/Users/inesc/Documents/GitHub/LevelDesing/MyProject 5.4/Content/Fab/Bush_+_Ivy_Pack_LOWPOLY/bush_ivy_pack_lowpoly.uasset" 1376
"C:/Users/inesc/Documents/GitHub/LevelDesing/MyProject 5.4/Content/Fab/Bush_+_Ivy_Pack_LOWPOLY/bush_ivy_pack_lowpoly.uexp" 1377
"../../../Engine/Plugins/Interchange/Runtime/Content/gltf/MaterialInstances/MI_Unlit_Opaque.uasset" 1378
"../../../Engine/Plugins/Interchange/Runtime/Content/gltf/MaterialInstances/MI_Unlit_Opaque.uexp" 1379
"../../../Engine/Plugins/Interchange/Runtime/Content/gltf/MaterialInstances/MI_Unlit_Mask_DS.uasset" 1380
"../../../Engine/Plugins/Interchange/Runtime/Content/gltf/MaterialInstances/MI_Unlit_Mask_DS.uexp" 1381
"../../../Engine/Plugins/Interchange/Runtime/Content/gltf/MaterialInstances/MI_Unlit_Mask.uasset" 1382
"../../../Engine/Plugins/Interchange/Runtime/Content/gltf/MaterialInstances/MI_Unlit_Mask.uexp" 1383
"../../../Engine/Plugins/Interchange/Runtime/Content/gltf/MaterialInstances/MI_Unlit_Blend_DS.uasset" 1384
"../../../Engine/Plugins/Interchange/Runtime/Content/gltf/MaterialInstances/MI_Unlit_Blend_DS.uexp" 1385
"../../../Engine/Plugins/Interchange/Runtime/Content/gltf/MaterialInstances/MI_Unlit_Blend.uasset" 1386
"../../../Engine/Plugins/Interchange/Runtime/Content/gltf/MaterialInstances/MI_Unlit_Blend.uexp" 1387
"../../../Engine/Plugins/Interchange/Runtime/Content/gltf/MaterialFunctions/MF_Transmission.uasset" 1388
"../../../Engine/Plugins/Interchange/Runtime/Content/gltf/MaterialFunctions/MF_Transmission.uexp" 1389
"../../../Engine/Plugins/Interchange/Runtime/Content/gltf/MaterialBodies/MF_Transmission_Body.uasset" 1390
"../../../Engine/Plugins/Interchange/Runtime/Content/gltf/MaterialBodies/MF_Transmission_Body.uexp" 1391
"../../../Engine/Plugins/Interchange/Runtime/Content/gltf/M_Transmission.uasset" 1392
"../../../Engine/Plugins/Interchange/Runtime/Content/gltf/M_Transmission.uexp" 1393
"../../../Engine/Plugins/Interchange/Runtime/Content/gltf/MaterialInstances/MI_Transmission_DS.uasset" 1394
"../../../Engine/Plugins/Interchange/Runtime/Content/gltf/MaterialInstances/MI_Transmission_DS.uexp" 1395
"../../../Engine/Plugins/Interchange/Runtime/Content/gltf/MaterialInstances/MI_Transmission.uasset" 1396
"../../../Engine/Plugins/Interchange/Runtime/Content/gltf/MaterialInstances/MI_Transmission.uexp" 1397
"../../../Engine/Plugins/Interchange/Runtime/Content/gltf/MaterialFunctions/MF_DiffuseSpecGloss.uasset" 1398
"../../../Engine/Plugins/Interchange/Runtime/Content/gltf/MaterialFunctions/MF_DiffuseSpecGloss.uexp" 1399
"../../../Engine/Content/Functions/Engine_MaterialFunctions02/Math/AddComponents.uasset" 1400
"../../../Engine/Content/Functions/Engine_MaterialFunctions02/Math/AddComponents.uexp" 1401
"../../../Engine/Plugins/Interchange/Runtime/Content/gltf/MaterialFunctions/MF_PerceivedBrightness.uasset" 1402
"../../../Engine/Plugins/Interchange/Runtime/Content/gltf/MaterialFunctions/MF_PerceivedBrightness.uexp" 1403
"../../../Engine/Plugins/Interchange/Runtime/Content/gltf/MaterialFunctions/MF_SpecGlossToMetalRoughness.uasset" 1404
"../../../Engine/Plugins/Interchange/Runtime/Content/gltf/MaterialFunctions/MF_SpecGlossToMetalRoughness.uexp" 1405
"../../../Engine/Plugins/Interchange/Runtime/Content/gltf/MaterialBodies/MF_SpecularGlossiness_Body.uasset" 1406
"../../../Engine/Plugins/Interchange/Runtime/Content/gltf/MaterialBodies/MF_SpecularGlossiness_Body.uexp" 1407
"../../../Engine/Plugins/Interchange/Runtime/Content/gltf/M_SpecularGlossiness.uasset" 1408
"../../../Engine/Plugins/Interchange/Runtime/Content/gltf/M_SpecularGlossiness.uexp" 1409
"../../../Engine/Plugins/Interchange/Runtime/Content/gltf/MaterialInstances/MI_SpecularGlossiness_Opaque_DS.uasset" 1410
"../../../Engine/Plugins/Interchange/Runtime/Content/gltf/MaterialInstances/MI_SpecularGlossiness_Opaque_DS.uexp" 1411
"../../../Engine/Plugins/Interchange/Runtime/Content/gltf/MaterialInstances/MI_SpecularGlossiness_Opaque.uasset" 1412
"../../../Engine/Plugins/Interchange/Runtime/Content/gltf/MaterialInstances/MI_SpecularGlossiness_Opaque.uexp" 1413
"../../../Engine/Plugins/Interchange/Runtime/Content/gltf/MaterialInstances/MI_SpecularGlossiness_Mask_DS.uasset" 1414
"../../../Engine/Plugins/Interchange/Runtime/Content/gltf/MaterialInstances/MI_SpecularGlossiness_Mask_DS.uexp" 1415
"../../../Engine/Plugins/Interchange/Runtime/Content/gltf/MaterialInstances/MI_SpecularGlossiness_Mask.uasset" 1416
"../../../Engine/Plugins/Interchange/Runtime/Content/gltf/MaterialInstances/MI_SpecularGlossiness_Mask.uexp" 1417
"../../../Engine/Plugins/Interchange/Runtime/Content/gltf/MaterialInstances/MI_SpecularGlossiness_Blend_DS.uasset" 1418
"../../../Engine/Plugins/Interchange/Runtime/Content/gltf/MaterialInstances/MI_SpecularGlossiness_Blend_DS.uexp" 1419
"../../../Engine/Plugins/Interchange/Runtime/Content/gltf/MaterialInstances/MI_SpecularGlossiness_Blend.uasset" 1420
"../../../Engine/Plugins/Interchange/Runtime/Content/gltf/MaterialInstances/MI_SpecularGlossiness_Blend.uexp" 1421
"../../../Engine/Plugins/Interchange/Runtime/Content/gltf/MaterialFunctions/MF_Sheen.uasset" 1422
"../../../Engine/Plugins/Interchange/Runtime/Content/gltf/MaterialFunctions/MF_Sheen.uexp" 1423
"../../../Engine/Plugins/Interchange/Runtime/Content/gltf/MaterialBodies/MF_Sheen_Body.uasset" 1424
"../../../Engine/Plugins/Interchange/Runtime/Content/gltf/MaterialBodies/MF_Sheen_Body.uexp" 1425
"../../../Engine/Plugins/Interchange/Runtime/Content/gltf/M_Sheen.uasset" 1426
"../../../Engine/Plugins/Interchange/Runtime/Content/gltf/M_Sheen.uexp" 1427
"../../../Engine/Plugins/Interchange/Runtime/Content/gltf/MaterialInstances/MI_Sheen_Opaque_DS.uasset" 1428
"../../../Engine/Plugins/Interchange/Runtime/Content/gltf/MaterialInstances/MI_Sheen_Opaque_DS.uexp" 1429
"../../../Engine/Plugins/Interchange/Runtime/Content/gltf/MaterialInstances/MI_Sheen_Opaque.uasset" 1430
"../../../Engine/Plugins/Interchange/Runtime/Content/gltf/MaterialInstances/MI_Sheen_Opaque.uexp" 1431
"../../../Engine/Plugins/Interchange/Runtime/Content/gltf/MaterialInstances/MI_Sheen_Mask_DS.uasset" 1432
"../../../Engine/Plugins/Interchange/Runtime/Content/gltf/MaterialInstances/MI_Sheen_Mask_DS.uexp" 1433
"../../../Engine/Plugins/Interchange/Runtime/Content/gltf/MaterialInstances/MI_Sheen_Mask.uasset" 1434
"../../../Engine/Plugins/Interchange/Runtime/Content/gltf/MaterialInstances/MI_Sheen_Mask.uexp" 1435
"../../../Engine/Plugins/Interchange/Runtime/Content/gltf/MaterialInstances/MI_Sheen_Blend_DS.uasset" 1436
"../../../Engine/Plugins/Interchange/Runtime/Content/gltf/MaterialInstances/MI_Sheen_Blend_DS.uexp" 1437
"../../../Engine/Plugins/Interchange/Runtime/Content/gltf/MaterialInstances/MI_Sheen_Blend.uasset" 1438
"../../../Engine/Plugins/Interchange/Runtime/Content/gltf/MaterialInstances/MI_Sheen_Blend.uexp" 1439
"../../../Engine/Plugins/Interchange/Runtime/Content/gltf/MaterialInstances/MI_Default_Opaque.uasset" 1440
"../../../Engine/Plugins/Interchange/Runtime/Content/gltf/MaterialInstances/MI_Default_Opaque.uexp" 1441
"../../../Engine/Plugins/Interchange/Runtime/Content/gltf/MaterialInstances/MI_Default_Mask.uasset" 1442
"../../../Engine/Plugins/Interchange/Runtime/Content/gltf/MaterialInstances/MI_Default_Mask.uexp" 1443
"../../../Engine/Plugins/Interchange/Runtime/Content/gltf/MaterialInstances/MI_Default_Blend.uasset" 1444
"../../../Engine/Plugins/Interchange/Runtime/Content/gltf/MaterialInstances/MI_Default_Blend.uexp" 1445
"../../../Engine/Plugins/Interchange/Runtime/Content/gltf/MaterialFunctions/MF_Clearcoat.uasset" 1446
"../../../Engine/Plugins/Interchange/Runtime/Content/gltf/MaterialFunctions/MF_Clearcoat.uexp" 1447
"../../../Engine/Plugins/Interchange/Runtime/Content/gltf/MaterialBodies/MF_ClearCoat_Body.uasset" 1448
"../../../Engine/Plugins/Interchange/Runtime/Content/gltf/MaterialBodies/MF_ClearCoat_Body.uexp" 1449
"../../../Engine/Plugins/Interchange/Runtime/Content/gltf/M_ClearCoat.uasset" 1450
"../../../Engine/Plugins/Interchange/Runtime/Content/gltf/M_ClearCoat.uexp" 1451
"../../../Engine/Plugins/Interchange/Runtime/Content/gltf/MaterialInstances/MI_ClearCoat_Opaque_DS.uasset" 1452
"../../../Engine/Plugins/Interchange/Runtime/Content/gltf/MaterialInstances/MI_ClearCoat_Opaque_DS.uexp" 1453
"../../../Engine/Plugins/Interchange/Runtime/Content/gltf/MaterialInstances/MI_ClearCoat_Opaque.uasset" 1454
"../../../Engine/Plugins/Interchange/Runtime/Content/gltf/MaterialInstances/MI_ClearCoat_Opaque.uexp" 1455
"../../../Engine/Plugins/Interchange/Runtime/Content/gltf/MaterialInstances/MI_ClearCoat_Mask_DS.uasset" 1456
"../../../Engine/Plugins/Interchange/Runtime/Content/gltf/MaterialInstances/MI_ClearCoat_Mask_DS.uexp" 1457
"../../../Engine/Plugins/Interchange/Runtime/Content/gltf/MaterialInstances/MI_ClearCoat_Mask.uasset" 1458
"../../../Engine/Plugins/Interchange/Runtime/Content/gltf/MaterialInstances/MI_ClearCoat_Mask.uexp" 1459
"../../../Engine/Plugins/Interchange/Runtime/Content/gltf/MaterialInstances/MI_ClearCoat_Blend_DS.uasset" 1460
"../../../Engine/Plugins/Interchange/Runtime/Content/gltf/MaterialInstances/MI_ClearCoat_Blend_DS.uexp" 1461
"../../../Engine/Plugins/Interchange/Runtime/Content/gltf/MaterialInstances/MI_ClearCoat_Blend.uasset" 1462
"../../../Engine/Plugins/Interchange/Runtime/Content/gltf/MaterialInstances/MI_ClearCoat_Blend.uexp" 1463
"../../../Engine/Content/Functions/Engine_MaterialFunctions01/Shading/PowerToRoughness.uasset" 1464
"../../../Engine/Content/Functions/Engine_MaterialFunctions01/Shading/PowerToRoughness.uexp" 1465
"../../../Engine/Content/Functions/Engine_MaterialFunctions01/Shading/ConvertFromDiffSpec.uasset" 1466
"../../../Engine/Content/Functions/Engine_MaterialFunctions01/Shading/ConvertFromDiffSpec.uexp" 1467
"../../../Engine/Content/EngineResources/FilmGrains/Marcie_Grain_v3_128_M2_000.uasset" 1468
"../../../Engine/Content/EngineResources/FilmGrains/Marcie_Grain_v3_128_M2_000.uexp" 1469
"../../../Engine/Content/EngineMaterials/Substrate/Volume/SubstrateSimpleVolumeLUT3D.uasset" 1470
"../../../Engine/Content/EngineMaterials/Substrate/Volume/SubstrateSimpleVolumeLUT3D.uexp" 1471
"../../../Engine/Content/EngineMaterials/Substrate/Volume/SubstrateSimpleVolumeEnvLUT3D.uasset" 1472
"../../../Engine/Content/EngineMaterials/Substrate/Volume/SubstrateSimpleVolumeEnvLUT3D.uexp" 1473
"../../../Engine/Content/EngineMaterials/Substrate/GLints2/AGlintTex2dArray2.uasset" 1474
"../../../Engine/Content/EngineMaterials/Substrate/GLints2/AGlintTex2dArray2.uexp" 1475
"../../../Engine/Content/EngineMaterials/Substrate/GLints/AGlintTex2dArray.uasset" 1476
"../../../Engine/Content/EngineMaterials/Substrate/GLints/AGlintTex2dArray.uexp" 1477
"../../../Engine/Content/EditorResources/SequenceRecorder/RecordingIndicator.uasset" 1478
"../../../Engine/Content/EditorResources/SequenceRecorder/RecordingIndicator.uexp" 1479
"../../../Engine/Content/EditorResources/SequenceRecorder/Countdown.uasset" 1480
"../../../Engine/Content/EditorResources/SequenceRecorder/Countdown.uexp" 1481
"../../../Engine/Content/EditorMaterials/Dataflow/DataflowVertexMaterial.uasset" 1482
"../../../Engine/Content/EditorMaterials/Dataflow/DataflowVertexMaterial.uexp" 1483
"C:/Users/inesc/Documents/GitHub/LevelDesing/MyProject 5.4/Content/SciFiCrates/Building/Textures/Building_Set/Walls/Window_Walls/T_Window_Wall_OcclusionRoughnessMetallic.ubulk" 1484
"C:/Users/inesc/Documents/GitHub/LevelDesing/MyProject 5.4/Content/SciFiCrates/Building/Textures/Building_Set/Walls/Window_Walls/T_Window_Wall_OcclusionRoughnessMetallic.uasset" 1485
"C:/Users/inesc/Documents/GitHub/LevelDesing/MyProject 5.4/Content/SciFiCrates/Building/Textures/Building_Set/Walls/Window_Walls/T_Window_Wall_OcclusionRoughnessMetallic.uexp" 1486
"C:/Users/inesc/Documents/GitHub/LevelDesing/MyProject 5.4/Content/SciFiCrates/Building/Textures/Building_Set/Walls/Window_Walls/T_Window_Wall_BaseColor.ubulk" 1487
"C:/Users/inesc/Documents/GitHub/LevelDesing/MyProject 5.4/Content/SciFiCrates/Building/Textures/Building_Set/Walls/Window_Walls/T_Window_Wall_BaseColor.uasset" 1488
"C:/Users/inesc/Documents/GitHub/LevelDesing/MyProject 5.4/Content/SciFiCrates/Building/Textures/Building_Set/Walls/Window_Walls/T_Window_Wall_BaseColor.uexp" 1489
"C:/Users/inesc/Documents/GitHub/LevelDesing/MyProject 5.4/Content/SciFiCrates/Building/Textures/Building_Set/Walls/Window_Walls/T_Window_Wall_Normal.ubulk" 1490
"C:/Users/inesc/Documents/GitHub/LevelDesing/MyProject 5.4/Content/SciFiCrates/Building/Textures/Building_Set/Walls/Window_Walls/T_Window_Wall_Normal.uasset" 1491
"C:/Users/inesc/Documents/GitHub/LevelDesing/MyProject 5.4/Content/SciFiCrates/Building/Textures/Building_Set/Walls/Window_Walls/T_Window_Wall_Normal.uexp" 1492
"C:/Users/inesc/Documents/GitHub/LevelDesing/MyProject 5.4/Content/SciFiCrates/Building/Materials/Building_Set/M_Window_Wall.uasset" 1493
"C:/Users/inesc/Documents/GitHub/LevelDesing/MyProject 5.4/Content/SciFiCrates/Building/Materials/Building_Set/M_Window_Wall.uexp" 1494
"C:/Users/inesc/Documents/GitHub/LevelDesing/MyProject 5.4/Content/SciFiCrates/Building/Mesh/Building_Set/Walls/SM_Window_Wall.ubulk" 1495
"C:/Users/inesc/Documents/GitHub/LevelDesing/MyProject 5.4/Content/SciFiCrates/Building/Mesh/Building_Set/Walls/SM_Window_Wall.uasset" 1496
"C:/Users/inesc/Documents/GitHub/LevelDesing/MyProject 5.4/Content/SciFiCrates/Building/Mesh/Building_Set/Walls/SM_Window_Wall.uexp" 1497
"C:/Users/inesc/Documents/GitHub/LevelDesing/MyProject 5.4/Content/SciFiCrates/Building/Textures/Building_Set/Walls/S1/T_Mid_Wall_S1_BaseColor.ubulk" 1498
"C:/Users/inesc/Documents/GitHub/LevelDesing/MyProject 5.4/Content/SciFiCrates/Building/Textures/Building_Set/Walls/S1/T_Mid_Wall_S1_BaseColor.uasset" 1499
"C:/Users/inesc/Documents/GitHub/LevelDesing/MyProject 5.4/Content/SciFiCrates/Building/Textures/Building_Set/Walls/S1/T_Mid_Wall_S1_BaseColor.uexp" 1500
"C:/Users/inesc/Documents/GitHub/LevelDesing/MyProject 5.4/Content/SciFiCrates/Building/Textures/Building_Set/Walls/S1/T_Mid_Wall_S1_OcclusionRoughnessMetallic.ubulk" 1501
"C:/Users/inesc/Documents/GitHub/LevelDesing/MyProject 5.4/Content/SciFiCrates/Building/Textures/Building_Set/Walls/S1/T_Mid_Wall_S1_OcclusionRoughnessMetallic.uasset" 1502
"C:/Users/inesc/Documents/GitHub/LevelDesing/MyProject 5.4/Content/SciFiCrates/Building/Textures/Building_Set/Walls/S1/T_Mid_Wall_S1_OcclusionRoughnessMetallic.uexp" 1503
"C:/Users/inesc/Documents/GitHub/LevelDesing/MyProject 5.4/Content/SciFiCrates/Building/Textures/Building_Set/Walls/S1/T_Mid_Wall_S1_Normal.ubulk" 1504
"C:/Users/inesc/Documents/GitHub/LevelDesing/MyProject 5.4/Content/SciFiCrates/Building/Textures/Building_Set/Walls/S1/T_Mid_Wall_S1_Normal.uasset" 1505
"C:/Users/inesc/Documents/GitHub/LevelDesing/MyProject 5.4/Content/SciFiCrates/Building/Textures/Building_Set/Walls/S1/T_Mid_Wall_S1_Normal.uexp" 1506
"C:/Users/inesc/Documents/GitHub/LevelDesing/MyProject 5.4/Content/SciFiCrates/Building/Materials/Building_Set/M_Mid_Wall_S1.uasset" 1507
"C:/Users/inesc/Documents/GitHub/LevelDesing/MyProject 5.4/Content/SciFiCrates/Building/Materials/Building_Set/M_Mid_Wall_S1.uexp" 1508
"C:/Users/inesc/Documents/GitHub/LevelDesing/MyProject 5.4/Content/SciFiCrates/Building/Mesh/Building_Set/Walls/SM_Mid_Wall_S1.ubulk" 1509
"C:/Users/inesc/Documents/GitHub/LevelDesing/MyProject 5.4/Content/SciFiCrates/Building/Mesh/Building_Set/Walls/SM_Mid_Wall_S1.uasset" 1510
"C:/Users/inesc/Documents/GitHub/LevelDesing/MyProject 5.4/Content/SciFiCrates/Building/Mesh/Building_Set/Walls/SM_Mid_Wall_S1.uexp" 1511
"C:/Users/inesc/Documents/GitHub/LevelDesing/MyProject 5.4/Content/SciFiCrates/Building/Textures/Building_Set/Supports/T_Support_Normal.ubulk" 1512
"C:/Users/inesc/Documents/GitHub/LevelDesing/MyProject 5.4/Content/SciFiCrates/Building/Textures/Building_Set/Supports/T_Support_Normal.uasset" 1513
"C:/Users/inesc/Documents/GitHub/LevelDesing/MyProject 5.4/Content/SciFiCrates/Building/Textures/Building_Set/Supports/T_Support_Normal.uexp" 1514
"C:/Users/inesc/Documents/GitHub/LevelDesing/MyProject 5.4/Content/SciFiCrates/Building/Textures/Building_Set/Supports/T_Support_BaseColor.ubulk" 1515
"C:/Users/inesc/Documents/GitHub/LevelDesing/MyProject 5.4/Content/SciFiCrates/Building/Textures/Building_Set/Supports/T_Support_BaseColor.uasset" 1516
"C:/Users/inesc/Documents/GitHub/LevelDesing/MyProject 5.4/Content/SciFiCrates/Building/Textures/Building_Set/Supports/T_Support_BaseColor.uexp" 1517
"C:/Users/inesc/Documents/GitHub/LevelDesing/MyProject 5.4/Content/SciFiCrates/Building/Textures/Building_Set/Supports/T_Support_OcclusionRoughnessMetallic.ubulk" 1518
"C:/Users/inesc/Documents/GitHub/LevelDesing/MyProject 5.4/Content/SciFiCrates/Building/Textures/Building_Set/Supports/T_Support_OcclusionRoughnessMetallic.uasset" 1519
"C:/Users/inesc/Documents/GitHub/LevelDesing/MyProject 5.4/Content/SciFiCrates/Building/Textures/Building_Set/Supports/T_Support_OcclusionRoughnessMetallic.uexp" 1520
"C:/Users/inesc/Documents/GitHub/LevelDesing/MyProject 5.4/Content/SciFiCrates/Building/Materials/Building_Set/M_Supports.uasset" 1521
"C:/Users/inesc/Documents/GitHub/LevelDesing/MyProject 5.4/Content/SciFiCrates/Building/Materials/Building_Set/M_Supports.uexp" 1522
"C:/Users/inesc/Documents/GitHub/LevelDesing/MyProject 5.4/Content/SciFiCrates/Building/Mesh/Building_Set/Supports/SM_Support_Mid.ubulk" 1523
"C:/Users/inesc/Documents/GitHub/LevelDesing/MyProject 5.4/Content/SciFiCrates/Building/Mesh/Building_Set/Supports/SM_Support_Mid.uasset" 1524
"C:/Users/inesc/Documents/GitHub/LevelDesing/MyProject 5.4/Content/SciFiCrates/Building/Mesh/Building_Set/Supports/SM_Support_Mid.uexp" 1525
"C:/Users/inesc/Documents/GitHub/LevelDesing/MyProject 5.4/Content/SciFiCrates/Building/Textures/Building_Set/Floors/T_Floor_BaseColor.ubulk" 1526
"C:/Users/inesc/Documents/GitHub/LevelDesing/MyProject 5.4/Content/SciFiCrates/Building/Textures/Building_Set/Floors/T_Floor_BaseColor.uasset" 1527
"C:/Users/inesc/Documents/GitHub/LevelDesing/MyProject 5.4/Content/SciFiCrates/Building/Textures/Building_Set/Floors/T_Floor_BaseColor.uexp" 1528
"C:/Users/inesc/Documents/GitHub/LevelDesing/MyProject 5.4/Content/SciFiCrates/Building/Textures/Building_Set/Floors/T_Floor_OcclusionRoughnessMetallic.ubulk" 1529
"C:/Users/inesc/Documents/GitHub/LevelDesing/MyProject 5.4/Content/SciFiCrates/Building/Textures/Building_Set/Floors/T_Floor_OcclusionRoughnessMetallic.uasset" 1530
"C:/Users/inesc/Documents/GitHub/LevelDesing/MyProject 5.4/Content/SciFiCrates/Building/Textures/Building_Set/Floors/T_Floor_OcclusionRoughnessMetallic.uexp" 1531
"C:/Users/inesc/Documents/GitHub/LevelDesing/MyProject 5.4/Content/SciFiCrates/Building/Textures/Building_Set/Floors/T_Floor_Emissive.ubulk" 1532
"C:/Users/inesc/Documents/GitHub/LevelDesing/MyProject 5.4/Content/SciFiCrates/Building/Textures/Building_Set/Floors/T_Floor_Emissive.uasset" 1533
"C:/Users/inesc/Documents/GitHub/LevelDesing/MyProject 5.4/Content/SciFiCrates/Building/Textures/Building_Set/Floors/T_Floor_Emissive.uexp" 1534
"C:/Users/inesc/Documents/GitHub/LevelDesing/MyProject 5.4/Content/SciFiCrates/Building/Textures/Building_Set/Floors/T_Floor_Normal.ubulk" 1535
"C:/Users/inesc/Documents/GitHub/LevelDesing/MyProject 5.4/Content/SciFiCrates/Building/Textures/Building_Set/Floors/T_Floor_Normal.uasset" 1536
"C:/Users/inesc/Documents/GitHub/LevelDesing/MyProject 5.4/Content/SciFiCrates/Building/Textures/Building_Set/Floors/T_Floor_Normal.uexp" 1537
"C:/Users/inesc/Documents/GitHub/LevelDesing/MyProject 5.4/Content/SciFiCrates/Building/Materials/Building_Set/M_Floor.uasset" 1538
"C:/Users/inesc/Documents/GitHub/LevelDesing/MyProject 5.4/Content/SciFiCrates/Building/Materials/Building_Set/M_Floor.uexp" 1539
"C:/Users/inesc/Documents/GitHub/LevelDesing/MyProject 5.4/Content/SciFiCrates/Building/Mesh/Building_Set/Floor/SM_Floor_Trim_Short.ubulk" 1540
"C:/Users/inesc/Documents/GitHub/LevelDesing/MyProject 5.4/Content/SciFiCrates/Building/Mesh/Building_Set/Floor/SM_Floor_Trim_Short.uasset" 1541
"C:/Users/inesc/Documents/GitHub/LevelDesing/MyProject 5.4/Content/SciFiCrates/Building/Mesh/Building_Set/Floor/SM_Floor_Trim_Short.uexp" 1542
"C:/Users/inesc/Documents/GitHub/LevelDesing/MyProject 5.4/Content/SciFiCrates/Building/Mesh/Building_Set/Floor/SM_Floor_Trim_Drain.ubulk" 1543
"C:/Users/inesc/Documents/GitHub/LevelDesing/MyProject 5.4/Content/SciFiCrates/Building/Mesh/Building_Set/Floor/SM_Floor_Trim_Drain.uasset" 1544
"C:/Users/inesc/Documents/GitHub/LevelDesing/MyProject 5.4/Content/SciFiCrates/Building/Mesh/Building_Set/Floor/SM_Floor_Trim_Drain.uexp" 1545
"C:/Users/inesc/Documents/GitHub/LevelDesing/MyProject 5.4/Content/Fab/Megascans/3D/Forest_Rocky_Ground_wc2hbd0/Medium/T_wc2hbd0_2K_N.ubulk" 1546
"C:/Users/inesc/Documents/GitHub/LevelDesing/MyProject 5.4/Content/Fab/Megascans/3D/Forest_Rocky_Ground_wc2hbd0/Medium/T_wc2hbd0_2K_N.uasset" 1547
"C:/Users/inesc/Documents/GitHub/LevelDesing/MyProject 5.4/Content/Fab/Megascans/3D/Forest_Rocky_Ground_wc2hbd0/Medium/T_wc2hbd0_2K_N.uexp" 1548
"C:/Users/inesc/Documents/GitHub/LevelDesing/MyProject 5.4/Content/Fab/Megascans/3D/Forest_Rocky_Ground_wc2hbd0/Medium/T_wc2hbd0_2K_ORM.ubulk" 1549
"C:/Users/inesc/Documents/GitHub/LevelDesing/MyProject 5.4/Content/Fab/Megascans/3D/Forest_Rocky_Ground_wc2hbd0/Medium/T_wc2hbd0_2K_ORM.uasset" 1550
"C:/Users/inesc/Documents/GitHub/LevelDesing/MyProject 5.4/Content/Fab/Megascans/3D/Forest_Rocky_Ground_wc2hbd0/Medium/T_wc2hbd0_2K_ORM.uexp" 1551
"C:/Users/inesc/Documents/GitHub/LevelDesing/MyProject 5.4/Content/Fab/Megascans/3D/Forest_Rocky_Ground_wc2hbd0/Medium/T_wc2hbd0_2K_B.ubulk" 1552
"C:/Users/inesc/Documents/GitHub/LevelDesing/MyProject 5.4/Content/Fab/Megascans/3D/Forest_Rocky_Ground_wc2hbd0/Medium/T_wc2hbd0_2K_B.uasset" 1553
"C:/Users/inesc/Documents/GitHub/LevelDesing/MyProject 5.4/Content/Fab/Megascans/3D/Forest_Rocky_Ground_wc2hbd0/Medium/T_wc2hbd0_2K_B.uexp" 1554
"../../../Engine/Plugins/Fab/Content/Textures/Standard/T_DefaultDisplacement.uasset" 1555
"../../../Engine/Plugins/Fab/Content/Textures/Standard/T_DefaultDisplacement.uexp" 1556
"../../../Engine/Plugins/Fab/Content/MaterialFunctions/QMF_BaseColorAdjustments.uasset" 1557
"../../../Engine/Plugins/Fab/Content/MaterialFunctions/QMF_BaseColorAdjustments.uexp" 1558
"../../../Engine/Plugins/Fab/Content/Textures/Standard/T_DefaultNormal.uasset" 1559
"../../../Engine/Plugins/Fab/Content/Textures/Standard/T_DefaultNormal.uexp" 1560
"../../../Engine/Plugins/Fab/Content/Textures/Standard/T_DefaultMasks.uasset" 1561
"../../../Engine/Plugins/Fab/Content/Textures/Standard/T_DefaultMasks.uexp" 1562
"../../../Engine/Plugins/Fab/Content/MaterialFunctions/QMF_RoughnessAdjustments.uasset" 1563
"../../../Engine/Plugins/Fab/Content/MaterialFunctions/QMF_RoughnessAdjustments.uexp" 1564
"../../../Engine/Plugins/Fab/Content/MaterialFunctions/QMF_NormalAdjustments.uasset" 1565
"../../../Engine/Plugins/Fab/Content/MaterialFunctions/QMF_NormalAdjustments.uexp" 1566
"../../../Engine/Content/Functions/Engine_MaterialFunctions01/Shading/FuzzyShading.uasset" 1567
"../../../Engine/Content/Functions/Engine_MaterialFunctions01/Shading/FuzzyShading.uexp" 1568
"../../../Engine/Plugins/Fab/Content/MaterialFunctions/QMF_AOAdjustments.uasset" 1569
"../../../Engine/Plugins/Fab/Content/MaterialFunctions/QMF_AOAdjustments.uexp" 1570
"../../../Engine/Plugins/Fab/Content/Textures/Standard/T_DefaultOther.uasset" 1571
"../../../Engine/Plugins/Fab/Content/Textures/Standard/T_DefaultOther.uexp" 1572
"../../../Engine/Plugins/Fab/Content/MaterialFunctions/QMF_Fuzz.uasset" 1573
"../../../Engine/Plugins/Fab/Content/MaterialFunctions/QMF_Fuzz.uexp" 1574
"../../../Engine/Plugins/Fab/Content/Textures/Standard/T_DefaultColor.uasset" 1575
"../../../Engine/Plugins/Fab/Content/Textures/Standard/T_DefaultColor.uexp" 1576
"../../../Engine/Plugins/Fab/Content/Materials/Standard/M_MS_Base_Fuzz.uasset" 1577
"../../../Engine/Plugins/Fab/Content/Materials/Standard/M_MS_Base_Fuzz.uexp" 1578
"C:/Users/inesc/Documents/GitHub/LevelDesing/MyProject 5.4/Content/Fab/Megascans/3D/Forest_Rocky_Ground_wc2hbd0/Medium/MI_wc2hbd0.uasset" 1579
"C:/Users/inesc/Documents/GitHub/LevelDesing/MyProject 5.4/Content/Fab/Megascans/3D/Forest_Rocky_Ground_wc2hbd0/Medium/MI_wc2hbd0.uexp" 1580
"C:/Users/inesc/Documents/GitHub/LevelDesing/MyProject 5.4/Content/Fab/Megascans/3D/Forest_Rocky_Ground_wc2hbd0/Medium/wc2hbd0_tier_2.ubulk" 1581
"C:/Users/inesc/Documents/GitHub/LevelDesing/MyProject 5.4/Content/Fab/Megascans/3D/Forest_Rocky_Ground_wc2hbd0/Medium/wc2hbd0_tier_2.uasset" 1582
"C:/Users/inesc/Documents/GitHub/LevelDesing/MyProject 5.4/Content/Fab/Megascans/3D/Forest_Rocky_Ground_wc2hbd0/Medium/wc2hbd0_tier_2.uexp" 1583
"C:/Users/inesc/Documents/GitHub/LevelDesing/MyProject 5.4/Content/Fab/Megascans/3D/Forest_Rocky_Ground_wc2hbd0/Medium/T_wc2hbd0_2K_F.ubulk" 1584
"C:/Users/inesc/Documents/GitHub/LevelDesing/MyProject 5.4/Content/Fab/Megascans/3D/Forest_Rocky_Ground_wc2hbd0/Medium/T_wc2hbd0_2K_F.uasset" 1585
"C:/Users/inesc/Documents/GitHub/LevelDesing/MyProject 5.4/Content/Fab/Megascans/3D/Forest_Rocky_Ground_wc2hbd0/Medium/T_wc2hbd0_2K_F.uexp" 1586
"../../../Engine/Plugins/Fab/Content/Materials/Standard/M_MS_Base.uasset" 1587
"../../../Engine/Plugins/Fab/Content/Materials/Standard/M_MS_Base.uexp" 1588
"C:/Users/inesc/Documents/GitHub/LevelDesing/MyProject 5.4/Content/Fab/Megascans/3D/Broken_Tree_Bark_wjhiecy/Medium/T_wjhiecy_2K_N.ubulk" 1589
"C:/Users/inesc/Documents/GitHub/LevelDesing/MyProject 5.4/Content/Fab/Megascans/3D/Broken_Tree_Bark_wjhiecy/Medium/T_wjhiecy_2K_N.uasset" 1590
"C:/Users/inesc/Documents/GitHub/LevelDesing/MyProject 5.4/Content/Fab/Megascans/3D/Broken_Tree_Bark_wjhiecy/Medium/T_wjhiecy_2K_N.uexp" 1591
"C:/Users/inesc/Documents/GitHub/LevelDesing/MyProject 5.4/Content/Fab/Megascans/3D/Broken_Tree_Bark_wjhiecy/Medium/T_wjhiecy_2K_B.ubulk" 1592
"C:/Users/inesc/Documents/GitHub/LevelDesing/MyProject 5.4/Content/Fab/Megascans/3D/Broken_Tree_Bark_wjhiecy/Medium/T_wjhiecy_2K_B.uasset" 1593
"C:/Users/inesc/Documents/GitHub/LevelDesing/MyProject 5.4/Content/Fab/Megascans/3D/Broken_Tree_Bark_wjhiecy/Medium/T_wjhiecy_2K_B.uexp" 1594
"C:/Users/inesc/Documents/GitHub/LevelDesing/MyProject 5.4/Content/Fab/Megascans/3D/Broken_Tree_Bark_wjhiecy/Medium/T_wjhiecy_2K_ORM.ubulk" 1595
"C:/Users/inesc/Documents/GitHub/LevelDesing/MyProject 5.4/Content/Fab/Megascans/3D/Broken_Tree_Bark_wjhiecy/Medium/T_wjhiecy_2K_ORM.uasset" 1596
"C:/Users/inesc/Documents/GitHub/LevelDesing/MyProject 5.4/Content/Fab/Megascans/3D/Broken_Tree_Bark_wjhiecy/Medium/T_wjhiecy_2K_ORM.uexp" 1597
"C:/Users/inesc/Documents/GitHub/LevelDesing/MyProject 5.4/Content/Fab/Megascans/3D/Broken_Tree_Bark_wjhiecy/Medium/MI_wjhiecy.uasset" 1598
"C:/Users/inesc/Documents/GitHub/LevelDesing/MyProject 5.4/Content/Fab/Megascans/3D/Broken_Tree_Bark_wjhiecy/Medium/MI_wjhiecy.uexp" 1599
"C:/Users/inesc/Documents/GitHub/LevelDesing/MyProject 5.4/Content/Fab/Megascans/3D/Broken_Tree_Bark_wjhiecy/Medium/wjhiecy_tier_2.ubulk" 1600
"C:/Users/inesc/Documents/GitHub/LevelDesing/MyProject 5.4/Content/Fab/Megascans/3D/Broken_Tree_Bark_wjhiecy/Medium/wjhiecy_tier_2.uasset" 1601
"C:/Users/inesc/Documents/GitHub/LevelDesing/MyProject 5.4/Content/Fab/Megascans/3D/Broken_Tree_Bark_wjhiecy/Medium/wjhiecy_tier_2.uexp" 1602
"C:/Users/inesc/Documents/GitHub/LevelDesing/MyProject 5.4/Content/Realistic_Starter_VFX_Pack_Vol2/Textures/T_Smoke_Puff_color.ubulk" 1603
"C:/Users/inesc/Documents/GitHub/LevelDesing/MyProject 5.4/Content/Realistic_Starter_VFX_Pack_Vol2/Textures/T_Smoke_Puff_color.uasset" 1604
"C:/Users/inesc/Documents/GitHub/LevelDesing/MyProject 5.4/Content/Realistic_Starter_VFX_Pack_Vol2/Textures/T_Smoke_Puff_color.uexp" 1605
"C:/Users/inesc/Documents/GitHub/LevelDesing/MyProject 5.4/Content/Realistic_Starter_VFX_Pack_Vol2/Materials/M_Smoke_Puff_A.uasset" 1606
"C:/Users/inesc/Documents/GitHub/LevelDesing/MyProject 5.4/Content/Realistic_Starter_VFX_Pack_Vol2/Materials/M_Smoke_Puff_A.uexp" 1607
"C:/Users/inesc/Documents/GitHub/LevelDesing/MyProject 5.4/Content/Realistic_Starter_VFX_Pack_Vol2/Particles/Smoke/P_Smoke_A.uasset" 1608
"C:/Users/inesc/Documents/GitHub/LevelDesing/MyProject 5.4/Content/Realistic_Starter_VFX_Pack_Vol2/Particles/Smoke/P_Smoke_A.uexp" 1609
"C:/Users/inesc/Documents/GitHub/LevelDesing/MyProject 5.4/Content/Fab/Megascans/3D/Roman_Stone_Floor_tkkrcayfa/Medium/T_tkkrcayfa_2K_ORM.ubulk" 1610
"C:/Users/inesc/Documents/GitHub/LevelDesing/MyProject 5.4/Content/Fab/Megascans/3D/Roman_Stone_Floor_tkkrcayfa/Medium/T_tkkrcayfa_2K_ORM.uasset" 1611
"C:/Users/inesc/Documents/GitHub/LevelDesing/MyProject 5.4/Content/Fab/Megascans/3D/Roman_Stone_Floor_tkkrcayfa/Medium/T_tkkrcayfa_2K_ORM.uexp" 1612
"C:/Users/inesc/Documents/GitHub/LevelDesing/MyProject 5.4/Content/Fab/Megascans/3D/Roman_Stone_Floor_tkkrcayfa/Medium/T_tkkrcayfa_2K_N.ubulk" 1613
"C:/Users/inesc/Documents/GitHub/LevelDesing/MyProject 5.4/Content/Fab/Megascans/3D/Roman_Stone_Floor_tkkrcayfa/Medium/T_tkkrcayfa_2K_N.uasset" 1614
"C:/Users/inesc/Documents/GitHub/LevelDesing/MyProject 5.4/Content/Fab/Megascans/3D/Roman_Stone_Floor_tkkrcayfa/Medium/T_tkkrcayfa_2K_N.uexp" 1615
"C:/Users/inesc/Documents/GitHub/LevelDesing/MyProject 5.4/Content/Fab/Megascans/3D/Roman_Stone_Floor_tkkrcayfa/Medium/T_tkkrcayfa_2K_B.ubulk" 1616
"C:/Users/inesc/Documents/GitHub/LevelDesing/MyProject 5.4/Content/Fab/Megascans/3D/Roman_Stone_Floor_tkkrcayfa/Medium/T_tkkrcayfa_2K_B.uasset" 1617
"C:/Users/inesc/Documents/GitHub/LevelDesing/MyProject 5.4/Content/Fab/Megascans/3D/Roman_Stone_Floor_tkkrcayfa/Medium/T_tkkrcayfa_2K_B.uexp" 1618
"C:/Users/inesc/Documents/GitHub/LevelDesing/MyProject 5.4/Content/Fab/Megascans/3D/Roman_Stone_Floor_tkkrcayfa/Medium/MI_tkkrcayfa.uasset" 1619
"C:/Users/inesc/Documents/GitHub/LevelDesing/MyProject 5.4/Content/Fab/Megascans/3D/Roman_Stone_Floor_tkkrcayfa/Medium/MI_tkkrcayfa.uexp" 1620
"C:/Users/inesc/Documents/GitHub/LevelDesing/MyProject 5.4/Content/Fab/Megascans/3D/Roman_Stone_Floor_tkkrcayfa/Medium/tkkrcayfa_tier_2.ubulk" 1621
"C:/Users/inesc/Documents/GitHub/LevelDesing/MyProject 5.4/Content/Fab/Megascans/3D/Roman_Stone_Floor_tkkrcayfa/Medium/tkkrcayfa_tier_2.uasset" 1622
"C:/Users/inesc/Documents/GitHub/LevelDesing/MyProject 5.4/Content/Fab/Megascans/3D/Roman_Stone_Floor_tkkrcayfa/Medium/tkkrcayfa_tier_2.uexp" 1623
"C:/Users/inesc/Documents/GitHub/LevelDesing/MyProject 5.4/Content/Fab/Megascans/3D/Granite_Rock_qdzfZ/Medium/T_qdzfZ_2K_ORM.ubulk" 1624
"C:/Users/inesc/Documents/GitHub/LevelDesing/MyProject 5.4/Content/Fab/Megascans/3D/Granite_Rock_qdzfZ/Medium/T_qdzfZ_2K_ORM.uasset" 1625
"C:/Users/inesc/Documents/GitHub/LevelDesing/MyProject 5.4/Content/Fab/Megascans/3D/Granite_Rock_qdzfZ/Medium/T_qdzfZ_2K_ORM.uexp" 1626
"C:/Users/inesc/Documents/GitHub/LevelDesing/MyProject 5.4/Content/Fab/Megascans/3D/Granite_Rock_qdzfZ/Medium/T_qdzfZ_2K_B.ubulk" 1627
"C:/Users/inesc/Documents/GitHub/LevelDesing/MyProject 5.4/Content/Fab/Megascans/3D/Granite_Rock_qdzfZ/Medium/T_qdzfZ_2K_B.uasset" 1628
"C:/Users/inesc/Documents/GitHub/LevelDesing/MyProject 5.4/Content/Fab/Megascans/3D/Granite_Rock_qdzfZ/Medium/T_qdzfZ_2K_B.uexp" 1629
"C:/Users/inesc/Documents/GitHub/LevelDesing/MyProject 5.4/Content/Fab/Megascans/3D/Granite_Rock_qdzfZ/Medium/T_qdzfZ_2K_N.ubulk" 1630
"C:/Users/inesc/Documents/GitHub/LevelDesing/MyProject 5.4/Content/Fab/Megascans/3D/Granite_Rock_qdzfZ/Medium/T_qdzfZ_2K_N.uasset" 1631
"C:/Users/inesc/Documents/GitHub/LevelDesing/MyProject 5.4/Content/Fab/Megascans/3D/Granite_Rock_qdzfZ/Medium/T_qdzfZ_2K_N.uexp" 1632
"C:/Users/inesc/Documents/GitHub/LevelDesing/MyProject 5.4/Content/Fab/Megascans/3D/Granite_Rock_qdzfZ/Medium/MI_qdzfZ.uasset" 1633
"C:/Users/inesc/Documents/GitHub/LevelDesing/MyProject 5.4/Content/Fab/Megascans/3D/Granite_Rock_qdzfZ/Medium/MI_qdzfZ.uexp" 1634
"C:/Users/inesc/Documents/GitHub/LevelDesing/MyProject 5.4/Content/Fab/Megascans/3D/Granite_Rock_qdzfZ/Medium/qdzfZ_tier_2.ubulk" 1635
"C:/Users/inesc/Documents/GitHub/LevelDesing/MyProject 5.4/Content/Fab/Megascans/3D/Granite_Rock_qdzfZ/Medium/qdzfZ_tier_2.uasset" 1636
"C:/Users/inesc/Documents/GitHub/LevelDesing/MyProject 5.4/Content/Fab/Megascans/3D/Granite_Rock_qdzfZ/Medium/qdzfZ_tier_2.uexp" 1637
"C:/Users/inesc/Documents/GitHub/LevelDesing/MyProject 5.4/Content/Polar/Textures/T_Wall_CLR.ubulk" 1638
"C:/Users/inesc/Documents/GitHub/LevelDesing/MyProject 5.4/Content/Polar/Textures/T_Wall_CLR.uasset" 1639
"C:/Users/inesc/Documents/GitHub/LevelDesing/MyProject 5.4/Content/Polar/Textures/T_Wall_CLR.uexp" 1640
"C:/Users/inesc/Documents/GitHub/LevelDesing/MyProject 5.4/Content/Polar/Textures/T_Wall_SPEC.ubulk" 1641
"C:/Users/inesc/Documents/GitHub/LevelDesing/MyProject 5.4/Content/Polar/Textures/T_Wall_SPEC.uasset" 1642
"C:/Users/inesc/Documents/GitHub/LevelDesing/MyProject 5.4/Content/Polar/Textures/T_Wall_SPEC.uexp" 1643
"C:/Users/inesc/Documents/GitHub/LevelDesing/MyProject 5.4/Content/Polar/Textures/T_Wall_Masks.ubulk" 1644
"C:/Users/inesc/Documents/GitHub/LevelDesing/MyProject 5.4/Content/Polar/Textures/T_Wall_Masks.uasset" 1645
"C:/Users/inesc/Documents/GitHub/LevelDesing/MyProject 5.4/Content/Polar/Textures/T_Wall_Masks.uexp" 1646
"C:/Users/inesc/Documents/GitHub/LevelDesing/MyProject 5.4/Content/Polar/Textures/T_Walls_NRM.ubulk" 1647
"C:/Users/inesc/Documents/GitHub/LevelDesing/MyProject 5.4/Content/Polar/Textures/T_Walls_NRM.uasset" 1648
"C:/Users/inesc/Documents/GitHub/LevelDesing/MyProject 5.4/Content/Polar/Textures/T_Walls_NRM.uexp" 1649
"C:/Users/inesc/Documents/GitHub/LevelDesing/MyProject 5.4/Content/Polar/Materials/Architectural/M_Wall_Inst.uasset" 1650
"C:/Users/inesc/Documents/GitHub/LevelDesing/MyProject 5.4/Content/Polar/Materials/Architectural/M_Wall_Inst.uexp" 1651
"C:/Users/inesc/Documents/GitHub/LevelDesing/MyProject 5.4/Content/Polar/Materials/Architectural/M_Wall_Untinted_Inst.uasset" 1652
"C:/Users/inesc/Documents/GitHub/LevelDesing/MyProject 5.4/Content/Polar/Materials/Architectural/M_Wall_Untinted_Inst.uexp" 1653
"C:/Users/inesc/Documents/GitHub/LevelDesing/MyProject 5.4/Content/Polar/Meshes/Architecture/SM_Floor_02.ubulk" 1654
"C:/Users/inesc/Documents/GitHub/LevelDesing/MyProject 5.4/Content/Polar/Meshes/Architecture/SM_Floor_02.uasset" 1655
"C:/Users/inesc/Documents/GitHub/LevelDesing/MyProject 5.4/Content/Polar/Meshes/Architecture/SM_Floor_02.uexp" 1656
"C:/Users/inesc/Documents/GitHub/LevelDesing/MyProject 5.4/Content/Fab/Megascans/3D/Icelandic_Rocky_Ground_tdpsddvda/Medium/T_tdpsddvda_2K_ORM.ubulk" 1657
"C:/Users/inesc/Documents/GitHub/LevelDesing/MyProject 5.4/Content/Fab/Megascans/3D/Icelandic_Rocky_Ground_tdpsddvda/Medium/T_tdpsddvda_2K_ORM.uasset" 1658
"C:/Users/inesc/Documents/GitHub/LevelDesing/MyProject 5.4/Content/Fab/Megascans/3D/Icelandic_Rocky_Ground_tdpsddvda/Medium/T_tdpsddvda_2K_ORM.uexp" 1659
"C:/Users/inesc/Documents/GitHub/LevelDesing/MyProject 5.4/Content/Fab/Megascans/3D/Icelandic_Rocky_Ground_tdpsddvda/Medium/T_tdpsddvda_2K_N.ubulk" 1660
"C:/Users/inesc/Documents/GitHub/LevelDesing/MyProject 5.4/Content/Fab/Megascans/3D/Icelandic_Rocky_Ground_tdpsddvda/Medium/T_tdpsddvda_2K_N.uasset" 1661
"C:/Users/inesc/Documents/GitHub/LevelDesing/MyProject 5.4/Content/Fab/Megascans/3D/Icelandic_Rocky_Ground_tdpsddvda/Medium/T_tdpsddvda_2K_N.uexp" 1662
"C:/Users/inesc/Documents/GitHub/LevelDesing/MyProject 5.4/Content/Fab/Megascans/3D/Icelandic_Rocky_Ground_tdpsddvda/Medium/T_tdpsddvda_2K_B.ubulk" 1663
"C:/Users/inesc/Documents/GitHub/LevelDesing/MyProject 5.4/Content/Fab/Megascans/3D/Icelandic_Rocky_Ground_tdpsddvda/Medium/T_tdpsddvda_2K_B.uasset" 1664
"C:/Users/inesc/Documents/GitHub/LevelDesing/MyProject 5.4/Content/Fab/Megascans/3D/Icelandic_Rocky_Ground_tdpsddvda/Medium/T_tdpsddvda_2K_B.uexp" 1665
"C:/Users/inesc/Documents/GitHub/LevelDesing/MyProject 5.4/Content/Fab/Megascans/3D/Icelandic_Rocky_Ground_tdpsddvda/Medium/MI_tdpsddvda.uasset" 1666
"C:/Users/inesc/Documents/GitHub/LevelDesing/MyProject 5.4/Content/Fab/Megascans/3D/Icelandic_Rocky_Ground_tdpsddvda/Medium/MI_tdpsddvda.uexp" 1667
"C:/Users/inesc/Documents/GitHub/LevelDesing/MyProject 5.4/Content/Fab/Megascans/3D/Icelandic_Rocky_Ground_tdpsddvda/Medium/tdpsddvda_tier_2.ubulk" 1668
"C:/Users/inesc/Documents/GitHub/LevelDesing/MyProject 5.4/Content/Fab/Megascans/3D/Icelandic_Rocky_Ground_tdpsddvda/Medium/tdpsddvda_tier_2.uasset" 1669
"C:/Users/inesc/Documents/GitHub/LevelDesing/MyProject 5.4/Content/Fab/Megascans/3D/Icelandic_Rocky_Ground_tdpsddvda/Medium/tdpsddvda_tier_2.uexp" 1670
"C:/Users/inesc/Documents/GitHub/LevelDesing/MyProject 5.4/Content/Fab/Megascans/3D/Desert_Western_Cliff_Layered_XL_14_vjrmfb1ab/Medium/T_vjrmfb1ab_2K_N.ubulk" 1671
"C:/Users/inesc/Documents/GitHub/LevelDesing/MyProject 5.4/Content/Fab/Megascans/3D/Desert_Western_Cliff_Layered_XL_14_vjrmfb1ab/Medium/T_vjrmfb1ab_2K_N.uasset" 1672
"C:/Users/inesc/Documents/GitHub/LevelDesing/MyProject 5.4/Content/Fab/Megascans/3D/Desert_Western_Cliff_Layered_XL_14_vjrmfb1ab/Medium/T_vjrmfb1ab_2K_N.uexp" 1673
"C:/Users/inesc/Documents/GitHub/LevelDesing/MyProject 5.4/Content/Fab/Megascans/3D/Desert_Western_Cliff_Layered_XL_14_vjrmfb1ab/Medium/T_vjrmfb1ab_2K_ORM.ubulk" 1674
"C:/Users/inesc/Documents/GitHub/LevelDesing/MyProject 5.4/Content/Fab/Megascans/3D/Desert_Western_Cliff_Layered_XL_14_vjrmfb1ab/Medium/T_vjrmfb1ab_2K_ORM.uasset" 1675
"C:/Users/inesc/Documents/GitHub/LevelDesing/MyProject 5.4/Content/Fab/Megascans/3D/Desert_Western_Cliff_Layered_XL_14_vjrmfb1ab/Medium/T_vjrmfb1ab_2K_ORM.uexp" 1676
"C:/Users/inesc/Documents/GitHub/LevelDesing/MyProject 5.4/Content/Fab/Megascans/3D/Desert_Western_Cliff_Layered_XL_14_vjrmfb1ab/Medium/T_vjrmfb1ab_2K_B.ubulk" 1677
"C:/Users/inesc/Documents/GitHub/LevelDesing/MyProject 5.4/Content/Fab/Megascans/3D/Desert_Western_Cliff_Layered_XL_14_vjrmfb1ab/Medium/T_vjrmfb1ab_2K_B.uasset" 1678
"C:/Users/inesc/Documents/GitHub/LevelDesing/MyProject 5.4/Content/Fab/Megascans/3D/Desert_Western_Cliff_Layered_XL_14_vjrmfb1ab/Medium/T_vjrmfb1ab_2K_B.uexp" 1679
"C:/Users/inesc/Documents/GitHub/LevelDesing/MyProject 5.4/Content/Fab/Megascans/3D/Desert_Western_Cliff_Layered_XL_14_vjrmfb1ab/Medium/MI_vjrmfb1ab.uasset" 1680
"C:/Users/inesc/Documents/GitHub/LevelDesing/MyProject 5.4/Content/Fab/Megascans/3D/Desert_Western_Cliff_Layered_XL_14_vjrmfb1ab/Medium/MI_vjrmfb1ab.uexp" 1681
"C:/Users/inesc/Documents/GitHub/LevelDesing/MyProject 5.4/Content/Fab/Megascans/3D/Desert_Western_Cliff_Layered_XL_14_vjrmfb1ab/Medium/vjrmfb1ab_tier_2.ubulk" 1682
"C:/Users/inesc/Documents/GitHub/LevelDesing/MyProject 5.4/Content/Fab/Megascans/3D/Desert_Western_Cliff_Layered_XL_14_vjrmfb1ab/Medium/vjrmfb1ab_tier_2.uasset" 1683
"C:/Users/inesc/Documents/GitHub/LevelDesing/MyProject 5.4/Content/Fab/Megascans/3D/Desert_Western_Cliff_Layered_XL_14_vjrmfb1ab/Medium/vjrmfb1ab_tier_2.uexp" 1684
"C:/Users/inesc/Documents/GitHub/LevelDesing/MyProject 5.4/Content/Fab/Megascans/Plants/Dead_Shrubs_vdknafgha/Medium/T_vdknafgha_2K_N.ubulk" 1685
"C:/Users/inesc/Documents/GitHub/LevelDesing/MyProject 5.4/Content/Fab/Megascans/Plants/Dead_Shrubs_vdknafgha/Medium/T_vdknafgha_2K_N.uasset" 1686
"C:/Users/inesc/Documents/GitHub/LevelDesing/MyProject 5.4/Content/Fab/Megascans/Plants/Dead_Shrubs_vdknafgha/Medium/T_vdknafgha_2K_N.uexp" 1687
"C:/Users/inesc/Documents/GitHub/LevelDesing/MyProject 5.4/Content/Fab/Megascans/Plants/Dead_Shrubs_vdknafgha/Medium/T_vdknafgha_2K_B.ubulk" 1688
"C:/Users/inesc/Documents/GitHub/LevelDesing/MyProject 5.4/Content/Fab/Megascans/Plants/Dead_Shrubs_vdknafgha/Medium/T_vdknafgha_2K_B.uasset" 1689
"C:/Users/inesc/Documents/GitHub/LevelDesing/MyProject 5.4/Content/Fab/Megascans/Plants/Dead_Shrubs_vdknafgha/Medium/T_vdknafgha_2K_B.uexp" 1690
"C:/Users/inesc/Documents/GitHub/LevelDesing/MyProject 5.4/Content/Fab/Megascans/Plants/Dead_Shrubs_vdknafgha/Medium/T_vdknafgha_2K_ORT.ubulk" 1691
"C:/Users/inesc/Documents/GitHub/LevelDesing/MyProject 5.4/Content/Fab/Megascans/Plants/Dead_Shrubs_vdknafgha/Medium/T_vdknafgha_2K_ORT.uasset" 1692
"C:/Users/inesc/Documents/GitHub/LevelDesing/MyProject 5.4/Content/Fab/Megascans/Plants/Dead_Shrubs_vdknafgha/Medium/T_vdknafgha_2K_ORT.uexp" 1693
"../../../Engine/Plugins/Fab/Content/MaterialFunctions/QMF_PerInstanceActorRandom.uasset" 1694
"../../../Engine/Plugins/Fab/Content/MaterialFunctions/QMF_PerInstanceActorRandom.uexp" 1695
"../../../Engine/Content/EngineMaterials/BlendFunc_DefBlend.uasset" 1696
"../../../Engine/Content/EngineMaterials/BlendFunc_DefBlend.uexp" 1697
"../../../Engine/Content/EngineMaterials/BlendFunc_DefBase.uasset" 1698
"../../../Engine/Content/EngineMaterials/BlendFunc_DefBase.uexp" 1699
"../../../Engine/Content/Functions/Engine_MaterialFunctions03/Blends/Blend_LinearDodge.uasset" 1700
"../../../Engine/Content/Functions/Engine_MaterialFunctions03/Blends/Blend_LinearDodge.uexp" 1701
"../../../Engine/Content/Functions/Engine_MaterialFunctions01/ImageAdjustment/3ColorBlend.uasset" 1702
"../../../Engine/Content/Functions/Engine_MaterialFunctions01/ImageAdjustment/3ColorBlend.uexp" 1703
"../../../Engine/Content/Functions/Engine_MaterialFunctions02/Texturing/CustomRotator.uasset" 1704
"../../../Engine/Content/Functions/Engine_MaterialFunctions02/Texturing/CustomRotator.uexp" 1705
"../../../Engine/Content/Functions/Engine_MaterialFunctions03/Blends/Blend_Overlay.uasset" 1706
"../../../Engine/Content/Functions/Engine_MaterialFunctions03/Blends/Blend_Overlay.uexp" 1707
"../../../Engine/Plugins/Fab/Content/MaterialFunctions/QMF_GenerateBranchMask_Plants.uasset" 1708
"../../../Engine/Plugins/Fab/Content/MaterialFunctions/QMF_GenerateBranchMask_Plants.uexp" 1709
"../../../Engine/Plugins/Fab/Content/MaterialFunctions/QMF_GenerateTranslucency.uasset" 1710
"../../../Engine/Plugins/Fab/Content/MaterialFunctions/QMF_GenerateTranslucency.uexp" 1711
"../../../Engine/Plugins/Fab/Content/MaterialFunctions/QMF_AdjustTwoSidedNormal.uasset" 1712
"../../../Engine/Plugins/Fab/Content/MaterialFunctions/QMF_AdjustTwoSidedNormal.uexp" 1713
"../../../Engine/Plugins/Fab/Content/MaterialFunctions/QMF_GrowthEffect.uasset" 1714
"../../../Engine/Plugins/Fab/Content/MaterialFunctions/QMF_GrowthEffect.uexp" 1715
"../../../Engine/Plugins/Fab/Content/MaterialFunctions/QMF_GenerateTwoSidedSpecular.uasset" 1716
"../../../Engine/Plugins/Fab/Content/MaterialFunctions/QMF_GenerateTwoSidedSpecular.uexp" 1717
"../../../Engine/Content/Functions/Engine_MaterialFunctions02/Lerp_3Color.uasset" 1718
"../../../Engine/Content/Functions/Engine_MaterialFunctions02/Lerp_3Color.uexp" 1719
"../../../Engine/Plugins/Fab/Content/MaterialFunctions/QMF_WorldspaceColorVariation.uasset" 1720
"../../../Engine/Plugins/Fab/Content/MaterialFunctions/QMF_WorldspaceColorVariation.uexp" 1721
"../../../Engine/Plugins/Fab/Content/MaterialFunctions/QMF_AdjustTwoSidedBaseColor.uasset" 1722
"../../../Engine/Plugins/Fab/Content/MaterialFunctions/QMF_AdjustTwoSidedBaseColor.uexp" 1723
"../../../Engine/Content/Functions/Engine_MaterialFunctions03/Blends/Blend_ColorBurn.uasset" 1724
"../../../Engine/Content/Functions/Engine_MaterialFunctions03/Blends/Blend_ColorBurn.uexp" 1725
"../../../Engine/Plugins/Fab/Content/MaterialFunctions/QMF_HealthSeason.uasset" 1726
"../../../Engine/Plugins/Fab/Content/MaterialFunctions/QMF_HealthSeason.uexp" 1727
"../../../Engine/Plugins/Fab/Content/Textures/Standard/T_Default_WindNoise.uasset" 1728
"../../../Engine/Plugins/Fab/Content/Textures/Standard/T_Default_WindNoise.uexp" 1729
"../../../Engine/Plugins/Fab/Content/MaterialFunctions/QMF_WindGust.uasset" 1730
"../../../Engine/Plugins/Fab/Content/MaterialFunctions/QMF_WindGust.uexp" 1731
"../../../Engine/Plugins/Fab/Content/MaterialFunctions/QMF_DistanceBasedGradient.uasset" 1732
"../../../Engine/Plugins/Fab/Content/MaterialFunctions/QMF_DistanceBasedGradient.uexp" 1733
"../../../Engine/Plugins/Fab/Content/MaterialFunctions/QMF_DistanceBasedOpacity.uasset" 1734
"../../../Engine/Plugins/Fab/Content/MaterialFunctions/QMF_DistanceBasedOpacity.uexp" 1735
"../../../Engine/Plugins/Fab/Content/MaterialFunctions/QMF_TwoSidedRoughness.uasset" 1736
"../../../Engine/Plugins/Fab/Content/MaterialFunctions/QMF_TwoSidedRoughness.uexp" 1737
"../../../Engine/Content/Functions/Engine_MaterialFunctions02/WorldPositionOffset/ObjectPivotPoint.uasset" 1738
"../../../Engine/Content/Functions/Engine_MaterialFunctions02/WorldPositionOffset/ObjectPivotPoint.uexp" 1739
"../../../Engine/Plugins/Fab/Content/MaterialFunctions/QMF_WindAnimation.uasset" 1740
"../../../Engine/Plugins/Fab/Content/MaterialFunctions/QMF_WindAnimation.uexp" 1741
"../../../Engine/Plugins/Fab/Content/Materials/Standard/M_MS_Foliage.uasset" 1742
"../../../Engine/Plugins/Fab/Content/Materials/Standard/M_MS_Foliage.uexp" 1743
"C:/Users/inesc/Documents/GitHub/LevelDesing/MyProject 5.4/Content/Fab/Megascans/Plants/Dead_Shrubs_vdknafgha/Medium/MI_vdknafgha.uasset" 1744
"C:/Users/inesc/Documents/GitHub/LevelDesing/MyProject 5.4/Content/Fab/Megascans/Plants/Dead_Shrubs_vdknafgha/Medium/MI_vdknafgha.uexp" 1745
"../../../Engine/Content/Functions/Engine_MaterialFunctions02/Utility/VectorToRadialValue.uasset" 1746
"../../../Engine/Content/Functions/Engine_MaterialFunctions02/Utility/VectorToRadialValue.uexp" 1747
"../../../Engine/Content/ArtTools/RenderToTexture/MaterialFunctions/FoliageZRotation.uasset" 1748
"../../../Engine/Content/ArtTools/RenderToTexture/MaterialFunctions/FoliageZRotation.uexp" 1749
"../../../Engine/Plugins/Fab/Content/Materials/Standard/M_MS_Billboard.uasset" 1750
"../../../Engine/Plugins/Fab/Content/Materials/Standard/M_MS_Billboard.uexp" 1751
"C:/Users/inesc/Documents/GitHub/LevelDesing/MyProject 5.4/Content/Fab/Megascans/Plants/Dead_Shrubs_vdknafgha/Medium/T_vdknafgha_2K_Billboard_N-T.ubulk" 1752
"C:/Users/inesc/Documents/GitHub/LevelDesing/MyProject 5.4/Content/Fab/Megascans/Plants/Dead_Shrubs_vdknafgha/Medium/T_vdknafgha_2K_Billboard_N-T.uasset" 1753
"C:/Users/inesc/Documents/GitHub/LevelDesing/MyProject 5.4/Content/Fab/Megascans/Plants/Dead_Shrubs_vdknafgha/Medium/T_vdknafgha_2K_Billboard_N-T.uexp" 1754
"C:/Users/inesc/Documents/GitHub/LevelDesing/MyProject 5.4/Content/Fab/Megascans/Plants/Dead_Shrubs_vdknafgha/Medium/T_vdknafgha_2K_Billboard_B-O.ubulk" 1755
"C:/Users/inesc/Documents/GitHub/LevelDesing/MyProject 5.4/Content/Fab/Megascans/Plants/Dead_Shrubs_vdknafgha/Medium/T_vdknafgha_2K_Billboard_B-O.uasset" 1756
"C:/Users/inesc/Documents/GitHub/LevelDesing/MyProject 5.4/Content/Fab/Megascans/Plants/Dead_Shrubs_vdknafgha/Medium/T_vdknafgha_2K_Billboard_B-O.uexp" 1757
"C:/Users/inesc/Documents/GitHub/LevelDesing/MyProject 5.4/Content/Fab/Megascans/Plants/Dead_Shrubs_vdknafgha/Medium/MI_vdknafgha_Billboard.uasset" 1758
"C:/Users/inesc/Documents/GitHub/LevelDesing/MyProject 5.4/Content/Fab/Megascans/Plants/Dead_Shrubs_vdknafgha/Medium/MI_vdknafgha_Billboard.uexp" 1759
"C:/Users/inesc/Documents/GitHub/LevelDesing/MyProject 5.4/Content/Fab/Megascans/Plants/Dead_Shrubs_vdknafgha/Medium/SM_vdknafgha_VarB.ubulk" 1760
"C:/Users/inesc/Documents/GitHub/LevelDesing/MyProject 5.4/Content/Fab/Megascans/Plants/Dead_Shrubs_vdknafgha/Medium/SM_vdknafgha_VarB.uasset" 1761
"C:/Users/inesc/Documents/GitHub/LevelDesing/MyProject 5.4/Content/Fab/Megascans/Plants/Dead_Shrubs_vdknafgha/Medium/SM_vdknafgha_VarB.uexp" 1762
"C:/Users/inesc/Documents/GitHub/LevelDesing/MyProject 5.4/Content/SciFiCrates/Crates/Texture/T_Crates3_BC.ubulk" 1763
"C:/Users/inesc/Documents/GitHub/LevelDesing/MyProject 5.4/Content/SciFiCrates/Crates/Texture/T_Crates3_BC.uasset" 1764
"C:/Users/inesc/Documents/GitHub/LevelDesing/MyProject 5.4/Content/SciFiCrates/Crates/Texture/T_Crates3_BC.uexp" 1765
"C:/Users/inesc/Documents/GitHub/LevelDesing/MyProject 5.4/Content/SciFiCrates/Crates/Texture/T_Crates3_NRM.ubulk" 1766
"C:/Users/inesc/Documents/GitHub/LevelDesing/MyProject 5.4/Content/SciFiCrates/Crates/Texture/T_Crates3_NRM.uasset" 1767
"C:/Users/inesc/Documents/GitHub/LevelDesing/MyProject 5.4/Content/SciFiCrates/Crates/Texture/T_Crates3_NRM.uexp" 1768
"C:/Users/inesc/Documents/GitHub/LevelDesing/MyProject 5.4/Content/SciFiCrates/Crates/Texture/T_Crates3_EMIS.ubulk" 1769
"C:/Users/inesc/Documents/GitHub/LevelDesing/MyProject 5.4/Content/SciFiCrates/Crates/Texture/T_Crates3_EMIS.uasset" 1770
"C:/Users/inesc/Documents/GitHub/LevelDesing/MyProject 5.4/Content/SciFiCrates/Crates/Texture/T_Crates3_EMIS.uexp" 1771
"C:/Users/inesc/Documents/GitHub/LevelDesing/MyProject 5.4/Content/SciFiCrates/Crates/Texture/T_Crates3_RAM.ubulk" 1772
"C:/Users/inesc/Documents/GitHub/LevelDesing/MyProject 5.4/Content/SciFiCrates/Crates/Texture/T_Crates3_RAM.uasset" 1773
"C:/Users/inesc/Documents/GitHub/LevelDesing/MyProject 5.4/Content/SciFiCrates/Crates/Texture/T_Crates3_RAM.uexp" 1774
"C:/Users/inesc/Documents/GitHub/LevelDesing/MyProject 5.4/Content/SciFiCrates/Crates/Material/M_Crate_3.uasset" 1775
"C:/Users/inesc/Documents/GitHub/LevelDesing/MyProject 5.4/Content/SciFiCrates/Crates/Material/M_Crate_3.uexp" 1776
"C:/Users/inesc/Documents/GitHub/LevelDesing/MyProject 5.4/Content/SciFiCrates/Crates/Mesh/SM_Barrel_V3.ubulk" 1777
"C:/Users/inesc/Documents/GitHub/LevelDesing/MyProject 5.4/Content/SciFiCrates/Crates/Mesh/SM_Barrel_V3.uasset" 1778
"C:/Users/inesc/Documents/GitHub/LevelDesing/MyProject 5.4/Content/SciFiCrates/Crates/Mesh/SM_Barrel_V3.uexp" 1779
"C:/Users/inesc/Documents/GitHub/LevelDesing/MyProject 5.4/Content/Fab/Megascans/Surfaces/Fort_Stone_Wall_tfuebj3n/Medium/T_tfuebj3n_2K_B.ubulk" 1780
"C:/Users/inesc/Documents/GitHub/LevelDesing/MyProject 5.4/Content/Fab/Megascans/Surfaces/Fort_Stone_Wall_tfuebj3n/Medium/T_tfuebj3n_2K_B.uasset" 1781
"C:/Users/inesc/Documents/GitHub/LevelDesing/MyProject 5.4/Content/Fab/Megascans/Surfaces/Fort_Stone_Wall_tfuebj3n/Medium/T_tfuebj3n_2K_B.uexp" 1782
"C:/Users/inesc/Documents/GitHub/LevelDesing/MyProject 5.4/Content/Fab/Megascans/Surfaces/Fort_Stone_Wall_tfuebj3n/Medium/T_tfuebj3n_2K_N.ubulk" 1783
"C:/Users/inesc/Documents/GitHub/LevelDesing/MyProject 5.4/Content/Fab/Megascans/Surfaces/Fort_Stone_Wall_tfuebj3n/Medium/T_tfuebj3n_2K_N.uasset" 1784
"C:/Users/inesc/Documents/GitHub/LevelDesing/MyProject 5.4/Content/Fab/Megascans/Surfaces/Fort_Stone_Wall_tfuebj3n/Medium/T_tfuebj3n_2K_N.uexp" 1785
"../../../Engine/Plugins/Fab/Content/MaterialFunctions/QMF_Tiling.uasset" 1786
"../../../Engine/Plugins/Fab/Content/MaterialFunctions/QMF_Tiling.uexp" 1787
"../../../Engine/Plugins/Fab/Content/Materials/Standard/M_MS_Srf.uasset" 1788
"../../../Engine/Plugins/Fab/Content/Materials/Standard/M_MS_Srf.uexp" 1789
"C:/Users/inesc/Documents/GitHub/LevelDesing/MyProject 5.4/Content/Fab/Megascans/Surfaces/Fort_Stone_Wall_tfuebj3n/Medium/T_tfuebj3n_2K_ORM.ubulk" 1790
"C:/Users/inesc/Documents/GitHub/LevelDesing/MyProject 5.4/Content/Fab/Megascans/Surfaces/Fort_Stone_Wall_tfuebj3n/Medium/T_tfuebj3n_2K_ORM.uasset" 1791
"C:/Users/inesc/Documents/GitHub/LevelDesing/MyProject 5.4/Content/Fab/Megascans/Surfaces/Fort_Stone_Wall_tfuebj3n/Medium/T_tfuebj3n_2K_ORM.uexp" 1792
"C:/Users/inesc/Documents/GitHub/LevelDesing/MyProject 5.4/Content/Fab/Megascans/Surfaces/Fort_Stone_Wall_tfuebj3n/Medium/MI_tfuebj3n.uasset" 1793
"C:/Users/inesc/Documents/GitHub/LevelDesing/MyProject 5.4/Content/Fab/Megascans/Surfaces/Fort_Stone_Wall_tfuebj3n/Medium/MI_tfuebj3n.uexp" 1794
"C:/Users/inesc/Documents/GitHub/LevelDesing/MyProject 5.4/Content/LevelPrototyping/Meshes/SM_Cube.ubulk" 1795
"C:/Users/inesc/Documents/GitHub/LevelDesing/MyProject 5.4/Content/LevelPrototyping/Meshes/SM_Cube.uasset" 1796
"C:/Users/inesc/Documents/GitHub/LevelDesing/MyProject 5.4/Content/LevelPrototyping/Meshes/SM_Cube.uexp" 1797
"C:/Users/inesc/Documents/GitHub/LevelDesing/MyProject 5.4/Content/Polar/Textures/T_CircleFrame_Masks.ubulk" 1798
"C:/Users/inesc/Documents/GitHub/LevelDesing/MyProject 5.4/Content/Polar/Textures/T_CircleFrame_Masks.uasset" 1799
"C:/Users/inesc/Documents/GitHub/LevelDesing/MyProject 5.4/Content/Polar/Textures/T_CircleFrame_Masks.uexp" 1800
"C:/Users/inesc/Documents/GitHub/LevelDesing/MyProject 5.4/Content/Polar/Textures/T_CircleFrame_SPEC.ubulk" 1801
"C:/Users/inesc/Documents/GitHub/LevelDesing/MyProject 5.4/Content/Polar/Textures/T_CircleFrame_SPEC.uasset" 1802
"C:/Users/inesc/Documents/GitHub/LevelDesing/MyProject 5.4/Content/Polar/Textures/T_CircleFrame_SPEC.uexp" 1803
"C:/Users/inesc/Documents/GitHub/LevelDesing/MyProject 5.4/Content/Polar/Textures/T_CircleFrame_NRM.ubulk" 1804
"C:/Users/inesc/Documents/GitHub/LevelDesing/MyProject 5.4/Content/Polar/Textures/T_CircleFrame_NRM.uasset" 1805
"C:/Users/inesc/Documents/GitHub/LevelDesing/MyProject 5.4/Content/Polar/Textures/T_CircleFrame_NRM.uexp" 1806
"C:/Users/inesc/Documents/GitHub/LevelDesing/MyProject 5.4/Content/Polar/Textures/T_CircleFrame_CLR.ubulk" 1807
"C:/Users/inesc/Documents/GitHub/LevelDesing/MyProject 5.4/Content/Polar/Textures/T_CircleFrame_CLR.uasset" 1808
"C:/Users/inesc/Documents/GitHub/LevelDesing/MyProject 5.4/Content/Polar/Textures/T_CircleFrame_CLR.uexp" 1809
"C:/Users/inesc/Documents/GitHub/LevelDesing/MyProject 5.4/Content/Polar/Materials/Decal_Materials/M_Light_Inst.uasset" 1810
"C:/Users/inesc/Documents/GitHub/LevelDesing/MyProject 5.4/Content/Polar/Materials/Decal_Materials/M_Light_Inst.uexp" 1811
"C:/Users/inesc/Documents/GitHub/LevelDesing/MyProject 5.4/Content/Polar/Materials/Glass/_M_Master_Glass.uasset" 1812
"C:/Users/inesc/Documents/GitHub/LevelDesing/MyProject 5.4/Content/Polar/Materials/Glass/_M_Master_Glass.uexp" 1813
"C:/Users/inesc/Documents/GitHub/LevelDesing/MyProject 5.4/Content/Polar/Meshes/Props/SM_Light.ubulk" 1814
"C:/Users/inesc/Documents/GitHub/LevelDesing/MyProject 5.4/Content/Polar/Meshes/Props/SM_Light.uasset" 1815
"C:/Users/inesc/Documents/GitHub/LevelDesing/MyProject 5.4/Content/Polar/Meshes/Props/SM_Light.uexp" 1816
"C:/Users/inesc/Documents/GitHub/LevelDesing/MyProject 5.4/Content/SciFiCrates/Crates/Texture/T_Crates2_NRM.ubulk" 1817
"C:/Users/inesc/Documents/GitHub/LevelDesing/MyProject 5.4/Content/SciFiCrates/Crates/Texture/T_Crates2_NRM.uasset" 1818
"C:/Users/inesc/Documents/GitHub/LevelDesing/MyProject 5.4/Content/SciFiCrates/Crates/Texture/T_Crates2_NRM.uexp" 1819
"C:/Users/inesc/Documents/GitHub/LevelDesing/MyProject 5.4/Content/SciFiCrates/Crates/Texture/T_Crates2_EMIS.ubulk" 1820
"C:/Users/inesc/Documents/GitHub/LevelDesing/MyProject 5.4/Content/SciFiCrates/Crates/Texture/T_Crates2_EMIS.uasset" 1821
"C:/Users/inesc/Documents/GitHub/LevelDesing/MyProject 5.4/Content/SciFiCrates/Crates/Texture/T_Crates2_EMIS.uexp" 1822
"C:/Users/inesc/Documents/GitHub/LevelDesing/MyProject 5.4/Content/SciFiCrates/Crates/Texture/T_Crates2_RAM.ubulk" 1823
"C:/Users/inesc/Documents/GitHub/LevelDesing/MyProject 5.4/Content/SciFiCrates/Crates/Texture/T_Crates2_RAM.uasset" 1824
"C:/Users/inesc/Documents/GitHub/LevelDesing/MyProject 5.4/Content/SciFiCrates/Crates/Texture/T_Crates2_RAM.uexp" 1825
"C:/Users/inesc/Documents/GitHub/LevelDesing/MyProject 5.4/Content/SciFiCrates/Crates/Texture/T_Crates2_BC.ubulk" 1826
"C:/Users/inesc/Documents/GitHub/LevelDesing/MyProject 5.4/Content/SciFiCrates/Crates/Texture/T_Crates2_BC.uasset" 1827
"C:/Users/inesc/Documents/GitHub/LevelDesing/MyProject 5.4/Content/SciFiCrates/Crates/Texture/T_Crates2_BC.uexp" 1828
"C:/Users/inesc/Documents/GitHub/LevelDesing/MyProject 5.4/Content/SciFiCrates/Crates/Material/M_Crate_2.uasset" 1829
"C:/Users/inesc/Documents/GitHub/LevelDesing/MyProject 5.4/Content/SciFiCrates/Crates/Material/M_Crate_2.uexp" 1830
"C:/Users/inesc/Documents/GitHub/LevelDesing/MyProject 5.4/Content/SciFiCrates/Crates/Mesh/SM_Cratebig_V2.ubulk" 1831
"C:/Users/inesc/Documents/GitHub/LevelDesing/MyProject 5.4/Content/SciFiCrates/Crates/Mesh/SM_Cratebig_V2.uasset" 1832
"C:/Users/inesc/Documents/GitHub/LevelDesing/MyProject 5.4/Content/SciFiCrates/Crates/Mesh/SM_Cratebig_V2.uexp" 1833
"C:/Users/inesc/Documents/GitHub/LevelDesing/MyProject 5.4/Content/Polar/Materials/Architectural/M_Wall_Opeque_Inst.uasset" 1834
"C:/Users/inesc/Documents/GitHub/LevelDesing/MyProject 5.4/Content/Polar/Materials/Architectural/M_Wall_Opeque_Inst.uexp" 1835
"C:/Users/inesc/Documents/GitHub/LevelDesing/MyProject 5.4/Content/Polar/Meshes/Architecture/SM_Wall_Flat.ubulk" 1836
"C:/Users/inesc/Documents/GitHub/LevelDesing/MyProject 5.4/Content/Polar/Meshes/Architecture/SM_Wall_Flat.uasset" 1837
"C:/Users/inesc/Documents/GitHub/LevelDesing/MyProject 5.4/Content/Polar/Meshes/Architecture/SM_Wall_Flat.uexp" 1838
"C:/Users/inesc/Documents/GitHub/LevelDesing/MyProject 5.4/Content/Polar/Meshes/Architecture/SM_Ceiling.ubulk" 1839
"C:/Users/inesc/Documents/GitHub/LevelDesing/MyProject 5.4/Content/Polar/Meshes/Architecture/SM_Ceiling.uasset" 1840
"C:/Users/inesc/Documents/GitHub/LevelDesing/MyProject 5.4/Content/Polar/Meshes/Architecture/SM_Ceiling.uexp" 1841
"C:/Users/inesc/Documents/GitHub/LevelDesing/MyProject 5.4/Content/Polar/Meshes/Architecture/SM_Ceiling_Transition_01.ubulk" 1842
"C:/Users/inesc/Documents/GitHub/LevelDesing/MyProject 5.4/Content/Polar/Meshes/Architecture/SM_Ceiling_Transition_01.uasset" 1843
"C:/Users/inesc/Documents/GitHub/LevelDesing/MyProject 5.4/Content/Polar/Meshes/Architecture/SM_Ceiling_Transition_01.uexp" 1844
"C:/Users/inesc/Documents/GitHub/LevelDesing/MyProject 5.4/Content/Polar/Meshes/Architecture/SM_Wall_Transition.ubulk" 1845
"C:/Users/inesc/Documents/GitHub/LevelDesing/MyProject 5.4/Content/Polar/Meshes/Architecture/SM_Wall_Transition.uasset" 1846
"C:/Users/inesc/Documents/GitHub/LevelDesing/MyProject 5.4/Content/Polar/Meshes/Architecture/SM_Wall_Transition.uexp" 1847
"C:/Users/inesc/Documents/GitHub/LevelDesing/MyProject 5.4/Content/SciFiCrates/Crates/Mesh/SM_Barrel_V2.ubulk" 1848
"C:/Users/inesc/Documents/GitHub/LevelDesing/MyProject 5.4/Content/SciFiCrates/Crates/Mesh/SM_Barrel_V2.uasset" 1849
"C:/Users/inesc/Documents/GitHub/LevelDesing/MyProject 5.4/Content/SciFiCrates/Crates/Mesh/SM_Barrel_V2.uexp" 1850
"C:/Users/inesc/Documents/GitHub/LevelDesing/MyProject 5.4/Content/Polar/Meshes/Architecture/SM_Floor_01_Opeque.ubulk" 1851
"C:/Users/inesc/Documents/GitHub/LevelDesing/MyProject 5.4/Content/Polar/Meshes/Architecture/SM_Floor_01_Opeque.uasset" 1852
"C:/Users/inesc/Documents/GitHub/LevelDesing/MyProject 5.4/Content/Polar/Meshes/Architecture/SM_Floor_01_Opeque.uexp" 1853
"C:/Users/inesc/Documents/GitHub/LevelDesing/MyProject 5.4/Content/Fab/Megascans/Plants/Dead_Shrubs_vdknafgha/Medium/SM_vdknafgha_VarG.ubulk" 1854
"C:/Users/inesc/Documents/GitHub/LevelDesing/MyProject 5.4/Content/Fab/Megascans/Plants/Dead_Shrubs_vdknafgha/Medium/SM_vdknafgha_VarG.uasset" 1855
"C:/Users/inesc/Documents/GitHub/LevelDesing/MyProject 5.4/Content/Fab/Megascans/Plants/Dead_Shrubs_vdknafgha/Medium/SM_vdknafgha_VarG.uexp" 1856
"C:/Users/inesc/Documents/GitHub/LevelDesing/MyProject 5.4/Content/Polar/Meshes/Architecture/SM_Wall_Tubes_Broken.ubulk" 1857
"C:/Users/inesc/Documents/GitHub/LevelDesing/MyProject 5.4/Content/Polar/Meshes/Architecture/SM_Wall_Tubes_Broken.uasset" 1858
"C:/Users/inesc/Documents/GitHub/LevelDesing/MyProject 5.4/Content/Polar/Meshes/Architecture/SM_Wall_Tubes_Broken.uexp" 1859
"../../../Engine/Content/EngineSky/T_Sky_Stars.ubulk" 1860
"../../../Engine/Content/EngineSky/T_Sky_Stars.uasset" 1861
"../../../Engine/Content/EngineSky/T_Sky_Stars.uexp" 1862
"../../../Engine/Content/EngineSky/T_Sky_Clouds_M.ubulk" 1863
"../../../Engine/Content/EngineSky/T_Sky_Clouds_M.uasset" 1864
"../../../Engine/Content/EngineSky/T_Sky_Clouds_M.uexp" 1865
"../../../Engine/Content/EngineSky/T_Sky_Blue.ubulk" 1866
"../../../Engine/Content/EngineSky/T_Sky_Blue.uasset" 1867
"../../../Engine/Content/EngineSky/T_Sky_Blue.uexp" 1868
"../../../Engine/Content/EngineSky/M_Sky_Panning_Clouds2.uasset" 1869
"../../../Engine/Content/EngineSky/M_Sky_Panning_Clouds2.uexp" 1870
"../../../Engine/Content/EngineSky/SM_SkySphere.ubulk" 1871
"../../../Engine/Content/EngineSky/SM_SkySphere.uasset" 1872
"../../../Engine/Content/EngineSky/SM_SkySphere.uexp" 1873
"../../../Engine/Content/EngineSky/M_SimpleSkyDome.uasset" 1874
"../../../Engine/Content/EngineSky/M_SimpleSkyDome.uexp" 1875
"C:/Users/inesc/Documents/GitHub/LevelDesing/MyProject 5.4/Content/Fab/Megascans/Plants/Dead_Shrubs_vdknafgha/Medium/SM_vdknafgha_VarF.ubulk" 1876
"C:/Users/inesc/Documents/GitHub/LevelDesing/MyProject 5.4/Content/Fab/Megascans/Plants/Dead_Shrubs_vdknafgha/Medium/SM_vdknafgha_VarF.uasset" 1877
"C:/Users/inesc/Documents/GitHub/LevelDesing/MyProject 5.4/Content/Fab/Megascans/Plants/Dead_Shrubs_vdknafgha/Medium/SM_vdknafgha_VarF.uexp" 1878
"C:/Users/inesc/Documents/GitHub/LevelDesing/MyProject 5.4/Content/Fab/FREE_Industrial-Stairs/M_Stairs_metallicRoughness.ubulk" 1879
"C:/Users/inesc/Documents/GitHub/LevelDesing/MyProject 5.4/Content/Fab/FREE_Industrial-Stairs/M_Stairs_metallicRoughness.uasset" 1880
"C:/Users/inesc/Documents/GitHub/LevelDesing/MyProject 5.4/Content/Fab/FREE_Industrial-Stairs/M_Stairs_metallicRoughness.uexp" 1881
"C:/Users/inesc/Documents/GitHub/LevelDesing/MyProject 5.4/Content/Fab/FREE_Industrial-Stairs/M_Stairs_baseColor.ubulk" 1882
"C:/Users/inesc/Documents/GitHub/LevelDesing/MyProject 5.4/Content/Fab/FREE_Industrial-Stairs/M_Stairs_baseColor.uasset" 1883
"C:/Users/inesc/Documents/GitHub/LevelDesing/MyProject 5.4/Content/Fab/FREE_Industrial-Stairs/M_Stairs_baseColor.uexp" 1884
"C:/Users/inesc/Documents/GitHub/LevelDesing/MyProject 5.4/Content/Fab/FREE_Industrial-Stairs/M_Stairs_specularf0.ubulk" 1885
"C:/Users/inesc/Documents/GitHub/LevelDesing/MyProject 5.4/Content/Fab/FREE_Industrial-Stairs/M_Stairs_specularf0.uasset" 1886
"C:/Users/inesc/Documents/GitHub/LevelDesing/MyProject 5.4/Content/Fab/FREE_Industrial-Stairs/M_Stairs_specularf0.uexp" 1887
"C:/Users/inesc/Documents/GitHub/LevelDesing/MyProject 5.4/Content/Fab/FREE_Industrial-Stairs/M_Stairs_normal.ubulk" 1888
"C:/Users/inesc/Documents/GitHub/LevelDesing/MyProject 5.4/Content/Fab/FREE_Industrial-Stairs/M_Stairs_normal.uasset" 1889
"C:/Users/inesc/Documents/GitHub/LevelDesing/MyProject 5.4/Content/Fab/FREE_Industrial-Stairs/M_Stairs_normal.uexp" 1890
"C:/Users/inesc/Documents/GitHub/LevelDesing/MyProject 5.4/Content/Fab/FREE_Industrial-Stairs/M_Stairs.uasset" 1891
"C:/Users/inesc/Documents/GitHub/LevelDesing/MyProject 5.4/Content/Fab/FREE_Industrial-Stairs/M_Stairs.uexp" 1892
"C:/Users/inesc/Documents/GitHub/LevelDesing/MyProject 5.4/Content/Fab/FREE_Industrial-Stairs/scene.ubulk" 1893
"C:/Users/inesc/Documents/GitHub/LevelDesing/MyProject 5.4/Content/Fab/FREE_Industrial-Stairs/scene.uasset" 1894
"C:/Users/inesc/Documents/GitHub/LevelDesing/MyProject 5.4/Content/Fab/FREE_Industrial-Stairs/scene.uexp" 1895
"C:/Users/inesc/Documents/GitHub/LevelDesing/MyProject 5.4/Content/SciFiCrates/Crates/Texture/T_Crates1_NRM.ubulk" 1896
"C:/Users/inesc/Documents/GitHub/LevelDesing/MyProject 5.4/Content/SciFiCrates/Crates/Texture/T_Crates1_NRM.uasset" 1897
"C:/Users/inesc/Documents/GitHub/LevelDesing/MyProject 5.4/Content/SciFiCrates/Crates/Texture/T_Crates1_NRM.uexp" 1898
"C:/Users/inesc/Documents/GitHub/LevelDesing/MyProject 5.4/Content/SciFiCrates/Crates/Texture/T_Crates1_RAM.ubulk" 1899
"C:/Users/inesc/Documents/GitHub/LevelDesing/MyProject 5.4/Content/SciFiCrates/Crates/Texture/T_Crates1_RAM.uasset" 1900
"C:/Users/inesc/Documents/GitHub/LevelDesing/MyProject 5.4/Content/SciFiCrates/Crates/Texture/T_Crates1_RAM.uexp" 1901
"C:/Users/inesc/Documents/GitHub/LevelDesing/MyProject 5.4/Content/SciFiCrates/Crates/Texture/T_Crates1_EMIS.ubulk" 1902
"C:/Users/inesc/Documents/GitHub/LevelDesing/MyProject 5.4/Content/SciFiCrates/Crates/Texture/T_Crates1_EMIS.uasset" 1903
"C:/Users/inesc/Documents/GitHub/LevelDesing/MyProject 5.4/Content/SciFiCrates/Crates/Texture/T_Crates1_EMIS.uexp" 1904
"C:/Users/inesc/Documents/GitHub/LevelDesing/MyProject 5.4/Content/SciFiCrates/Crates/Texture/T_Crates1_BC.ubulk" 1905
"C:/Users/inesc/Documents/GitHub/LevelDesing/MyProject 5.4/Content/SciFiCrates/Crates/Texture/T_Crates1_BC.uasset" 1906
"C:/Users/inesc/Documents/GitHub/LevelDesing/MyProject 5.4/Content/SciFiCrates/Crates/Texture/T_Crates1_BC.uexp" 1907
"C:/Users/inesc/Documents/GitHub/LevelDesing/MyProject 5.4/Content/SciFiCrates/Crates/Material/M_Crates_1.uasset" 1908
"C:/Users/inesc/Documents/GitHub/LevelDesing/MyProject 5.4/Content/SciFiCrates/Crates/Material/M_Crates_1.uexp" 1909
"C:/Users/inesc/Documents/GitHub/LevelDesing/MyProject 5.4/Content/SciFiCrates/Crates/Mesh/SM_Big_Crate_V1.ubulk" 1910
"C:/Users/inesc/Documents/GitHub/LevelDesing/MyProject 5.4/Content/SciFiCrates/Crates/Mesh/SM_Big_Crate_V1.uasset" 1911
"C:/Users/inesc/Documents/GitHub/LevelDesing/MyProject 5.4/Content/SciFiCrates/Crates/Mesh/SM_Big_Crate_V1.uexp" 1912
"C:/Users/inesc/Documents/GitHub/LevelDesing/MyProject 5.4/Content/SciFiCrates/Crates/Mesh/SM_Barrel_V1.ubulk" 1913
"C:/Users/inesc/Documents/GitHub/LevelDesing/MyProject 5.4/Content/SciFiCrates/Crates/Mesh/SM_Barrel_V1.uasset" 1914
"C:/Users/inesc/Documents/GitHub/LevelDesing/MyProject 5.4/Content/SciFiCrates/Crates/Mesh/SM_Barrel_V1.uexp" 1915
"C:/Users/inesc/Documents/GitHub/LevelDesing/MyProject 5.4/Content/Fab/Free_Realistic_Succulent_Plants_Pack/free_realistic_succulent_plants_pack_texture_7.ubulk" 1916
"C:/Users/inesc/Documents/GitHub/LevelDesing/MyProject 5.4/Content/Fab/Free_Realistic_Succulent_Plants_Pack/free_realistic_succulent_plants_pack_texture_7.uasset" 1917
"C:/Users/inesc/Documents/GitHub/LevelDesing/MyProject 5.4/Content/Fab/Free_Realistic_Succulent_Plants_Pack/free_realistic_succulent_plants_pack_texture_7.uexp" 1918
"C:/Users/inesc/Documents/GitHub/LevelDesing/MyProject 5.4/Content/Fab/Free_Realistic_Succulent_Plants_Pack/free_realistic_succulent_plants_pack_texture_8.ubulk" 1919
"C:/Users/inesc/Documents/GitHub/LevelDesing/MyProject 5.4/Content/Fab/Free_Realistic_Succulent_Plants_Pack/free_realistic_succulent_plants_pack_texture_8.uasset" 1920
"C:/Users/inesc/Documents/GitHub/LevelDesing/MyProject 5.4/Content/Fab/Free_Realistic_Succulent_Plants_Pack/free_realistic_succulent_plants_pack_texture_8.uexp" 1921
"C:/Users/inesc/Documents/GitHub/LevelDesing/MyProject 5.4/Content/Fab/Free_Realistic_Succulent_Plants_Pack/free_realistic_succulent_plants_pack_texture_9.ubulk" 1922
"C:/Users/inesc/Documents/GitHub/LevelDesing/MyProject 5.4/Content/Fab/Free_Realistic_Succulent_Plants_Pack/free_realistic_succulent_plants_pack_texture_9.uasset" 1923
"C:/Users/inesc/Documents/GitHub/LevelDesing/MyProject 5.4/Content/Fab/Free_Realistic_Succulent_Plants_Pack/free_realistic_succulent_plants_pack_texture_9.uexp" 1924
"C:/Users/inesc/Documents/GitHub/LevelDesing/MyProject 5.4/Content/Fab/Free_Realistic_Succulent_Plants_Pack/Plant.uasset" 1925
"C:/Users/inesc/Documents/GitHub/LevelDesing/MyProject 5.4/Content/Fab/Free_Realistic_Succulent_Plants_Pack/Plant.uexp" 1926
"C:/Users/inesc/Documents/GitHub/LevelDesing/MyProject 5.4/Content/Fab/Free_Realistic_Succulent_Plants_Pack/free_realistic_succulent_plants_pack_texture_15.ubulk" 1927
"C:/Users/inesc/Documents/GitHub/LevelDesing/MyProject 5.4/Content/Fab/Free_Realistic_Succulent_Plants_Pack/free_realistic_succulent_plants_pack_texture_15.uasset" 1928
"C:/Users/inesc/Documents/GitHub/LevelDesing/MyProject 5.4/Content/Fab/Free_Realistic_Succulent_Plants_Pack/free_realistic_succulent_plants_pack_texture_15.uexp" 1929
"C:/Users/inesc/Documents/GitHub/LevelDesing/MyProject 5.4/Content/Fab/Free_Realistic_Succulent_Plants_Pack/free_realistic_succulent_plants_pack_texture_16.ubulk" 1930
"C:/Users/inesc/Documents/GitHub/LevelDesing/MyProject 5.4/Content/Fab/Free_Realistic_Succulent_Plants_Pack/free_realistic_succulent_plants_pack_texture_16.uasset" 1931
"C:/Users/inesc/Documents/GitHub/LevelDesing/MyProject 5.4/Content/Fab/Free_Realistic_Succulent_Plants_Pack/free_realistic_succulent_plants_pack_texture_16.uexp" 1932
"C:/Users/inesc/Documents/GitHub/LevelDesing/MyProject 5.4/Content/Fab/Free_Realistic_Succulent_Plants_Pack/Gravel.uasset" 1933
"C:/Users/inesc/Documents/GitHub/LevelDesing/MyProject 5.4/Content/Fab/Free_Realistic_Succulent_Plants_Pack/Gravel.uexp" 1934
"C:/Users/inesc/Documents/GitHub/LevelDesing/MyProject 5.4/Content/Fab/Free_Realistic_Succulent_Plants_Pack/free_realistic_succulent_plants_pack_texture_4.ubulk" 1935
"C:/Users/inesc/Documents/GitHub/LevelDesing/MyProject 5.4/Content/Fab/Free_Realistic_Succulent_Plants_Pack/free_realistic_succulent_plants_pack_texture_4.uasset" 1936
"C:/Users/inesc/Documents/GitHub/LevelDesing/MyProject 5.4/Content/Fab/Free_Realistic_Succulent_Plants_Pack/free_realistic_succulent_plants_pack_texture_4.uexp" 1937
"C:/Users/inesc/Documents/GitHub/LevelDesing/MyProject 5.4/Content/Fab/Free_Realistic_Succulent_Plants_Pack/free_realistic_succulent_plants_pack_texture_5.ubulk" 1938
"C:/Users/inesc/Documents/GitHub/LevelDesing/MyProject 5.4/Content/Fab/Free_Realistic_Succulent_Plants_Pack/free_realistic_succulent_plants_pack_texture_5.uasset" 1939
"C:/Users/inesc/Documents/GitHub/LevelDesing/MyProject 5.4/Content/Fab/Free_Realistic_Succulent_Plants_Pack/free_realistic_succulent_plants_pack_texture_5.uexp" 1940
"C:/Users/inesc/Documents/GitHub/LevelDesing/MyProject 5.4/Content/Fab/Free_Realistic_Succulent_Plants_Pack/free_realistic_succulent_plants_pack_texture_6.ubulk" 1941
"C:/Users/inesc/Documents/GitHub/LevelDesing/MyProject 5.4/Content/Fab/Free_Realistic_Succulent_Plants_Pack/free_realistic_succulent_plants_pack_texture_6.uasset" 1942
"C:/Users/inesc/Documents/GitHub/LevelDesing/MyProject 5.4/Content/Fab/Free_Realistic_Succulent_Plants_Pack/free_realistic_succulent_plants_pack_texture_6.uexp" 1943
"C:/Users/inesc/Documents/GitHub/LevelDesing/MyProject 5.4/Content/Fab/Free_Realistic_Succulent_Plants_Pack/Cactus_Ball.uasset" 1944
"C:/Users/inesc/Documents/GitHub/LevelDesing/MyProject 5.4/Content/Fab/Free_Realistic_Succulent_Plants_Pack/Cactus_Ball.uexp" 1945
"C:/Users/inesc/Documents/GitHub/LevelDesing/MyProject 5.4/Content/Fab/Free_Realistic_Succulent_Plants_Pack/free_realistic_succulent_plants_pack_texture_3.ubulk" 1946
"C:/Users/inesc/Documents/GitHub/LevelDesing/MyProject 5.4/Content/Fab/Free_Realistic_Succulent_Plants_Pack/free_realistic_succulent_plants_pack_texture_3.uasset" 1947
"C:/Users/inesc/Documents/GitHub/LevelDesing/MyProject 5.4/Content/Fab/Free_Realistic_Succulent_Plants_Pack/free_realistic_succulent_plants_pack_texture_3.uexp" 1948
"C:/Users/inesc/Documents/GitHub/LevelDesing/MyProject 5.4/Content/Fab/Free_Realistic_Succulent_Plants_Pack/Spires.uasset" 1949
"C:/Users/inesc/Documents/GitHub/LevelDesing/MyProject 5.4/Content/Fab/Free_Realistic_Succulent_Plants_Pack/Spires.uexp" 1950
"C:/Users/inesc/Documents/GitHub/LevelDesing/MyProject 5.4/Content/Fab/Free_Realistic_Succulent_Plants_Pack/free_realistic_succulent_plants_pack_texture_1.ubulk" 1951
"C:/Users/inesc/Documents/GitHub/LevelDesing/MyProject 5.4/Content/Fab/Free_Realistic_Succulent_Plants_Pack/free_realistic_succulent_plants_pack_texture_1.uasset" 1952
"C:/Users/inesc/Documents/GitHub/LevelDesing/MyProject 5.4/Content/Fab/Free_Realistic_Succulent_Plants_Pack/free_realistic_succulent_plants_pack_texture_1.uexp" 1953
"C:/Users/inesc/Documents/GitHub/LevelDesing/MyProject 5.4/Content/Fab/Free_Realistic_Succulent_Plants_Pack/free_realistic_succulent_plants_pack_texture_13.ubulk" 1954
"C:/Users/inesc/Documents/GitHub/LevelDesing/MyProject 5.4/Content/Fab/Free_Realistic_Succulent_Plants_Pack/free_realistic_succulent_plants_pack_texture_13.uasset" 1955
"C:/Users/inesc/Documents/GitHub/LevelDesing/MyProject 5.4/Content/Fab/Free_Realistic_Succulent_Plants_Pack/free_realistic_succulent_plants_pack_texture_13.uexp" 1956
"C:/Users/inesc/Documents/GitHub/LevelDesing/MyProject 5.4/Content/Fab/Free_Realistic_Succulent_Plants_Pack/free_realistic_succulent_plants_pack_texture_14.ubulk" 1957
"C:/Users/inesc/Documents/GitHub/LevelDesing/MyProject 5.4/Content/Fab/Free_Realistic_Succulent_Plants_Pack/free_realistic_succulent_plants_pack_texture_14.uasset" 1958
"C:/Users/inesc/Documents/GitHub/LevelDesing/MyProject 5.4/Content/Fab/Free_Realistic_Succulent_Plants_Pack/free_realistic_succulent_plants_pack_texture_14.uexp" 1959
"C:/Users/inesc/Documents/GitHub/LevelDesing/MyProject 5.4/Content/Fab/Free_Realistic_Succulent_Plants_Pack/PearCactus.uasset" 1960
"C:/Users/inesc/Documents/GitHub/LevelDesing/MyProject 5.4/Content/Fab/Free_Realistic_Succulent_Plants_Pack/PearCactus.uexp" 1961
"C:/Users/inesc/Documents/GitHub/LevelDesing/MyProject 5.4/Content/Fab/Free_Realistic_Succulent_Plants_Pack/free_realistic_succulent_plants_pack_texture_0.ubulk" 1962
"C:/Users/inesc/Documents/GitHub/LevelDesing/MyProject 5.4/Content/Fab/Free_Realistic_Succulent_Plants_Pack/free_realistic_succulent_plants_pack_texture_0.uasset" 1963
"C:/Users/inesc/Documents/GitHub/LevelDesing/MyProject 5.4/Content/Fab/Free_Realistic_Succulent_Plants_Pack/free_realistic_succulent_plants_pack_texture_0.uexp" 1964
"C:/Users/inesc/Documents/GitHub/LevelDesing/MyProject 5.4/Content/Fab/Free_Realistic_Succulent_Plants_Pack/free_realistic_succulent_plants_pack_texture_2.ubulk" 1965
"C:/Users/inesc/Documents/GitHub/LevelDesing/MyProject 5.4/Content/Fab/Free_Realistic_Succulent_Plants_Pack/free_realistic_succulent_plants_pack_texture_2.uasset" 1966
"C:/Users/inesc/Documents/GitHub/LevelDesing/MyProject 5.4/Content/Fab/Free_Realistic_Succulent_Plants_Pack/free_realistic_succulent_plants_pack_texture_2.uexp" 1967
"C:/Users/inesc/Documents/GitHub/LevelDesing/MyProject 5.4/Content/Fab/Free_Realistic_Succulent_Plants_Pack/Cactus.uasset" 1968
"C:/Users/inesc/Documents/GitHub/LevelDesing/MyProject 5.4/Content/Fab/Free_Realistic_Succulent_Plants_Pack/Cactus.uexp" 1969
"C:/Users/inesc/Documents/GitHub/LevelDesing/MyProject 5.4/Content/Fab/Free_Realistic_Succulent_Plants_Pack/free_realistic_succulent_plants_pack_texture_10.ubulk" 1970
"C:/Users/inesc/Documents/GitHub/LevelDesing/MyProject 5.4/Content/Fab/Free_Realistic_Succulent_Plants_Pack/free_realistic_succulent_plants_pack_texture_10.uasset" 1971
"C:/Users/inesc/Documents/GitHub/LevelDesing/MyProject 5.4/Content/Fab/Free_Realistic_Succulent_Plants_Pack/free_realistic_succulent_plants_pack_texture_10.uexp" 1972
"C:/Users/inesc/Documents/GitHub/LevelDesing/MyProject 5.4/Content/Fab/Free_Realistic_Succulent_Plants_Pack/free_realistic_succulent_plants_pack_texture_11.ubulk" 1973
"C:/Users/inesc/Documents/GitHub/LevelDesing/MyProject 5.4/Content/Fab/Free_Realistic_Succulent_Plants_Pack/free_realistic_succulent_plants_pack_texture_11.uasset" 1974
"C:/Users/inesc/Documents/GitHub/LevelDesing/MyProject 5.4/Content/Fab/Free_Realistic_Succulent_Plants_Pack/free_realistic_succulent_plants_pack_texture_11.uexp" 1975
"C:/Users/inesc/Documents/GitHub/LevelDesing/MyProject 5.4/Content/Fab/Free_Realistic_Succulent_Plants_Pack/free_realistic_succulent_plants_pack_texture_12.ubulk" 1976
"C:/Users/inesc/Documents/GitHub/LevelDesing/MyProject 5.4/Content/Fab/Free_Realistic_Succulent_Plants_Pack/free_realistic_succulent_plants_pack_texture_12.uasset" 1977
"C:/Users/inesc/Documents/GitHub/LevelDesing/MyProject 5.4/Content/Fab/Free_Realistic_Succulent_Plants_Pack/free_realistic_succulent_plants_pack_texture_12.uexp" 1978
"C:/Users/inesc/Documents/GitHub/LevelDesing/MyProject 5.4/Content/Fab/Free_Realistic_Succulent_Plants_Pack/PearCactusFruit.uasset" 1979
"C:/Users/inesc/Documents/GitHub/LevelDesing/MyProject 5.4/Content/Fab/Free_Realistic_Succulent_Plants_Pack/PearCactusFruit.uexp" 1980
"C:/Users/inesc/Documents/GitHub/LevelDesing/MyProject 5.4/Content/Fab/Free_Realistic_Succulent_Plants_Pack/free_realistic_succulent_plants_pack.ubulk" 1981
"C:/Users/inesc/Documents/GitHub/LevelDesing/MyProject 5.4/Content/Fab/Free_Realistic_Succulent_Plants_Pack/free_realistic_succulent_plants_pack.uasset" 1982
"C:/Users/inesc/Documents/GitHub/LevelDesing/MyProject 5.4/Content/Fab/Free_Realistic_Succulent_Plants_Pack/free_realistic_succulent_plants_pack.uexp" 1983
"C:/Users/inesc/Documents/GitHub/LevelDesing/MyProject 5.4/Content/Polar/Meshes/Props/SM_Crate_02.ubulk" 1984
"C:/Users/inesc/Documents/GitHub/LevelDesing/MyProject 5.4/Content/Polar/Meshes/Props/SM_Crate_02.uasset" 1985
"C:/Users/inesc/Documents/GitHub/LevelDesing/MyProject 5.4/Content/Polar/Meshes/Props/SM_Crate_02.uexp" 1986
"C:/Users/inesc/Documents/GitHub/LevelDesing/MyProject 5.4/Content/Polar/Meshes/Props/SM_Wires_01.ubulk" 1987
"C:/Users/inesc/Documents/GitHub/LevelDesing/MyProject 5.4/Content/Polar/Meshes/Props/SM_Wires_01.uasset" 1988
"C:/Users/inesc/Documents/GitHub/LevelDesing/MyProject 5.4/Content/Polar/Meshes/Props/SM_Wires_01.uexp" 1989
"C:/Users/inesc/Documents/GitHub/LevelDesing/MyProject 5.4/Content/SciFiCrates/Building/Textures/Building_Set/Doors/T_Door_OcclusionRoughnessMetallic.ubulk" 1990
"C:/Users/inesc/Documents/GitHub/LevelDesing/MyProject 5.4/Content/SciFiCrates/Building/Textures/Building_Set/Doors/T_Door_OcclusionRoughnessMetallic.uasset" 1991
"C:/Users/inesc/Documents/GitHub/LevelDesing/MyProject 5.4/Content/SciFiCrates/Building/Textures/Building_Set/Doors/T_Door_OcclusionRoughnessMetallic.uexp" 1992
"C:/Users/inesc/Documents/GitHub/LevelDesing/MyProject 5.4/Content/SciFiCrates/Building/Textures/Building_Set/Doors/T_Door_BaseColor.ubulk" 1993
"C:/Users/inesc/Documents/GitHub/LevelDesing/MyProject 5.4/Content/SciFiCrates/Building/Textures/Building_Set/Doors/T_Door_BaseColor.uasset" 1994
"C:/Users/inesc/Documents/GitHub/LevelDesing/MyProject 5.4/Content/SciFiCrates/Building/Textures/Building_Set/Doors/T_Door_BaseColor.uexp" 1995
"C:/Users/inesc/Documents/GitHub/LevelDesing/MyProject 5.4/Content/SciFiCrates/Building/Textures/Building_Set/Doors/T_Door_Emissive.ubulk" 1996
"C:/Users/inesc/Documents/GitHub/LevelDesing/MyProject 5.4/Content/SciFiCrates/Building/Textures/Building_Set/Doors/T_Door_Emissive.uasset" 1997
"C:/Users/inesc/Documents/GitHub/LevelDesing/MyProject 5.4/Content/SciFiCrates/Building/Textures/Building_Set/Doors/T_Door_Emissive.uexp" 1998
"C:/Users/inesc/Documents/GitHub/LevelDesing/MyProject 5.4/Content/SciFiCrates/Building/Textures/Building_Set/Doors/T_Door_Normal.ubulk" 1999
"C:/Users/inesc/Documents/GitHub/LevelDesing/MyProject 5.4/Content/SciFiCrates/Building/Textures/Building_Set/Doors/T_Door_Normal.uasset" 2000
"C:/Users/inesc/Documents/GitHub/LevelDesing/MyProject 5.4/Content/SciFiCrates/Building/Textures/Building_Set/Doors/T_Door_Normal.uexp" 2001
"C:/Users/inesc/Documents/GitHub/LevelDesing/MyProject 5.4/Content/SciFiCrates/Building/Materials/Building_Set/M_Door_Frame.uasset" 2002
"C:/Users/inesc/Documents/GitHub/LevelDesing/MyProject 5.4/Content/SciFiCrates/Building/Materials/Building_Set/M_Door_Frame.uexp" 2003
"C:/Users/inesc/Documents/GitHub/LevelDesing/MyProject 5.4/Content/SciFiCrates/Building/Mesh/Building_Set/Door/SM_Door_R.ubulk" 2004
"C:/Users/inesc/Documents/GitHub/LevelDesing/MyProject 5.4/Content/SciFiCrates/Building/Mesh/Building_Set/Door/SM_Door_R.uasset" 2005
"C:/Users/inesc/Documents/GitHub/LevelDesing/MyProject 5.4/Content/SciFiCrates/Building/Mesh/Building_Set/Door/SM_Door_R.uexp" 2006
"C:/Users/inesc/Documents/GitHub/LevelDesing/MyProject 5.4/Content/Fab/Megascans/3D/Dead_Tree_qlEtl/Medium/T_qlEtl_2K_B.ubulk" 2007
"C:/Users/inesc/Documents/GitHub/LevelDesing/MyProject 5.4/Content/Fab/Megascans/3D/Dead_Tree_qlEtl/Medium/T_qlEtl_2K_B.uasset" 2008
"C:/Users/inesc/Documents/GitHub/LevelDesing/MyProject 5.4/Content/Fab/Megascans/3D/Dead_Tree_qlEtl/Medium/T_qlEtl_2K_B.uexp" 2009
"C:/Users/inesc/Documents/GitHub/LevelDesing/MyProject 5.4/Content/Fab/Megascans/3D/Dead_Tree_qlEtl/Medium/T_qlEtl_2K_N.ubulk" 2010
"C:/Users/inesc/Documents/GitHub/LevelDesing/MyProject 5.4/Content/Fab/Megascans/3D/Dead_Tree_qlEtl/Medium/T_qlEtl_2K_N.uasset" 2011
"C:/Users/inesc/Documents/GitHub/LevelDesing/MyProject 5.4/Content/Fab/Megascans/3D/Dead_Tree_qlEtl/Medium/T_qlEtl_2K_N.uexp" 2012
"C:/Users/inesc/Documents/GitHub/LevelDesing/MyProject 5.4/Content/Fab/Megascans/3D/Dead_Tree_qlEtl/Medium/T_qlEtl_2K_ORM.ubulk" 2013
"C:/Users/inesc/Documents/GitHub/LevelDesing/MyProject 5.4/Content/Fab/Megascans/3D/Dead_Tree_qlEtl/Medium/T_qlEtl_2K_ORM.uasset" 2014
"C:/Users/inesc/Documents/GitHub/LevelDesing/MyProject 5.4/Content/Fab/Megascans/3D/Dead_Tree_qlEtl/Medium/T_qlEtl_2K_ORM.uexp" 2015
"C:/Users/inesc/Documents/GitHub/LevelDesing/MyProject 5.4/Content/Fab/Megascans/3D/Dead_Tree_qlEtl/Medium/MI_qlEtl.uasset" 2016
"C:/Users/inesc/Documents/GitHub/LevelDesing/MyProject 5.4/Content/Fab/Megascans/3D/Dead_Tree_qlEtl/Medium/MI_qlEtl.uexp" 2017
"C:/Users/inesc/Documents/GitHub/LevelDesing/MyProject 5.4/Content/Fab/Megascans/3D/Dead_Tree_qlEtl/Medium/qlEtl_tier_2.ubulk" 2018
"C:/Users/inesc/Documents/GitHub/LevelDesing/MyProject 5.4/Content/Fab/Megascans/3D/Dead_Tree_qlEtl/Medium/qlEtl_tier_2.uasset" 2019
"C:/Users/inesc/Documents/GitHub/LevelDesing/MyProject 5.4/Content/Fab/Megascans/3D/Dead_Tree_qlEtl/Medium/qlEtl_tier_2.uexp" 2020
"C:/Users/inesc/Documents/GitHub/LevelDesing/MyProject 5.4/Content/Polar/Meshes/Architecture/SM_Floor_01.ubulk" 2021
"C:/Users/inesc/Documents/GitHub/LevelDesing/MyProject 5.4/Content/Polar/Meshes/Architecture/SM_Floor_01.uasset" 2022
"C:/Users/inesc/Documents/GitHub/LevelDesing/MyProject 5.4/Content/Polar/Meshes/Architecture/SM_Floor_01.uexp" 2023
"C:/Users/inesc/Documents/GitHub/LevelDesing/MyProject 5.4/Content/Polar/Meshes/Architecture/SM_Wall_Tubes_Open.ubulk" 2024
"C:/Users/inesc/Documents/GitHub/LevelDesing/MyProject 5.4/Content/Polar/Meshes/Architecture/SM_Wall_Tubes_Open.uasset" 2025
"C:/Users/inesc/Documents/GitHub/LevelDesing/MyProject 5.4/Content/Polar/Meshes/Architecture/SM_Wall_Tubes_Open.uexp" 2026
"C:/Users/inesc/Documents/GitHub/LevelDesing/MyProject 5.4/Content/Polar/Materials/Decal_Materials/M_Light__Dark_Inst.uasset" 2027
"C:/Users/inesc/Documents/GitHub/LevelDesing/MyProject 5.4/Content/Polar/Materials/Decal_Materials/M_Light__Dark_Inst.uexp" 2028
"C:/Users/inesc/Documents/GitHub/LevelDesing/MyProject 5.4/Content/Polar/Meshes/Architecture/SM_Circle_Frame.ubulk" 2029
"C:/Users/inesc/Documents/GitHub/LevelDesing/MyProject 5.4/Content/Polar/Meshes/Architecture/SM_Circle_Frame.uasset" 2030
"C:/Users/inesc/Documents/GitHub/LevelDesing/MyProject 5.4/Content/Polar/Meshes/Architecture/SM_Circle_Frame.uexp" 2031
"C:/Users/inesc/Documents/GitHub/LevelDesing/MyProject 5.4/Content/SciFiCrates/Building/Mesh/Building_Set/Door/SM_Door_Frame.ubulk" 2032
"C:/Users/inesc/Documents/GitHub/LevelDesing/MyProject 5.4/Content/SciFiCrates/Building/Mesh/Building_Set/Door/SM_Door_Frame.uasset" 2033
"C:/Users/inesc/Documents/GitHub/LevelDesing/MyProject 5.4/Content/SciFiCrates/Building/Mesh/Building_Set/Door/SM_Door_Frame.uexp" 2034
"C:/Users/inesc/Documents/GitHub/LevelDesing/MyProject 5.4/Content/FirstPerson/Input/Actions/IA_Shoot.uasset" 2035
"C:/Users/inesc/Documents/GitHub/LevelDesing/MyProject 5.4/Content/FirstPerson/Input/Actions/IA_Shoot.uexp" 2036
"C:/Users/inesc/Documents/GitHub/LevelDesing/MyProject 5.4/Content/FirstPerson/Input/IMC_Weapons.uasset" 2037
"C:/Users/inesc/Documents/GitHub/LevelDesing/MyProject 5.4/Content/FirstPerson/Input/IMC_Weapons.uexp" 2038
"C:/Users/inesc/Documents/GitHub/LevelDesing/MyProject 5.4/Content/FPWeapon/Mesh/SK_FPGun_Skeleton.uasset" 2039
"C:/Users/inesc/Documents/GitHub/LevelDesing/MyProject 5.4/Content/FPWeapon/Mesh/SK_FPGun_Skeleton.uexp" 2040
"C:/Users/inesc/Documents/GitHub/LevelDesing/MyProject 5.4/Content/FPWeapon/Materials/MaterialLayers/T_ML_Rubber_Blue_01_D.ubulk" 2041
"C:/Users/inesc/Documents/GitHub/LevelDesing/MyProject 5.4/Content/FPWeapon/Materials/MaterialLayers/T_ML_Rubber_Blue_01_D.uasset" 2042
"C:/Users/inesc/Documents/GitHub/LevelDesing/MyProject 5.4/Content/FPWeapon/Materials/MaterialLayers/T_ML_Rubber_Blue_01_D.uexp" 2043
"C:/Users/inesc/Documents/GitHub/LevelDesing/MyProject 5.4/Content/FPWeapon/Textures/T_FPGun_N.ubulk" 2044
"C:/Users/inesc/Documents/GitHub/LevelDesing/MyProject 5.4/Content/FPWeapon/Textures/T_FPGun_N.uasset" 2045
"C:/Users/inesc/Documents/GitHub/LevelDesing/MyProject 5.4/Content/FPWeapon/Textures/T_FPGun_N.uexp" 2046
"../../../Engine/Content/Functions/MaterialLayerFunctions/MatLayerBlend_NormalBlend.uasset" 2047
"../../../Engine/Content/Functions/MaterialLayerFunctions/MatLayerBlend_NormalBlend.uexp" 2048
"C:/Users/inesc/Documents/GitHub/LevelDesing/MyProject 5.4/Content/FPWeapon/Materials/MaterialLayers/T_ML_Rubber_Blue_01_N.ubulk" 2049
"C:/Users/inesc/Documents/GitHub/LevelDesing/MyProject 5.4/Content/FPWeapon/Materials/MaterialLayers/T_ML_Rubber_Blue_01_N.uasset" 2050
"C:/Users/inesc/Documents/GitHub/LevelDesing/MyProject 5.4/Content/FPWeapon/Materials/MaterialLayers/T_ML_Rubber_Blue_01_N.uexp" 2051
"C:/Users/inesc/Documents/GitHub/LevelDesing/MyProject 5.4/Content/FPWeapon/Materials/MaterialLayers/ML_Screen.uasset" 2052
"C:/Users/inesc/Documents/GitHub/LevelDesing/MyProject 5.4/Content/FPWeapon/Materials/MaterialLayers/ML_Screen.uexp" 2053
"C:/Users/inesc/Documents/GitHub/LevelDesing/MyProject 5.4/Content/FPWeapon/Materials/MaterialLayers/T_ML_Aluminum01_N.ubulk" 2054
"C:/Users/inesc/Documents/GitHub/LevelDesing/MyProject 5.4/Content/FPWeapon/Materials/MaterialLayers/T_ML_Aluminum01_N.uasset" 2055
"C:/Users/inesc/Documents/GitHub/LevelDesing/MyProject 5.4/Content/FPWeapon/Materials/MaterialLayers/T_ML_Aluminum01_N.uexp" 2056
"C:/Users/inesc/Documents/GitHub/LevelDesing/MyProject 5.4/Content/FPWeapon/Materials/MaterialLayers/T_ML_Aluminum01.ubulk" 2057
"C:/Users/inesc/Documents/GitHub/LevelDesing/MyProject 5.4/Content/FPWeapon/Materials/MaterialLayers/T_ML_Aluminum01.uasset" 2058
"C:/Users/inesc/Documents/GitHub/LevelDesing/MyProject 5.4/Content/FPWeapon/Materials/MaterialLayers/T_ML_Aluminum01.uexp" 2059
"C:/Users/inesc/Documents/GitHub/LevelDesing/MyProject 5.4/Content/FPWeapon/Materials/MaterialLayers/ML_SoftMetal_UE4.uasset" 2060
"C:/Users/inesc/Documents/GitHub/LevelDesing/MyProject 5.4/Content/FPWeapon/Materials/MaterialLayers/ML_SoftMetal_UE4.uexp" 2061
"../../../Engine/Content/Functions/MaterialLayerFunctions/MatLayerBlend_Simple.uasset" 2062
"../../../Engine/Content/Functions/MaterialLayerFunctions/MatLayerBlend_Simple.uexp" 2063
"C:/Users/inesc/Documents/GitHub/LevelDesing/MyProject 5.4/Content/FPWeapon/Textures/T_FPGun_M.ubulk" 2064
"C:/Users/inesc/Documents/GitHub/LevelDesing/MyProject 5.4/Content/FPWeapon/Textures/T_FPGun_M.uasset" 2065
"C:/Users/inesc/Documents/GitHub/LevelDesing/MyProject 5.4/Content/FPWeapon/Textures/T_FPGun_M.uexp" 2066
"C:/Users/inesc/Documents/GitHub/LevelDesing/MyProject 5.4/Content/FPWeapon/Materials/MaterialLayers/ML_Plastic_Shiny_Beige.uasset" 2067
"C:/Users/inesc/Documents/GitHub/LevelDesing/MyProject 5.4/Content/FPWeapon/Materials/MaterialLayers/ML_Plastic_Shiny_Beige.uexp" 2068
"C:/Users/inesc/Documents/GitHub/LevelDesing/MyProject 5.4/Content/FPWeapon/Materials/MaterialLayers/ML_GlossyBlack_Latex_UE4.uasset" 2069
"C:/Users/inesc/Documents/GitHub/LevelDesing/MyProject 5.4/Content/FPWeapon/Materials/MaterialLayers/ML_GlossyBlack_Latex_UE4.uexp" 2070
"C:/Users/inesc/Documents/GitHub/LevelDesing/MyProject 5.4/Content/FPWeapon/Materials/M_FPGun.uasset" 2071
"C:/Users/inesc/Documents/GitHub/LevelDesing/MyProject 5.4/Content/FPWeapon/Materials/M_FPGun.uexp" 2072
"C:/Users/inesc/Documents/GitHub/LevelDesing/MyProject 5.4/Content/FPWeapon/Mesh/SK_FPGun_Physics.uasset" 2073
"C:/Users/inesc/Documents/GitHub/LevelDesing/MyProject 5.4/Content/FPWeapon/Mesh/SK_FPGun_Physics.uexp" 2074
"C:/Users/inesc/Documents/GitHub/LevelDesing/MyProject 5.4/Content/FPWeapon/Mesh/SK_FPGun.uasset" 2075
"C:/Users/inesc/Documents/GitHub/LevelDesing/MyProject 5.4/Content/FPWeapon/Mesh/SK_FPGun.uexp" 2076
"C:/Users/inesc/Documents/GitHub/LevelDesing/MyProject 5.4/Content/FPWeapon/Audio/FirstPersonTemplateWeaponFire02.ubulk" 2077
"C:/Users/inesc/Documents/GitHub/LevelDesing/MyProject 5.4/Content/FPWeapon/Audio/FirstPersonTemplateWeaponFire02.uasset" 2078
"C:/Users/inesc/Documents/GitHub/LevelDesing/MyProject 5.4/Content/FPWeapon/Audio/FirstPersonTemplateWeaponFire02.uexp" 2079
"C:/Users/inesc/Documents/GitHub/LevelDesing/MyProject 5.4/Content/FPWeapon/Materials/BaseMaterial.uasset" 2080
"C:/Users/inesc/Documents/GitHub/LevelDesing/MyProject 5.4/Content/FPWeapon/Materials/BaseMaterial.uexp" 2081
"C:/Users/inesc/Documents/GitHub/LevelDesing/MyProject 5.4/Content/FPWeapon/Materials/FirstPersonProjectileMaterial.uasset" 2082
"C:/Users/inesc/Documents/GitHub/LevelDesing/MyProject 5.4/Content/FPWeapon/Materials/FirstPersonProjectileMaterial.uexp" 2083
"C:/Users/inesc/Documents/GitHub/LevelDesing/MyProject 5.4/Content/FPWeapon/Mesh/FirstPersonProjectileMesh.ubulk" 2084
"C:/Users/inesc/Documents/GitHub/LevelDesing/MyProject 5.4/Content/FPWeapon/Mesh/FirstPersonProjectileMesh.uasset" 2085
"C:/Users/inesc/Documents/GitHub/LevelDesing/MyProject 5.4/Content/FPWeapon/Mesh/FirstPersonProjectileMesh.uexp" 2086
"C:/Users/inesc/Documents/GitHub/LevelDesing/MyProject 5.4/Content/FirstPerson/Blueprints/BP_FirstPersonProjectile.uasset" 2087
"C:/Users/inesc/Documents/GitHub/LevelDesing/MyProject 5.4/Content/FirstPerson/Blueprints/BP_FirstPersonProjectile.uexp" 2088
"../../../Engine/Content/Animation/DefaultAnimCurveCompressionSettings.uasset" 2089
"../../../Engine/Content/Animation/DefaultAnimCurveCompressionSettings.uexp" 2090
"../../../Engine/Content/Animation/DefaultAnimBoneCompressionSettings.uasset" 2091
"../../../Engine/Content/Animation/DefaultAnimBoneCompressionSettings.uexp" 2092
"C:/Users/inesc/Documents/GitHub/LevelDesing/MyProject 5.4/Content/FirstPersonArms/Character/Mesh/SK_Mannequin_Arms_Skeleton.uasset" 2093
"C:/Users/inesc/Documents/GitHub/LevelDesing/MyProject 5.4/Content/FirstPersonArms/Character/Mesh/SK_Mannequin_Arms_Skeleton.uexp" 2094
"C:/Users/inesc/Documents/GitHub/LevelDesing/MyProject 5.4/Content/FirstPersonArms/Animations/FP_Rifle_Fire.uasset" 2095
"C:/Users/inesc/Documents/GitHub/LevelDesing/MyProject 5.4/Content/FirstPersonArms/Animations/FP_Rifle_Fire.uexp" 2096
"C:/Users/inesc/Documents/GitHub/LevelDesing/MyProject 5.4/Content/FirstPersonArms/Animations/FP_Rifle_Shoot_Montage.uasset" 2097
"C:/Users/inesc/Documents/GitHub/LevelDesing/MyProject 5.4/Content/FirstPersonArms/Animations/FP_Rifle_Shoot_Montage.uexp" 2098
"C:/Users/inesc/Documents/GitHub/LevelDesing/MyProject 5.4/Content/FirstPersonArms/Animations/FP_Rifle_Idle.uasset" 2099
"C:/Users/inesc/Documents/GitHub/LevelDesing/MyProject 5.4/Content/FirstPersonArms/Animations/FP_Rifle_Idle.uexp" 2100
"C:/Users/inesc/Documents/GitHub/LevelDesing/MyProject 5.4/Content/FirstPersonArms/Animations/FP_Rifle_Land.uasset" 2101
"C:/Users/inesc/Documents/GitHub/LevelDesing/MyProject 5.4/Content/FirstPersonArms/Animations/FP_Rifle_Land.uexp" 2102
"C:/Users/inesc/Documents/GitHub/LevelDesing/MyProject 5.4/Content/FirstPersonArms/Animations/FP_Rifle_Run.uasset" 2103
"C:/Users/inesc/Documents/GitHub/LevelDesing/MyProject 5.4/Content/FirstPersonArms/Animations/FP_Rifle_Run.uexp" 2104
"C:/Users/inesc/Documents/GitHub/LevelDesing/MyProject 5.4/Content/FirstPersonArms/Animations/FP_Rifle_Falling.uasset" 2105
"C:/Users/inesc/Documents/GitHub/LevelDesing/MyProject 5.4/Content/FirstPersonArms/Animations/FP_Rifle_Falling.uexp" 2106
"../../../Engine/Content/Animation/DefaultRecorderBoneCompression.uasset" 2107
"../../../Engine/Content/Animation/DefaultRecorderBoneCompression.uexp" 2108
"C:/Users/inesc/Documents/GitHub/LevelDesing/MyProject 5.4/Content/FirstPersonArms/Animations/FP_Idle.uasset" 2109
"C:/Users/inesc/Documents/GitHub/LevelDesing/MyProject 5.4/Content/FirstPersonArms/Animations/FP_Idle.uexp" 2110
"C:/Users/inesc/Documents/GitHub/LevelDesing/MyProject 5.4/Content/FirstPersonArms/Animations/FP_Jump.uasset" 2111
"C:/Users/inesc/Documents/GitHub/LevelDesing/MyProject 5.4/Content/FirstPersonArms/Animations/FP_Jump.uexp" 2112
"C:/Users/inesc/Documents/GitHub/LevelDesing/MyProject 5.4/Content/FirstPersonArms/Animations/FP_Run_Fwd.uasset" 2113
"C:/Users/inesc/Documents/GitHub/LevelDesing/MyProject 5.4/Content/FirstPersonArms/Animations/FP_Run_Fwd.uexp" 2114
"C:/Users/inesc/Documents/GitHub/LevelDesing/MyProject 5.4/Content/FirstPersonArms/Animations/FP_Land.uasset" 2115
"C:/Users/inesc/Documents/GitHub/LevelDesing/MyProject 5.4/Content/FirstPersonArms/Animations/FP_Land.uexp" 2116
"C:/Users/inesc/Documents/GitHub/LevelDesing/MyProject 5.4/Content/FirstPersonArms/Animations/FP_Falling.uasset" 2117
"C:/Users/inesc/Documents/GitHub/LevelDesing/MyProject 5.4/Content/FirstPersonArms/Animations/FP_Falling.uexp" 2118
"C:/Users/inesc/Documents/GitHub/LevelDesing/MyProject 5.4/Content/FirstPersonArms/Animations/FP_Rifle_Jump.uasset" 2119
"C:/Users/inesc/Documents/GitHub/LevelDesing/MyProject 5.4/Content/FirstPersonArms/Animations/FP_Rifle_Jump.uexp" 2120
"../../../Engine/Content/EditorBlueprintResources/StandardMacros.uasset" 2121
"../../../Engine/Content/EditorBlueprintResources/StandardMacros.uexp" 2122
"C:/Users/inesc/Documents/GitHub/LevelDesing/MyProject 5.4/Content/FirstPerson/Input/Actions/IA_Look.uasset" 2123
"C:/Users/inesc/Documents/GitHub/LevelDesing/MyProject 5.4/Content/FirstPerson/Input/Actions/IA_Look.uexp" 2124
"C:/Users/inesc/Documents/GitHub/LevelDesing/MyProject 5.4/Content/FirstPersonArms/Character/Textures/Manny/T_Manny_02_N.ubulk" 2125
"C:/Users/inesc/Documents/GitHub/LevelDesing/MyProject 5.4/Content/FirstPersonArms/Character/Textures/Manny/T_Manny_02_N.uasset" 2126
"C:/Users/inesc/Documents/GitHub/LevelDesing/MyProject 5.4/Content/FirstPersonArms/Character/Textures/Manny/T_Manny_02_N.uexp" 2127
"C:/Users/inesc/Documents/GitHub/LevelDesing/MyProject 5.4/Content/FirstPersonArms/Character/Textures/Manny/T_Manny_02_BN.ubulk" 2128
"C:/Users/inesc/Documents/GitHub/LevelDesing/MyProject 5.4/Content/FirstPersonArms/Character/Textures/Manny/T_Manny_02_BN.uasset" 2129
"C:/Users/inesc/Documents/GitHub/LevelDesing/MyProject 5.4/Content/FirstPersonArms/Character/Textures/Manny/T_Manny_02_BN.uexp" 2130
"C:/Users/inesc/Documents/GitHub/LevelDesing/MyProject 5.4/Content/FirstPersonArms/Character/Textures/Manny/T_Manny_02_ASAOPMASK_MSK.ubulk" 2131
"C:/Users/inesc/Documents/GitHub/LevelDesing/MyProject 5.4/Content/FirstPersonArms/Character/Textures/Manny/T_Manny_02_ASAOPMASK_MSK.uasset" 2132
"C:/Users/inesc/Documents/GitHub/LevelDesing/MyProject 5.4/Content/FirstPersonArms/Character/Textures/Manny/T_Manny_02_ASAOPMASK_MSK.uexp" 2133
"C:/Users/inesc/Documents/GitHub/LevelDesing/MyProject 5.4/Content/FirstPersonArms/Character/Textures/Manny/T_Manny_01_ASAOPMASK_MSK.ubulk" 2134
"C:/Users/inesc/Documents/GitHub/LevelDesing/MyProject 5.4/Content/FirstPersonArms/Character/Textures/Manny/T_Manny_01_ASAOPMASK_MSK.uasset" 2135
"C:/Users/inesc/Documents/GitHub/LevelDesing/MyProject 5.4/Content/FirstPersonArms/Character/Textures/Manny/T_Manny_01_ASAOPMASK_MSK.uexp" 2136
"C:/Users/inesc/Documents/GitHub/LevelDesing/MyProject 5.4/Content/FirstPersonArms/Character/Textures/Manny/T_Manny_01_CCRCCPlastic_MSK.ubulk" 2137
"C:/Users/inesc/Documents/GitHub/LevelDesing/MyProject 5.4/Content/FirstPersonArms/Character/Textures/Manny/T_Manny_01_CCRCCPlastic_MSK.uasset" 2138
"C:/Users/inesc/Documents/GitHub/LevelDesing/MyProject 5.4/Content/FirstPersonArms/Character/Textures/Manny/T_Manny_01_CCRCCPlastic_MSK.uexp" 2139
"C:/Users/inesc/Documents/GitHub/LevelDesing/MyProject 5.4/Content/FirstPersonArms/Character/Textures/Manny/T_Manny_01_Tan.ubulk" 2140
"C:/Users/inesc/Documents/GitHub/LevelDesing/MyProject 5.4/Content/FirstPersonArms/Character/Textures/Manny/T_Manny_01_Tan.uasset" 2141
"C:/Users/inesc/Documents/GitHub/LevelDesing/MyProject 5.4/Content/FirstPersonArms/Character/Textures/Manny/T_Manny_01_Tan.uexp" 2142
"C:/Users/inesc/Documents/GitHub/LevelDesing/MyProject 5.4/Content/FirstPersonArms/Character/Textures/Manny/T_Manny_01_BN.ubulk" 2143
"C:/Users/inesc/Documents/GitHub/LevelDesing/MyProject 5.4/Content/FirstPersonArms/Character/Textures/Manny/T_Manny_01_BN.uasset" 2144
"C:/Users/inesc/Documents/GitHub/LevelDesing/MyProject 5.4/Content/FirstPersonArms/Character/Textures/Manny/T_Manny_01_BN.uexp" 2145
"C:/Users/inesc/Documents/GitHub/LevelDesing/MyProject 5.4/Content/FirstPersonArms/Character/Textures/Manny/T_Manny_01_MSR_MSK.ubulk" 2146
"C:/Users/inesc/Documents/GitHub/LevelDesing/MyProject 5.4/Content/FirstPersonArms/Character/Textures/Manny/T_Manny_01_MSR_MSK.uasset" 2147
"C:/Users/inesc/Documents/GitHub/LevelDesing/MyProject 5.4/Content/FirstPersonArms/Character/Textures/Manny/T_Manny_01_MSR_MSK.uexp" 2148
"C:/Users/inesc/Documents/GitHub/LevelDesing/MyProject 5.4/Content/FirstPersonArms/Character/Textures/Manny/T_Manny_01_N.ubulk" 2149
"C:/Users/inesc/Documents/GitHub/LevelDesing/MyProject 5.4/Content/FirstPersonArms/Character/Textures/Manny/T_Manny_01_N.uasset" 2150
"C:/Users/inesc/Documents/GitHub/LevelDesing/MyProject 5.4/Content/FirstPersonArms/Character/Textures/Manny/T_Manny_01_N.uexp" 2151
"C:/Users/inesc/Documents/GitHub/LevelDesing/MyProject 5.4/Content/FirstPersonArms/Character/Textures/Manny/T_Manny_01_D.ubulk" 2152
"C:/Users/inesc/Documents/GitHub/LevelDesing/MyProject 5.4/Content/FirstPersonArms/Character/Textures/Manny/T_Manny_01_D.uasset" 2153
"C:/Users/inesc/Documents/GitHub/LevelDesing/MyProject 5.4/Content/FirstPersonArms/Character/Textures/Manny/T_Manny_01_D.uexp" 2154
"C:/Users/inesc/Documents/GitHub/LevelDesing/MyProject 5.4/Content/FirstPersonArms/Character/Materials/Functions/ChromaticCurve.uasset" 2155
"C:/Users/inesc/Documents/GitHub/LevelDesing/MyProject 5.4/Content/FirstPersonArms/Character/Materials/Functions/ChromaticCurve.uexp" 2156
"C:/Users/inesc/Documents/GitHub/LevelDesing/MyProject 5.4/Content/FirstPersonArms/Character/Materials/Functions/CA_Mannequin.uasset" 2157
"C:/Users/inesc/Documents/GitHub/LevelDesing/MyProject 5.4/Content/FirstPersonArms/Character/Materials/Functions/CA_Mannequin.uexp" 2158
"C:/Users/inesc/Documents/GitHub/LevelDesing/MyProject 5.4/Content/FirstPersonArms/Character/Materials/Functions/MF_Diffraction.uasset" 2159
"C:/Users/inesc/Documents/GitHub/LevelDesing/MyProject 5.4/Content/FirstPersonArms/Character/Materials/Functions/MF_Diffraction.uexp" 2160
"C:/Users/inesc/Documents/GitHub/LevelDesing/MyProject 5.4/Content/FirstPersonArms/Character/Textures/Shared/T_UE_Logo_M.uasset" 2161
"C:/Users/inesc/Documents/GitHub/LevelDesing/MyProject 5.4/Content/FirstPersonArms/Character/Textures/Shared/T_UE_Logo_M.uexp" 2162
"C:/Users/inesc/Documents/GitHub/LevelDesing/MyProject 5.4/Content/FirstPersonArms/Character/Materials/Functions/MF_logo3layers.uasset" 2163
"C:/Users/inesc/Documents/GitHub/LevelDesing/MyProject 5.4/Content/FirstPersonArms/Character/Materials/Functions/MF_logo3layers.uexp" 2164
"C:/Users/inesc/Documents/GitHub/LevelDesing/MyProject 5.4/Content/FirstPersonArms/Character/Materials/Functions/ML_BaseColorFallOff.uasset" 2165
"C:/Users/inesc/Documents/GitHub/LevelDesing/MyProject 5.4/Content/FirstPersonArms/Character/Materials/Functions/ML_BaseColorFallOff.uexp" 2166
"C:/Users/inesc/Documents/GitHub/LevelDesing/MyProject 5.4/Content/FirstPersonArms/Character/Materials/M_Mannequin.uasset" 2167
"C:/Users/inesc/Documents/GitHub/LevelDesing/MyProject 5.4/Content/FirstPersonArms/Character/Materials/M_Mannequin.uexp" 2168
"C:/Users/inesc/Documents/GitHub/LevelDesing/MyProject 5.4/Content/FirstPersonArms/Character/Materials/Instances/Manny/MI_Manny_01.uasset" 2169
"C:/Users/inesc/Documents/GitHub/LevelDesing/MyProject 5.4/Content/FirstPersonArms/Character/Materials/Instances/Manny/MI_Manny_01.uexp" 2170
"C:/Users/inesc/Documents/GitHub/LevelDesing/MyProject 5.4/Content/FirstPersonArms/Character/Textures/Manny/T_Manny_02_CCRCCPlastic_MSK.ubulk" 2171
"C:/Users/inesc/Documents/GitHub/LevelDesing/MyProject 5.4/Content/FirstPersonArms/Character/Textures/Manny/T_Manny_02_CCRCCPlastic_MSK.uasset" 2172
"C:/Users/inesc/Documents/GitHub/LevelDesing/MyProject 5.4/Content/FirstPersonArms/Character/Textures/Manny/T_Manny_02_CCRCCPlastic_MSK.uexp" 2173
"C:/Users/inesc/Documents/GitHub/LevelDesing/MyProject 5.4/Content/FirstPersonArms/Character/Textures/Manny/T_Manny_02_MSR_MSK.ubulk" 2174
"C:/Users/inesc/Documents/GitHub/LevelDesing/MyProject 5.4/Content/FirstPersonArms/Character/Textures/Manny/T_Manny_02_MSR_MSK.uasset" 2175
"C:/Users/inesc/Documents/GitHub/LevelDesing/MyProject 5.4/Content/FirstPersonArms/Character/Textures/Manny/T_Manny_02_MSR_MSK.uexp" 2176
"C:/Users/inesc/Documents/GitHub/LevelDesing/MyProject 5.4/Content/FirstPersonArms/Character/Textures/Manny/T_Manny_02_D.ubulk" 2177
"C:/Users/inesc/Documents/GitHub/LevelDesing/MyProject 5.4/Content/FirstPersonArms/Character/Textures/Manny/T_Manny_02_D.uasset" 2178
"C:/Users/inesc/Documents/GitHub/LevelDesing/MyProject 5.4/Content/FirstPersonArms/Character/Textures/Manny/T_Manny_02_D.uexp" 2179
"C:/Users/inesc/Documents/GitHub/LevelDesing/MyProject 5.4/Content/FirstPersonArms/Character/Textures/Manny/T_Manny_02_Tan.ubulk" 2180
"C:/Users/inesc/Documents/GitHub/LevelDesing/MyProject 5.4/Content/FirstPersonArms/Character/Textures/Manny/T_Manny_02_Tan.uasset" 2181
"C:/Users/inesc/Documents/GitHub/LevelDesing/MyProject 5.4/Content/FirstPersonArms/Character/Textures/Manny/T_Manny_02_Tan.uexp" 2182
"C:/Users/inesc/Documents/GitHub/LevelDesing/MyProject 5.4/Content/FirstPersonArms/Character/Materials/Instances/Manny/MI_Manny_02.uasset" 2183
"C:/Users/inesc/Documents/GitHub/LevelDesing/MyProject 5.4/Content/FirstPersonArms/Character/Materials/Instances/Manny/MI_Manny_02.uexp" 2184
"C:/Users/inesc/Documents/GitHub/LevelDesing/MyProject 5.4/Content/FirstPersonArms/Character/Mesh/SK_Mannequin_Arms_PhysicsAsset.uasset" 2185
"C:/Users/inesc/Documents/GitHub/LevelDesing/MyProject 5.4/Content/FirstPersonArms/Character/Mesh/SK_Mannequin_Arms_PhysicsAsset.uexp" 2186
"C:/Users/inesc/Documents/GitHub/LevelDesing/MyProject 5.4/Content/FirstPersonArms/Character/Mesh/SK_Mannequin_Arms.uasset" 2187
"C:/Users/inesc/Documents/GitHub/LevelDesing/MyProject 5.4/Content/FirstPersonArms/Character/Mesh/SK_Mannequin_Arms.uexp" 2188
"C:/Users/inesc/Documents/GitHub/LevelDesing/MyProject 5.4/Content/FirstPerson/Input/Actions/IA_Move.uasset" 2189
"C:/Users/inesc/Documents/GitHub/LevelDesing/MyProject 5.4/Content/FirstPerson/Input/Actions/IA_Move.uexp" 2190
"C:/Users/inesc/Documents/GitHub/LevelDesing/MyProject 5.4/Content/FirstPerson/Input/Actions/IA_Jump.uasset" 2191
"C:/Users/inesc/Documents/GitHub/LevelDesing/MyProject 5.4/Content/FirstPerson/Input/Actions/IA_Jump.uexp" 2192
"C:/Users/inesc/Documents/GitHub/LevelDesing/MyProject 5.4/Content/FirstPerson/Blueprints/BP_FirstPersonCharacter.uasset" 2193
"C:/Users/inesc/Documents/GitHub/LevelDesing/MyProject 5.4/Content/FirstPerson/Blueprints/BP_FirstPersonCharacter.uexp" 2194
"C:/Users/inesc/Documents/GitHub/LevelDesing/MyProject 5.4/Content/FirstPersonArms/Animations/FirstPerson_AnimBP.uasset" 2195
"C:/Users/inesc/Documents/GitHub/LevelDesing/MyProject 5.4/Content/FirstPersonArms/Animations/FirstPerson_AnimBP.uexp" 2196
"C:/Users/inesc/Documents/GitHub/LevelDesing/MyProject 5.4/Content/FirstPerson/Blueprints/BP_Weapon_Component.uasset" 2197
"C:/Users/inesc/Documents/GitHub/LevelDesing/MyProject 5.4/Content/FirstPerson/Blueprints/BP_Weapon_Component.uexp" 2198
"C:/Users/inesc/Documents/GitHub/LevelDesing/MyProject 5.4/Content/FirstPerson/Blueprints/BP_Pickup_Rifle.uasset" 2199
"C:/Users/inesc/Documents/GitHub/LevelDesing/MyProject 5.4/Content/FirstPerson/Blueprints/BP_Pickup_Rifle.uexp" 2200
"C:/Users/inesc/Documents/GitHub/LevelDesing/MyProject 5.4/Content/SciFiCrates/Crates/Mesh/SM_Small_Crate_V1.ubulk" 2201
"C:/Users/inesc/Documents/GitHub/LevelDesing/MyProject 5.4/Content/SciFiCrates/Crates/Mesh/SM_Small_Crate_V1.uasset" 2202
"C:/Users/inesc/Documents/GitHub/LevelDesing/MyProject 5.4/Content/SciFiCrates/Crates/Mesh/SM_Small_Crate_V1.uexp" 2203
"C:/Users/inesc/Documents/GitHub/LevelDesing/MyProject 5.4/Content/StarterContent/Textures/T_Concrete_Tiles_Variation_M.ubulk" 2204
"C:/Users/inesc/Documents/GitHub/LevelDesing/MyProject 5.4/Content/StarterContent/Textures/T_Concrete_Tiles_Variation_M.uasset" 2205
"C:/Users/inesc/Documents/GitHub/LevelDesing/MyProject 5.4/Content/StarterContent/Textures/T_Concrete_Tiles_Variation_M.uexp" 2206
"C:/Users/inesc/Documents/GitHub/LevelDesing/MyProject 5.4/Content/StarterContent/Textures/T_Concrete_Tiles_D.ubulk" 2207
"C:/Users/inesc/Documents/GitHub/LevelDesing/MyProject 5.4/Content/StarterContent/Textures/T_Concrete_Tiles_D.uasset" 2208
"C:/Users/inesc/Documents/GitHub/LevelDesing/MyProject 5.4/Content/StarterContent/Textures/T_Concrete_Tiles_D.uexp" 2209
"C:/Users/inesc/Documents/GitHub/LevelDesing/MyProject 5.4/Content/StarterContent/Textures/T_Concrete_Tiles_M.ubulk" 2210
"C:/Users/inesc/Documents/GitHub/LevelDesing/MyProject 5.4/Content/StarterContent/Textures/T_Concrete_Tiles_M.uasset" 2211
"C:/Users/inesc/Documents/GitHub/LevelDesing/MyProject 5.4/Content/StarterContent/Textures/T_Concrete_Tiles_M.uexp" 2212
"C:/Users/inesc/Documents/GitHub/LevelDesing/MyProject 5.4/Content/StarterContent/Textures/T_MacroVariation.uasset" 2213
"C:/Users/inesc/Documents/GitHub/LevelDesing/MyProject 5.4/Content/StarterContent/Textures/T_MacroVariation.uexp" 2214
"C:/Users/inesc/Documents/GitHub/LevelDesing/MyProject 5.4/Content/StarterContent/Textures/T_Concrete_Tiles_N.ubulk" 2215
"C:/Users/inesc/Documents/GitHub/LevelDesing/MyProject 5.4/Content/StarterContent/Textures/T_Concrete_Tiles_N.uasset" 2216
"C:/Users/inesc/Documents/GitHub/LevelDesing/MyProject 5.4/Content/StarterContent/Textures/T_Concrete_Tiles_N.uexp" 2217
"C:/Users/inesc/Documents/GitHub/LevelDesing/MyProject 5.4/Content/StarterContent/Materials/M_Concrete_Tiles.uasset" 2218
"C:/Users/inesc/Documents/GitHub/LevelDesing/MyProject 5.4/Content/StarterContent/Materials/M_Concrete_Tiles.uexp" 2219
"C:/Users/inesc/Documents/GitHub/LevelDesing/MyProject 5.4/Content/Fab/Sci-Fi_Lab_Machine/Emission.uasset" 2220
"C:/Users/inesc/Documents/GitHub/LevelDesing/MyProject 5.4/Content/Fab/Sci-Fi_Lab_Machine/Emission.uexp" 2221
"C:/Users/inesc/Documents/GitHub/LevelDesing/MyProject 5.4/Content/Fab/Sci-Fi_Lab_Machine/sci_fi_lab_machine_texture_0.ubulk" 2222
"C:/Users/inesc/Documents/GitHub/LevelDesing/MyProject 5.4/Content/Fab/Sci-Fi_Lab_Machine/sci_fi_lab_machine_texture_0.uasset" 2223
"C:/Users/inesc/Documents/GitHub/LevelDesing/MyProject 5.4/Content/Fab/Sci-Fi_Lab_Machine/sci_fi_lab_machine_texture_0.uexp" 2224
"C:/Users/inesc/Documents/GitHub/LevelDesing/MyProject 5.4/Content/Fab/Sci-Fi_Lab_Machine/sci_fi_lab_machine_texture_1.ubulk" 2225
"C:/Users/inesc/Documents/GitHub/LevelDesing/MyProject 5.4/Content/Fab/Sci-Fi_Lab_Machine/sci_fi_lab_machine_texture_1.uasset" 2226
"C:/Users/inesc/Documents/GitHub/LevelDesing/MyProject 5.4/Content/Fab/Sci-Fi_Lab_Machine/sci_fi_lab_machine_texture_1.uexp" 2227
"C:/Users/inesc/Documents/GitHub/LevelDesing/MyProject 5.4/Content/Fab/Sci-Fi_Lab_Machine/sci_fi_lab_machine_texture_2.ubulk" 2228
"C:/Users/inesc/Documents/GitHub/LevelDesing/MyProject 5.4/Content/Fab/Sci-Fi_Lab_Machine/sci_fi_lab_machine_texture_2.uasset" 2229
"C:/Users/inesc/Documents/GitHub/LevelDesing/MyProject 5.4/Content/Fab/Sci-Fi_Lab_Machine/sci_fi_lab_machine_texture_2.uexp" 2230
"C:/Users/inesc/Documents/GitHub/LevelDesing/MyProject 5.4/Content/Fab/Sci-Fi_Lab_Machine/sci_fi_lab_machine_texture_3.ubulk" 2231
"C:/Users/inesc/Documents/GitHub/LevelDesing/MyProject 5.4/Content/Fab/Sci-Fi_Lab_Machine/sci_fi_lab_machine_texture_3.uasset" 2232
"C:/Users/inesc/Documents/GitHub/LevelDesing/MyProject 5.4/Content/Fab/Sci-Fi_Lab_Machine/sci_fi_lab_machine_texture_3.uexp" 2233
"C:/Users/inesc/Documents/GitHub/LevelDesing/MyProject 5.4/Content/Fab/Sci-Fi_Lab_Machine/Op_Table.uasset" 2234
"C:/Users/inesc/Documents/GitHub/LevelDesing/MyProject 5.4/Content/Fab/Sci-Fi_Lab_Machine/Op_Table.uexp" 2235
"C:/Users/inesc/Documents/GitHub/LevelDesing/MyProject 5.4/Content/Fab/Sci-Fi_Lab_Machine/sci_fi_lab_machine_PhysicsAsset.uasset" 2236
"C:/Users/inesc/Documents/GitHub/LevelDesing/MyProject 5.4/Content/Fab/Sci-Fi_Lab_Machine/sci_fi_lab_machine_PhysicsAsset.uexp" 2237
"C:/Users/inesc/Documents/GitHub/LevelDesing/MyProject 5.4/Content/Fab/Sci-Fi_Lab_Machine/Red_Wire.uasset" 2238
"C:/Users/inesc/Documents/GitHub/LevelDesing/MyProject 5.4/Content/Fab/Sci-Fi_Lab_Machine/Red_Wire.uexp" 2239
"C:/Users/inesc/Documents/GitHub/LevelDesing/MyProject 5.4/Content/Fab/Sci-Fi_Lab_Machine/sci_fi_lab_machine.uasset" 2240
"C:/Users/inesc/Documents/GitHub/LevelDesing/MyProject 5.4/Content/Fab/Sci-Fi_Lab_Machine/sci_fi_lab_machine.uexp" 2241
"C:/Users/inesc/Documents/GitHub/LevelDesing/MyProject 5.4/Content/SciFiCrates/Building/Mesh/Building_Set/Door/SM_Door_L.ubulk" 2242
"C:/Users/inesc/Documents/GitHub/LevelDesing/MyProject 5.4/Content/SciFiCrates/Building/Mesh/Building_Set/Door/SM_Door_L.uasset" 2243
"C:/Users/inesc/Documents/GitHub/LevelDesing/MyProject 5.4/Content/SciFiCrates/Building/Mesh/Building_Set/Door/SM_Door_L.uexp" 2244
"C:/Users/inesc/Documents/GitHub/LevelDesing/MyProject 5.4/Content/Fab/Megascans/Plants/Dead_Shrubs_vdknafgha/Medium/SM_vdknafgha_VarH.ubulk" 2245
"C:/Users/inesc/Documents/GitHub/LevelDesing/MyProject 5.4/Content/Fab/Megascans/Plants/Dead_Shrubs_vdknafgha/Medium/SM_vdknafgha_VarH.uasset" 2246
"C:/Users/inesc/Documents/GitHub/LevelDesing/MyProject 5.4/Content/Fab/Megascans/Plants/Dead_Shrubs_vdknafgha/Medium/SM_vdknafgha_VarH.uexp" 2247
"C:/Users/inesc/Documents/GitHub/LevelDesing/MyProject 5.4/Content/Fab/Megascans/Plants/Dead_Shrubs_vdknafgha/Medium/FoliageTypes/FT_vdknafgha_VarH.uasset" 2248
"C:/Users/inesc/Documents/GitHub/LevelDesing/MyProject 5.4/Content/Fab/Megascans/Plants/Dead_Shrubs_vdknafgha/Medium/FoliageTypes/FT_vdknafgha_VarH.uexp" 2249
"C:/Users/inesc/Documents/GitHub/LevelDesing/MyProject 5.4/Content/Fab/Megascans/Plants/Dead_Shrubs_vdknafgha/Medium/FoliageTypes/FT_vdknafgha_VarG.uasset" 2250
"C:/Users/inesc/Documents/GitHub/LevelDesing/MyProject 5.4/Content/Fab/Megascans/Plants/Dead_Shrubs_vdknafgha/Medium/FoliageTypes/FT_vdknafgha_VarG.uexp" 2251
"C:/Users/inesc/Documents/GitHub/LevelDesing/MyProject 5.4/Content/Fab/Megascans/Plants/Dead_Shrubs_vdknafgha/Medium/FoliageTypes/FT_vdknafgha_VarF.uasset" 2252
"C:/Users/inesc/Documents/GitHub/LevelDesing/MyProject 5.4/Content/Fab/Megascans/Plants/Dead_Shrubs_vdknafgha/Medium/FoliageTypes/FT_vdknafgha_VarF.uexp" 2253
"C:/Users/inesc/Documents/GitHub/LevelDesing/MyProject 5.4/Content/Fab/Megascans/Plants/Dead_Shrubs_vdknafgha/Medium/SM_vdknafgha_VarE.ubulk" 2254
"C:/Users/inesc/Documents/GitHub/LevelDesing/MyProject 5.4/Content/Fab/Megascans/Plants/Dead_Shrubs_vdknafgha/Medium/SM_vdknafgha_VarE.uasset" 2255
"C:/Users/inesc/Documents/GitHub/LevelDesing/MyProject 5.4/Content/Fab/Megascans/Plants/Dead_Shrubs_vdknafgha/Medium/SM_vdknafgha_VarE.uexp" 2256
"C:/Users/inesc/Documents/GitHub/LevelDesing/MyProject 5.4/Content/Fab/Megascans/Plants/Dead_Shrubs_vdknafgha/Medium/FoliageTypes/FT_vdknafgha_VarE.uasset" 2257
"C:/Users/inesc/Documents/GitHub/LevelDesing/MyProject 5.4/Content/Fab/Megascans/Plants/Dead_Shrubs_vdknafgha/Medium/FoliageTypes/FT_vdknafgha_VarE.uexp" 2258
"C:/Users/inesc/Documents/GitHub/LevelDesing/MyProject 5.4/Content/Fab/Megascans/Plants/Dead_Shrubs_vdknafgha/Medium/SM_vdknafgha_VarD.ubulk" 2259
"C:/Users/inesc/Documents/GitHub/LevelDesing/MyProject 5.4/Content/Fab/Megascans/Plants/Dead_Shrubs_vdknafgha/Medium/SM_vdknafgha_VarD.uasset" 2260
"C:/Users/inesc/Documents/GitHub/LevelDesing/MyProject 5.4/Content/Fab/Megascans/Plants/Dead_Shrubs_vdknafgha/Medium/SM_vdknafgha_VarD.uexp" 2261
"C:/Users/inesc/Documents/GitHub/LevelDesing/MyProject 5.4/Content/Fab/Megascans/Plants/Dead_Shrubs_vdknafgha/Medium/FoliageTypes/FT_vdknafgha_VarD.uasset" 2262
"C:/Users/inesc/Documents/GitHub/LevelDesing/MyProject 5.4/Content/Fab/Megascans/Plants/Dead_Shrubs_vdknafgha/Medium/FoliageTypes/FT_vdknafgha_VarD.uexp" 2263
"C:/Users/inesc/Documents/GitHub/LevelDesing/MyProject 5.4/Content/Fab/Megascans/Plants/Dead_Shrubs_vdknafgha/Medium/SM_vdknafgha_VarC.ubulk" 2264
"C:/Users/inesc/Documents/GitHub/LevelDesing/MyProject 5.4/Content/Fab/Megascans/Plants/Dead_Shrubs_vdknafgha/Medium/SM_vdknafgha_VarC.uasset" 2265
"C:/Users/inesc/Documents/GitHub/LevelDesing/MyProject 5.4/Content/Fab/Megascans/Plants/Dead_Shrubs_vdknafgha/Medium/SM_vdknafgha_VarC.uexp" 2266
"C:/Users/inesc/Documents/GitHub/LevelDesing/MyProject 5.4/Content/Fab/Megascans/Plants/Dead_Shrubs_vdknafgha/Medium/FoliageTypes/FT_vdknafgha_VarC.uasset" 2267
"C:/Users/inesc/Documents/GitHub/LevelDesing/MyProject 5.4/Content/Fab/Megascans/Plants/Dead_Shrubs_vdknafgha/Medium/FoliageTypes/FT_vdknafgha_VarC.uexp" 2268
"C:/Users/inesc/Documents/GitHub/LevelDesing/MyProject 5.4/Content/Fab/Megascans/Plants/Dead_Shrubs_vdknafgha/Medium/FoliageTypes/FT_vdknafgha_VarB.uasset" 2269
"C:/Users/inesc/Documents/GitHub/LevelDesing/MyProject 5.4/Content/Fab/Megascans/Plants/Dead_Shrubs_vdknafgha/Medium/FoliageTypes/FT_vdknafgha_VarB.uexp" 2270
"C:/Users/inesc/Documents/GitHub/LevelDesing/MyProject 5.4/Content/Fab/Megascans/Plants/Dead_Shrubs_vdknafgha/Medium/SM_vdknafgha_VarA.ubulk" 2271
"C:/Users/inesc/Documents/GitHub/LevelDesing/MyProject 5.4/Content/Fab/Megascans/Plants/Dead_Shrubs_vdknafgha/Medium/SM_vdknafgha_VarA.uasset" 2272
"C:/Users/inesc/Documents/GitHub/LevelDesing/MyProject 5.4/Content/Fab/Megascans/Plants/Dead_Shrubs_vdknafgha/Medium/SM_vdknafgha_VarA.uexp" 2273
"C:/Users/inesc/Documents/GitHub/LevelDesing/MyProject 5.4/Content/Fab/Megascans/Plants/Dead_Shrubs_vdknafgha/Medium/FoliageTypes/FT_vdknafgha_VarA.uasset" 2274
"C:/Users/inesc/Documents/GitHub/LevelDesing/MyProject 5.4/Content/Fab/Megascans/Plants/Dead_Shrubs_vdknafgha/Medium/FoliageTypes/FT_vdknafgha_VarA.uexp" 2275
"../../../Engine/Content/Maps/Entry_BuiltData.uasset" 2276
"../../../Engine/Content/Maps/Entry_BuiltData.uexp" 2277
"../../../Engine/Content/Maps/Entry.uexp" 2278
"../../../Engine/Content/Maps/Entry.umap" 2279
"C:/Users/inesc/Documents/GitHub/LevelDesing/MyProject 5.4/Content/StarterContent/Textures/T_Frame_M.ubulk" 2280
"C:/Users/inesc/Documents/GitHub/LevelDesing/MyProject 5.4/Content/StarterContent/Textures/T_Frame_M.uasset" 2281
"C:/Users/inesc/Documents/GitHub/LevelDesing/MyProject 5.4/Content/StarterContent/Textures/T_Frame_M.uexp" 2282
"C:/Users/inesc/Documents/GitHub/LevelDesing/MyProject 5.4/Content/StarterContent/Textures/T_Frame_N.ubulk" 2283
"C:/Users/inesc/Documents/GitHub/LevelDesing/MyProject 5.4/Content/StarterContent/Textures/T_Frame_N.uasset" 2284
"C:/Users/inesc/Documents/GitHub/LevelDesing/MyProject 5.4/Content/StarterContent/Textures/T_Frame_N.uexp" 2285
"C:/Users/inesc/Documents/GitHub/LevelDesing/MyProject 5.4/Content/StarterContent/Props/Materials/M_Frame.uasset" 2286
"C:/Users/inesc/Documents/GitHub/LevelDesing/MyProject 5.4/Content/StarterContent/Props/Materials/M_Frame.uexp" 2287
"C:/Users/inesc/Documents/GitHub/LevelDesing/MyProject 5.4/Content/StarterContent/Props/SM_DoorFrame.ubulk" 2288
"C:/Users/inesc/Documents/GitHub/LevelDesing/MyProject 5.4/Content/StarterContent/Props/SM_DoorFrame.uasset" 2289
"C:/Users/inesc/Documents/GitHub/LevelDesing/MyProject 5.4/Content/StarterContent/Props/SM_DoorFrame.uexp" 2290
"C:/Users/inesc/Documents/GitHub/LevelDesing/MyProject 5.4/Content/StarterContent/Materials/M_Metal_Brushed_Nickel.uasset" 2291
"C:/Users/inesc/Documents/GitHub/LevelDesing/MyProject 5.4/Content/StarterContent/Materials/M_Metal_Brushed_Nickel.uexp" 2292
"C:/Users/inesc/Documents/GitHub/LevelDesing/MyProject 5.4/Content/StarterContent/Textures/T_Lamp_N.ubulk" 2293
"C:/Users/inesc/Documents/GitHub/LevelDesing/MyProject 5.4/Content/StarterContent/Textures/T_Lamp_N.uasset" 2294
"C:/Users/inesc/Documents/GitHub/LevelDesing/MyProject 5.4/Content/StarterContent/Textures/T_Lamp_N.uexp" 2295
"C:/Users/inesc/Documents/GitHub/LevelDesing/MyProject 5.4/Content/StarterContent/Textures/T_Lamp_M.ubulk" 2296
"C:/Users/inesc/Documents/GitHub/LevelDesing/MyProject 5.4/Content/StarterContent/Textures/T_Lamp_M.uasset" 2297
"C:/Users/inesc/Documents/GitHub/LevelDesing/MyProject 5.4/Content/StarterContent/Textures/T_Lamp_M.uexp" 2298
"C:/Users/inesc/Documents/GitHub/LevelDesing/MyProject 5.4/Content/StarterContent/Props/Materials/M_Lamp.uasset" 2299
"C:/Users/inesc/Documents/GitHub/LevelDesing/MyProject 5.4/Content/StarterContent/Props/Materials/M_Lamp.uexp" 2300
"C:/Users/inesc/Documents/GitHub/LevelDesing/MyProject 5.4/Content/StarterContent/Props/SM_Lamp_Ceiling.ubulk" 2301
"C:/Users/inesc/Documents/GitHub/LevelDesing/MyProject 5.4/Content/StarterContent/Props/SM_Lamp_Ceiling.uasset" 2302
"C:/Users/inesc/Documents/GitHub/LevelDesing/MyProject 5.4/Content/StarterContent/Props/SM_Lamp_Ceiling.uexp" 2303
"C:/Users/inesc/Documents/GitHub/LevelDesing/MyProject 5.4/Content/StarterContent/Blueprints/Blueprint_CeilingLight.uasset" 2304
"C:/Users/inesc/Documents/GitHub/LevelDesing/MyProject 5.4/Content/StarterContent/Blueprints/Blueprint_CeilingLight.uexp" 2305
"../../../Engine/Content/EngineFonts/RobotoDistanceField.uasset" 2306
"../../../Engine/Content/EngineFonts/RobotoDistanceField.uexp" 2307
"../../../Engine/Content/Functions/Engine_MaterialFunctions03/Procedurals/ComputeFilterWidth.uasset" 2308
"../../../Engine/Content/Functions/Engine_MaterialFunctions03/Procedurals/ComputeFilterWidth.uexp" 2309
"../../../Engine/Content/EngineMaterials/AntiAliasedTextMaterialTranslucent.uasset" 2310
"../../../Engine/Content/EngineMaterials/AntiAliasedTextMaterialTranslucent.uexp" 2311
"C:/Users/inesc/Documents/GitHub/LevelDesing/MyProject 5.4/Content/StarterContent/Architecture/Wall_Door_400x300.ubulk" 2312
"C:/Users/inesc/Documents/GitHub/LevelDesing/MyProject 5.4/Content/StarterContent/Architecture/Wall_Door_400x300.uasset" 2313
"C:/Users/inesc/Documents/GitHub/LevelDesing/MyProject 5.4/Content/StarterContent/Architecture/Wall_Door_400x300.uexp" 2314
"C:/Users/inesc/Documents/GitHub/LevelDesing/MyProject 5.4/Content/StarterContent/Textures/T_Wood_Pine_D.ubulk" 2315
"C:/Users/inesc/Documents/GitHub/LevelDesing/MyProject 5.4/Content/StarterContent/Textures/T_Wood_Pine_D.uasset" 2316
"C:/Users/inesc/Documents/GitHub/LevelDesing/MyProject 5.4/Content/StarterContent/Textures/T_Wood_Pine_D.uexp" 2317
"C:/Users/inesc/Documents/GitHub/LevelDesing/MyProject 5.4/Content/StarterContent/Textures/T_Wood_Pine_N.ubulk" 2318
"C:/Users/inesc/Documents/GitHub/LevelDesing/MyProject 5.4/Content/StarterContent/Textures/T_Wood_Pine_N.uasset" 2319
"C:/Users/inesc/Documents/GitHub/LevelDesing/MyProject 5.4/Content/StarterContent/Textures/T_Wood_Pine_N.uexp" 2320
"C:/Users/inesc/Documents/GitHub/LevelDesing/MyProject 5.4/Content/StarterContent/Textures/T_Perlin_Noise_M.ubulk" 2321
"C:/Users/inesc/Documents/GitHub/LevelDesing/MyProject 5.4/Content/StarterContent/Textures/T_Perlin_Noise_M.uasset" 2322
"C:/Users/inesc/Documents/GitHub/LevelDesing/MyProject 5.4/Content/StarterContent/Textures/T_Perlin_Noise_M.uexp" 2323
"C:/Users/inesc/Documents/GitHub/LevelDesing/MyProject 5.4/Content/StarterContent/Materials/M_Wood_Pine.uasset" 2324
"C:/Users/inesc/Documents/GitHub/LevelDesing/MyProject 5.4/Content/StarterContent/Materials/M_Wood_Pine.uexp" 2325
"C:/Users/inesc/Documents/GitHub/LevelDesing/MyProject 5.4/Content/StarterContent/Textures/T_Rock_Smooth_Granite_D.ubulk" 2326
"C:/Users/inesc/Documents/GitHub/LevelDesing/MyProject 5.4/Content/StarterContent/Textures/T_Rock_Smooth_Granite_D.uasset" 2327
"C:/Users/inesc/Documents/GitHub/LevelDesing/MyProject 5.4/Content/StarterContent/Textures/T_Rock_Smooth_Granite_D.uexp" 2328
"C:/Users/inesc/Documents/GitHub/LevelDesing/MyProject 5.4/Content/StarterContent/Textures/T_CobbleStone_Smooth_D.ubulk" 2329
"C:/Users/inesc/Documents/GitHub/LevelDesing/MyProject 5.4/Content/StarterContent/Textures/T_CobbleStone_Smooth_D.uasset" 2330
"C:/Users/inesc/Documents/GitHub/LevelDesing/MyProject 5.4/Content/StarterContent/Textures/T_CobbleStone_Smooth_D.uexp" 2331
"C:/Users/inesc/Documents/GitHub/LevelDesing/MyProject 5.4/Content/StarterContent/Textures/T_Gradinet_01.ubulk" 2332
"C:/Users/inesc/Documents/GitHub/LevelDesing/MyProject 5.4/Content/StarterContent/Textures/T_Gradinet_01.uasset" 2333
"C:/Users/inesc/Documents/GitHub/LevelDesing/MyProject 5.4/Content/StarterContent/Textures/T_Gradinet_01.uexp" 2334
"C:/Users/inesc/Documents/GitHub/LevelDesing/MyProject 5.4/Content/StarterContent/Textures/T_CobbleStone_Smooth_M.ubulk" 2335
"C:/Users/inesc/Documents/GitHub/LevelDesing/MyProject 5.4/Content/StarterContent/Textures/T_CobbleStone_Smooth_M.uasset" 2336
"C:/Users/inesc/Documents/GitHub/LevelDesing/MyProject 5.4/Content/StarterContent/Textures/T_CobbleStone_Smooth_M.uexp" 2337
"C:/Users/inesc/Documents/GitHub/LevelDesing/MyProject 5.4/Content/StarterContent/Textures/T_CobbleStone_Smooth_N.ubulk" 2338
"C:/Users/inesc/Documents/GitHub/LevelDesing/MyProject 5.4/Content/StarterContent/Textures/T_CobbleStone_Smooth_N.uasset" 2339
"C:/Users/inesc/Documents/GitHub/LevelDesing/MyProject 5.4/Content/StarterContent/Textures/T_CobbleStone_Smooth_N.uexp" 2340
"C:/Users/inesc/Documents/GitHub/LevelDesing/MyProject 5.4/Content/StarterContent/Materials/M_CobbleStone_Smooth.uasset" 2341
"C:/Users/inesc/Documents/GitHub/LevelDesing/MyProject 5.4/Content/StarterContent/Materials/M_CobbleStone_Smooth.uexp" 2342
"C:/Users/inesc/Documents/GitHub/LevelDesing/MyProject 5.4/Content/StarterContent/Textures/T_Rock_Basalt_N.ubulk" 2343
"C:/Users/inesc/Documents/GitHub/LevelDesing/MyProject 5.4/Content/StarterContent/Textures/T_Rock_Basalt_N.uasset" 2344
"C:/Users/inesc/Documents/GitHub/LevelDesing/MyProject 5.4/Content/StarterContent/Textures/T_Rock_Basalt_N.uexp" 2345
"C:/Users/inesc/Documents/GitHub/LevelDesing/MyProject 5.4/Content/StarterContent/Materials/M_Rock_Basalt.uasset" 2346
"C:/Users/inesc/Documents/GitHub/LevelDesing/MyProject 5.4/Content/StarterContent/Materials/M_Rock_Basalt.uexp" 2347
"C:/Users/inesc/Documents/GitHub/LevelDesing/MyProject 5.4/Content/StarterContent/Shapes/Shape_Cube.ubulk" 2348
"C:/Users/inesc/Documents/GitHub/LevelDesing/MyProject 5.4/Content/StarterContent/Shapes/Shape_Cube.uasset" 2349
"C:/Users/inesc/Documents/GitHub/LevelDesing/MyProject 5.4/Content/StarterContent/Shapes/Shape_Cube.uexp" 2350
"C:/Users/inesc/Documents/GitHub/LevelDesing/MyProject 5.4/Content/StarterContent/Props/MaterialSphere.ubulk" 2351
"C:/Users/inesc/Documents/GitHub/LevelDesing/MyProject 5.4/Content/StarterContent/Props/MaterialSphere.uasset" 2352
"C:/Users/inesc/Documents/GitHub/LevelDesing/MyProject 5.4/Content/StarterContent/Props/MaterialSphere.uexp" 2353
"C:/Users/inesc/Documents/GitHub/LevelDesing/MyProject 5.4/Content/StarterContent/Textures/T_Metal_Rust_N.ubulk" 2354
"C:/Users/inesc/Documents/GitHub/LevelDesing/MyProject 5.4/Content/StarterContent/Textures/T_Metal_Rust_N.uasset" 2355
"C:/Users/inesc/Documents/GitHub/LevelDesing/MyProject 5.4/Content/StarterContent/Textures/T_Metal_Rust_N.uexp" 2356
"C:/Users/inesc/Documents/GitHub/LevelDesing/MyProject 5.4/Content/StarterContent/Textures/T_Metal_Rust_D.ubulk" 2357
"C:/Users/inesc/Documents/GitHub/LevelDesing/MyProject 5.4/Content/StarterContent/Textures/T_Metal_Rust_D.uasset" 2358
"C:/Users/inesc/Documents/GitHub/LevelDesing/MyProject 5.4/Content/StarterContent/Textures/T_Metal_Rust_D.uexp" 2359
"C:/Users/inesc/Documents/GitHub/LevelDesing/MyProject 5.4/Content/StarterContent/Materials/M_Metal_Rust.uasset" 2360
"C:/Users/inesc/Documents/GitHub/LevelDesing/MyProject 5.4/Content/StarterContent/Materials/M_Metal_Rust.uexp" 2361
"C:/Users/inesc/Documents/GitHub/LevelDesing/MyProject 5.4/Content/StarterContent/Textures/T_Rock_Slate_D.ubulk" 2362
"C:/Users/inesc/Documents/GitHub/LevelDesing/MyProject 5.4/Content/StarterContent/Textures/T_Rock_Slate_D.uasset" 2363
"C:/Users/inesc/Documents/GitHub/LevelDesing/MyProject 5.4/Content/StarterContent/Textures/T_Rock_Slate_D.uexp" 2364
"C:/Users/inesc/Documents/GitHub/LevelDesing/MyProject 5.4/Content/StarterContent/Textures/T_Rock_Slate_N.ubulk" 2365
"C:/Users/inesc/Documents/GitHub/LevelDesing/MyProject 5.4/Content/StarterContent/Textures/T_Rock_Slate_N.uasset" 2366
"C:/Users/inesc/Documents/GitHub/LevelDesing/MyProject 5.4/Content/StarterContent/Textures/T_Rock_Slate_N.uexp" 2367
"C:/Users/inesc/Documents/GitHub/LevelDesing/MyProject 5.4/Content/StarterContent/Materials/M_Rock_Slate.uasset" 2368
"C:/Users/inesc/Documents/GitHub/LevelDesing/MyProject 5.4/Content/StarterContent/Materials/M_Rock_Slate.uexp" 2369
"C:/Users/inesc/Documents/GitHub/LevelDesing/MyProject 5.4/Content/StarterContent/Textures/T_Concrete_Poured_D.ubulk" 2370
"C:/Users/inesc/Documents/GitHub/LevelDesing/MyProject 5.4/Content/StarterContent/Textures/T_Concrete_Poured_D.uasset" 2371
"C:/Users/inesc/Documents/GitHub/LevelDesing/MyProject 5.4/Content/StarterContent/Textures/T_Concrete_Poured_D.uexp" 2372
"C:/Users/inesc/Documents/GitHub/LevelDesing/MyProject 5.4/Content/StarterContent/Textures/T_Concrete_Poured_N.ubulk" 2373
"C:/Users/inesc/Documents/GitHub/LevelDesing/MyProject 5.4/Content/StarterContent/Textures/T_Concrete_Poured_N.uasset" 2374
"C:/Users/inesc/Documents/GitHub/LevelDesing/MyProject 5.4/Content/StarterContent/Textures/T_Concrete_Poured_N.uexp" 2375
"C:/Users/inesc/Documents/GitHub/LevelDesing/MyProject 5.4/Content/StarterContent/Materials/M_Concrete_Poured.uasset" 2376
"C:/Users/inesc/Documents/GitHub/LevelDesing/MyProject 5.4/Content/StarterContent/Materials/M_Concrete_Poured.uexp" 2377
"C:/Users/inesc/Documents/GitHub/LevelDesing/MyProject 5.4/Content/StarterContent/Textures/T_Brick_Clay_Beveled_M.ubulk" 2378
"C:/Users/inesc/Documents/GitHub/LevelDesing/MyProject 5.4/Content/StarterContent/Textures/T_Brick_Clay_Beveled_M.uasset" 2379
"C:/Users/inesc/Documents/GitHub/LevelDesing/MyProject 5.4/Content/StarterContent/Textures/T_Brick_Clay_Beveled_M.uexp" 2380
"C:/Users/inesc/Documents/GitHub/LevelDesing/MyProject 5.4/Content/StarterContent/Textures/T_Brick_Clay_Beveled_N.ubulk" 2381
"C:/Users/inesc/Documents/GitHub/LevelDesing/MyProject 5.4/Content/StarterContent/Textures/T_Brick_Clay_Beveled_N.uasset" 2382
"C:/Users/inesc/Documents/GitHub/LevelDesing/MyProject 5.4/Content/StarterContent/Textures/T_Brick_Clay_Beveled_N.uexp" 2383
"C:/Users/inesc/Documents/GitHub/LevelDesing/MyProject 5.4/Content/StarterContent/Textures/T_Brick_Clay_Beveled_D.ubulk" 2384
"C:/Users/inesc/Documents/GitHub/LevelDesing/MyProject 5.4/Content/StarterContent/Textures/T_Brick_Clay_Beveled_D.uasset" 2385
"C:/Users/inesc/Documents/GitHub/LevelDesing/MyProject 5.4/Content/StarterContent/Textures/T_Brick_Clay_Beveled_D.uexp" 2386
"C:/Users/inesc/Documents/GitHub/LevelDesing/MyProject 5.4/Content/StarterContent/Materials/M_Brick_Clay_Beveled.uasset" 2387
"C:/Users/inesc/Documents/GitHub/LevelDesing/MyProject 5.4/Content/StarterContent/Materials/M_Brick_Clay_Beveled.uexp" 2388
"C:/Users/inesc/Documents/GitHub/LevelDesing/MyProject 5.4/Content/StarterContent/Textures/T_Tech_Hex_Tile_M.ubulk" 2389
"C:/Users/inesc/Documents/GitHub/LevelDesing/MyProject 5.4/Content/StarterContent/Textures/T_Tech_Hex_Tile_M.uasset" 2390
"C:/Users/inesc/Documents/GitHub/LevelDesing/MyProject 5.4/Content/StarterContent/Textures/T_Tech_Hex_Tile_M.uexp" 2391
"C:/Users/inesc/Documents/GitHub/LevelDesing/MyProject 5.4/Content/StarterContent/Textures/T_Tech_Hex_Tile_N.ubulk" 2392
"C:/Users/inesc/Documents/GitHub/LevelDesing/MyProject 5.4/Content/StarterContent/Textures/T_Tech_Hex_Tile_N.uasset" 2393
"C:/Users/inesc/Documents/GitHub/LevelDesing/MyProject 5.4/Content/StarterContent/Textures/T_Tech_Hex_Tile_N.uexp" 2394
"C:/Users/inesc/Documents/GitHub/LevelDesing/MyProject 5.4/Content/StarterContent/Materials/M_Tech_Hex_Tile.uasset" 2395
"C:/Users/inesc/Documents/GitHub/LevelDesing/MyProject 5.4/Content/StarterContent/Materials/M_Tech_Hex_Tile.uexp" 2396
"../../../Engine/Content/Functions/Engine_MaterialFunctions01/Opacity/AlphaOffset.uasset" 2397
"../../../Engine/Content/Functions/Engine_MaterialFunctions01/Opacity/AlphaOffset.uexp" 2398
"C:/Users/inesc/Documents/GitHub/LevelDesing/MyProject 5.4/Content/StarterContent/Textures/T_Wood_Floor_Walnut_M.ubulk" 2399
"C:/Users/inesc/Documents/GitHub/LevelDesing/MyProject 5.4/Content/StarterContent/Textures/T_Wood_Floor_Walnut_M.uasset" 2400
"C:/Users/inesc/Documents/GitHub/LevelDesing/MyProject 5.4/Content/StarterContent/Textures/T_Wood_Floor_Walnut_M.uexp" 2401
"C:/Users/inesc/Documents/GitHub/LevelDesing/MyProject 5.4/Content/StarterContent/Textures/T_Wood_Floor_Walnut_D.ubulk" 2402
"C:/Users/inesc/Documents/GitHub/LevelDesing/MyProject 5.4/Content/StarterContent/Textures/T_Wood_Floor_Walnut_D.uasset" 2403
"C:/Users/inesc/Documents/GitHub/LevelDesing/MyProject 5.4/Content/StarterContent/Textures/T_Wood_Floor_Walnut_D.uexp" 2404
"C:/Users/inesc/Documents/GitHub/LevelDesing/MyProject 5.4/Content/StarterContent/Textures/T_Wood_Floor_Walnut_N.ubulk" 2405
"C:/Users/inesc/Documents/GitHub/LevelDesing/MyProject 5.4/Content/StarterContent/Textures/T_Wood_Floor_Walnut_N.uasset" 2406
"C:/Users/inesc/Documents/GitHub/LevelDesing/MyProject 5.4/Content/StarterContent/Textures/T_Wood_Floor_Walnut_N.uexp" 2407
"C:/Users/inesc/Documents/GitHub/LevelDesing/MyProject 5.4/Content/StarterContent/Materials/M_Wood_Floor_Walnut_Worn.uasset" 2408
"C:/Users/inesc/Documents/GitHub/LevelDesing/MyProject 5.4/Content/StarterContent/Materials/M_Wood_Floor_Walnut_Worn.uexp" 2409
"C:/Users/inesc/Documents/GitHub/LevelDesing/MyProject 5.4/Content/StarterContent/Textures/T_Ground_Gravel_N.ubulk" 2410
"C:/Users/inesc/Documents/GitHub/LevelDesing/MyProject 5.4/Content/StarterContent/Textures/T_Ground_Gravel_N.uasset" 2411
"C:/Users/inesc/Documents/GitHub/LevelDesing/MyProject 5.4/Content/StarterContent/Textures/T_Ground_Gravel_N.uexp" 2412
"C:/Users/inesc/Documents/GitHub/LevelDesing/MyProject 5.4/Content/StarterContent/Textures/T_Ground_Gravel_D.ubulk" 2413
"C:/Users/inesc/Documents/GitHub/LevelDesing/MyProject 5.4/Content/StarterContent/Textures/T_Ground_Gravel_D.uasset" 2414
"C:/Users/inesc/Documents/GitHub/LevelDesing/MyProject 5.4/Content/StarterContent/Textures/T_Ground_Gravel_D.uexp" 2415
"C:/Users/inesc/Documents/GitHub/LevelDesing/MyProject 5.4/Content/StarterContent/Materials/M_Ground_Gravel.uasset" 2416
"C:/Users/inesc/Documents/GitHub/LevelDesing/MyProject 5.4/Content/StarterContent/Materials/M_Ground_Gravel.uexp" 2417
"C:/Users/inesc/Documents/GitHub/LevelDesing/MyProject 5.4/Content/StarterContent/Audio/Steam01_Cue.uasset" 2418
"C:/Users/inesc/Documents/GitHub/LevelDesing/MyProject 5.4/Content/StarterContent/Audio/Steam01_Cue.uexp" 2419
"C:/Users/inesc/Documents/GitHub/LevelDesing/MyProject 5.4/Content/StarterContent/Particles/P_Steam_Lit.uasset" 2420
"C:/Users/inesc/Documents/GitHub/LevelDesing/MyProject 5.4/Content/StarterContent/Particles/P_Steam_Lit.uexp" 2421
"C:/Users/inesc/Documents/GitHub/LevelDesing/MyProject 5.4/Content/StarterContent/Blueprints/Blueprint_Effect_Steam.uasset" 2422
"C:/Users/inesc/Documents/GitHub/LevelDesing/MyProject 5.4/Content/StarterContent/Blueprints/Blueprint_Effect_Steam.uexp" 2423
"C:/Users/inesc/Documents/GitHub/LevelDesing/MyProject 5.4/Content/StarterContent/Audio/Fire_Sparks01_Cue.uasset" 2424
"C:/Users/inesc/Documents/GitHub/LevelDesing/MyProject 5.4/Content/StarterContent/Audio/Fire_Sparks01_Cue.uexp" 2425
"C:/Users/inesc/Documents/GitHub/LevelDesing/MyProject 5.4/Content/StarterContent/Textures/T_Spark_Core.ubulk" 2426
"C:/Users/inesc/Documents/GitHub/LevelDesing/MyProject 5.4/Content/StarterContent/Textures/T_Spark_Core.uasset" 2427
"C:/Users/inesc/Documents/GitHub/LevelDesing/MyProject 5.4/Content/StarterContent/Textures/T_Spark_Core.uexp" 2428
"C:/Users/inesc/Documents/GitHub/LevelDesing/MyProject 5.4/Content/StarterContent/Particles/Materials/M_Spark.uasset" 2429
"C:/Users/inesc/Documents/GitHub/LevelDesing/MyProject 5.4/Content/StarterContent/Particles/Materials/M_Spark.uexp" 2430
"C:/Users/inesc/Documents/GitHub/LevelDesing/MyProject 5.4/Content/StarterContent/Particles/Materials/M_Radial_Gradient.uasset" 2431
"C:/Users/inesc/Documents/GitHub/LevelDesing/MyProject 5.4/Content/StarterContent/Particles/Materials/M_Radial_Gradient.uexp" 2432
"C:/Users/inesc/Documents/GitHub/LevelDesing/MyProject 5.4/Content/StarterContent/Particles/P_Sparks.uasset" 2433
"C:/Users/inesc/Documents/GitHub/LevelDesing/MyProject 5.4/Content/StarterContent/Particles/P_Sparks.uexp" 2434
"C:/Users/inesc/Documents/GitHub/LevelDesing/MyProject 5.4/Content/StarterContent/Blueprints/Blueprint_Effect_Sparks.uasset" 2435
"C:/Users/inesc/Documents/GitHub/LevelDesing/MyProject 5.4/Content/StarterContent/Blueprints/Blueprint_Effect_Sparks.uexp" 2436
"C:/Users/inesc/Documents/GitHub/LevelDesing/MyProject 5.4/Content/StarterContent/Textures/T_Water_N.ubulk" 2437
"C:/Users/inesc/Documents/GitHub/LevelDesing/MyProject 5.4/Content/StarterContent/Textures/T_Water_N.uasset" 2438
"C:/Users/inesc/Documents/GitHub/LevelDesing/MyProject 5.4/Content/StarterContent/Textures/T_Water_N.uexp" 2439
"C:/Users/inesc/Documents/GitHub/LevelDesing/MyProject 5.4/Content/StarterContent/Materials/M_Water_Lake.uasset" 2440
"C:/Users/inesc/Documents/GitHub/LevelDesing/MyProject 5.4/Content/StarterContent/Materials/M_Water_Lake.uexp" 2441
"C:/Users/inesc/Documents/GitHub/LevelDesing/MyProject 5.4/Content/StarterContent/Architecture/Wall_400x200.ubulk" 2442
"C:/Users/inesc/Documents/GitHub/LevelDesing/MyProject 5.4/Content/StarterContent/Architecture/Wall_400x200.uasset" 2443
"C:/Users/inesc/Documents/GitHub/LevelDesing/MyProject 5.4/Content/StarterContent/Architecture/Wall_400x200.uexp" 2444
"C:/Users/inesc/Documents/GitHub/LevelDesing/MyProject 5.4/Content/StarterContent/Textures/T_Checker_Noise_M.ubulk" 2445
"C:/Users/inesc/Documents/GitHub/LevelDesing/MyProject 5.4/Content/StarterContent/Textures/T_Checker_Noise_M.uasset" 2446
"C:/Users/inesc/Documents/GitHub/LevelDesing/MyProject 5.4/Content/StarterContent/Textures/T_Checker_Noise_M.uexp" 2447
"C:/Users/inesc/Documents/GitHub/LevelDesing/MyProject 5.4/Content/StarterContent/Textures/T_Tech_Dot_M.ubulk" 2448
"C:/Users/inesc/Documents/GitHub/LevelDesing/MyProject 5.4/Content/StarterContent/Textures/T_Tech_Dot_M.uasset" 2449
"C:/Users/inesc/Documents/GitHub/LevelDesing/MyProject 5.4/Content/StarterContent/Textures/T_Tech_Dot_M.uexp" 2450
"C:/Users/inesc/Documents/GitHub/LevelDesing/MyProject 5.4/Content/StarterContent/Textures/T_Tech_Dot_N.ubulk" 2451
"C:/Users/inesc/Documents/GitHub/LevelDesing/MyProject 5.4/Content/StarterContent/Textures/T_Tech_Dot_N.uasset" 2452
"C:/Users/inesc/Documents/GitHub/LevelDesing/MyProject 5.4/Content/StarterContent/Textures/T_Tech_Dot_N.uexp" 2453
"C:/Users/inesc/Documents/GitHub/LevelDesing/MyProject 5.4/Content/StarterContent/Textures/T_Single_Tile_N.ubulk" 2454
"C:/Users/inesc/Documents/GitHub/LevelDesing/MyProject 5.4/Content/StarterContent/Textures/T_Single_Tile_N.uasset" 2455
"C:/Users/inesc/Documents/GitHub/LevelDesing/MyProject 5.4/Content/StarterContent/Textures/T_Single_Tile_N.uexp" 2456
"C:/Users/inesc/Documents/GitHub/LevelDesing/MyProject 5.4/Content/StarterContent/Materials/M_Tech_Checker_Dot.uasset" 2457
"C:/Users/inesc/Documents/GitHub/LevelDesing/MyProject 5.4/Content/StarterContent/Materials/M_Tech_Checker_Dot.uexp" 2458
"C:/Users/inesc/Documents/GitHub/LevelDesing/MyProject 5.4/Content/StarterContent/Architecture/Floor_400x400.ubulk" 2459
"C:/Users/inesc/Documents/GitHub/LevelDesing/MyProject 5.4/Content/StarterContent/Architecture/Floor_400x400.uasset" 2460
"C:/Users/inesc/Documents/GitHub/LevelDesing/MyProject 5.4/Content/StarterContent/Architecture/Floor_400x400.uexp" 2461
"C:/Users/inesc/Documents/GitHub/LevelDesing/MyProject 5.4/Content/StarterContent/Props/SM_GlassWindow.ubulk" 2462
"C:/Users/inesc/Documents/GitHub/LevelDesing/MyProject 5.4/Content/StarterContent/Props/SM_GlassWindow.uasset" 2463
"C:/Users/inesc/Documents/GitHub/LevelDesing/MyProject 5.4/Content/StarterContent/Props/SM_GlassWindow.uexp" 2464
"C:/Users/inesc/Documents/GitHub/LevelDesing/MyProject 5.4/Content/StarterContent/Textures/T_Metal_Gold_N.ubulk" 2465
"C:/Users/inesc/Documents/GitHub/LevelDesing/MyProject 5.4/Content/StarterContent/Textures/T_Metal_Gold_N.uasset" 2466
"C:/Users/inesc/Documents/GitHub/LevelDesing/MyProject 5.4/Content/StarterContent/Textures/T_Metal_Gold_N.uexp" 2467
"C:/Users/inesc/Documents/GitHub/LevelDesing/MyProject 5.4/Content/StarterContent/Textures/T_Rock_Marble_Polished_D.ubulk" 2468
"C:/Users/inesc/Documents/GitHub/LevelDesing/MyProject 5.4/Content/StarterContent/Textures/T_Rock_Marble_Polished_D.uasset" 2469
"C:/Users/inesc/Documents/GitHub/LevelDesing/MyProject 5.4/Content/StarterContent/Textures/T_Rock_Marble_Polished_D.uexp" 2470
"C:/Users/inesc/Documents/GitHub/LevelDesing/MyProject 5.4/Content/StarterContent/Materials/M_Rock_Marble_Polished.uasset" 2471
"C:/Users/inesc/Documents/GitHub/LevelDesing/MyProject 5.4/Content/StarterContent/Materials/M_Rock_Marble_Polished.uexp" 2472
"C:/Users/inesc/Documents/GitHub/LevelDesing/MyProject 5.4/Content/StarterContent/Textures/T_Concrete_Grime_D.ubulk" 2473
"C:/Users/inesc/Documents/GitHub/LevelDesing/MyProject 5.4/Content/StarterContent/Textures/T_Concrete_Grime_D.uasset" 2474
"C:/Users/inesc/Documents/GitHub/LevelDesing/MyProject 5.4/Content/StarterContent/Textures/T_Concrete_Grime_D.uexp" 2475
"C:/Users/inesc/Documents/GitHub/LevelDesing/MyProject 5.4/Content/StarterContent/Materials/M_Concrete_Grime.uasset" 2476
"C:/Users/inesc/Documents/GitHub/LevelDesing/MyProject 5.4/Content/StarterContent/Materials/M_Concrete_Grime.uexp" 2477
"C:/Users/inesc/Documents/GitHub/LevelDesing/MyProject 5.4/Content/StarterContent/Textures/T_Ceramic_Tile_M.ubulk" 2478
"C:/Users/inesc/Documents/GitHub/LevelDesing/MyProject 5.4/Content/StarterContent/Textures/T_Ceramic_Tile_M.uasset" 2479
"C:/Users/inesc/Documents/GitHub/LevelDesing/MyProject 5.4/Content/StarterContent/Textures/T_Ceramic_Tile_M.uexp" 2480
"C:/Users/inesc/Documents/GitHub/LevelDesing/MyProject 5.4/Content/StarterContent/Textures/T_Ceramic_Tile_N.ubulk" 2481
"C:/Users/inesc/Documents/GitHub/LevelDesing/MyProject 5.4/Content/StarterContent/Textures/T_Ceramic_Tile_N.uasset" 2482
"C:/Users/inesc/Documents/GitHub/LevelDesing/MyProject 5.4/Content/StarterContent/Textures/T_Ceramic_Tile_N.uexp" 2483
"C:/Users/inesc/Documents/GitHub/LevelDesing/MyProject 5.4/Content/StarterContent/Materials/M_Ceramic_Tile_Checker.uasset" 2484
"C:/Users/inesc/Documents/GitHub/LevelDesing/MyProject 5.4/Content/StarterContent/Materials/M_Ceramic_Tile_Checker.uexp" 2485
"C:/Users/inesc/Documents/GitHub/LevelDesing/MyProject 5.4/Content/StarterContent/Textures/T_Rock_Sandstone_N.ubulk" 2486
"C:/Users/inesc/Documents/GitHub/LevelDesing/MyProject 5.4/Content/StarterContent/Textures/T_Rock_Sandstone_N.uasset" 2487
"C:/Users/inesc/Documents/GitHub/LevelDesing/MyProject 5.4/Content/StarterContent/Textures/T_Rock_Sandstone_N.uexp" 2488
"C:/Users/inesc/Documents/GitHub/LevelDesing/MyProject 5.4/Content/StarterContent/Textures/T_Rock_Sandstone_D.ubulk" 2489
"C:/Users/inesc/Documents/GitHub/LevelDesing/MyProject 5.4/Content/StarterContent/Textures/T_Rock_Sandstone_D.uasset" 2490
"C:/Users/inesc/Documents/GitHub/LevelDesing/MyProject 5.4/Content/StarterContent/Textures/T_Rock_Sandstone_D.uexp" 2491
"C:/Users/inesc/Documents/GitHub/LevelDesing/MyProject 5.4/Content/StarterContent/Materials/M_Rock_Sandstone.uasset" 2492
"C:/Users/inesc/Documents/GitHub/LevelDesing/MyProject 5.4/Content/StarterContent/Materials/M_Rock_Sandstone.uexp" 2493
"C:/Users/inesc/Documents/GitHub/LevelDesing/MyProject 5.4/Content/StarterContent/Textures/T_Wood_Walnut_N.ubulk" 2494
"C:/Users/inesc/Documents/GitHub/LevelDesing/MyProject 5.4/Content/StarterContent/Textures/T_Wood_Walnut_N.uasset" 2495
"C:/Users/inesc/Documents/GitHub/LevelDesing/MyProject 5.4/Content/StarterContent/Textures/T_Wood_Walnut_N.uexp" 2496
"C:/Users/inesc/Documents/GitHub/LevelDesing/MyProject 5.4/Content/StarterContent/Textures/T_Wood_Walnut_D.ubulk" 2497
"C:/Users/inesc/Documents/GitHub/LevelDesing/MyProject 5.4/Content/StarterContent/Textures/T_Wood_Walnut_D.uasset" 2498
"C:/Users/inesc/Documents/GitHub/LevelDesing/MyProject 5.4/Content/StarterContent/Textures/T_Wood_Walnut_D.uexp" 2499
"C:/Users/inesc/Documents/GitHub/LevelDesing/MyProject 5.4/Content/StarterContent/Materials/M_Wood_Walnut.uasset" 2500
"C:/Users/inesc/Documents/GitHub/LevelDesing/MyProject 5.4/Content/StarterContent/Materials/M_Wood_Walnut.uexp" 2501
"C:/Users/inesc/Documents/GitHub/LevelDesing/MyProject 5.4/Content/StarterContent/Audio/Collapse_Cue.uasset" 2502
"C:/Users/inesc/Documents/GitHub/LevelDesing/MyProject 5.4/Content/StarterContent/Audio/Collapse_Cue.uexp" 2503
"C:/Users/inesc/Documents/GitHub/LevelDesing/MyProject 5.4/Content/StarterContent/Textures/T_Brick_Cut_Stone_N.ubulk" 2504
"C:/Users/inesc/Documents/GitHub/LevelDesing/MyProject 5.4/Content/StarterContent/Textures/T_Brick_Cut_Stone_N.uasset" 2505
"C:/Users/inesc/Documents/GitHub/LevelDesing/MyProject 5.4/Content/StarterContent/Textures/T_Brick_Cut_Stone_N.uexp" 2506
"C:/Users/inesc/Documents/GitHub/LevelDesing/MyProject 5.4/Content/StarterContent/Textures/T_Brick_Cut_Stone_D.ubulk" 2507
"C:/Users/inesc/Documents/GitHub/LevelDesing/MyProject 5.4/Content/StarterContent/Textures/T_Brick_Cut_Stone_D.uasset" 2508
"C:/Users/inesc/Documents/GitHub/LevelDesing/MyProject 5.4/Content/StarterContent/Textures/T_Brick_Cut_Stone_D.uexp" 2509
"C:/Users/inesc/Documents/GitHub/LevelDesing/MyProject 5.4/Content/StarterContent/Materials/M_Brick_Cut_Stone.uasset" 2510
"C:/Users/inesc/Documents/GitHub/LevelDesing/MyProject 5.4/Content/StarterContent/Materials/M_Brick_Cut_Stone.uexp" 2511
"C:/Users/inesc/Documents/GitHub/LevelDesing/MyProject 5.4/Content/StarterContent/Textures/T_Dust_Particle_D.ubulk" 2512
"C:/Users/inesc/Documents/GitHub/LevelDesing/MyProject 5.4/Content/StarterContent/Textures/T_Dust_Particle_D.uasset" 2513
"C:/Users/inesc/Documents/GitHub/LevelDesing/MyProject 5.4/Content/StarterContent/Textures/T_Dust_Particle_D.uexp" 2514
"C:/Users/inesc/Documents/GitHub/LevelDesing/MyProject 5.4/Content/StarterContent/Particles/Materials/M_Dust_Particle.uasset" 2515
"C:/Users/inesc/Documents/GitHub/LevelDesing/MyProject 5.4/Content/StarterContent/Particles/Materials/M_Dust_Particle.uexp" 2516
"C:/Users/inesc/Documents/GitHub/LevelDesing/MyProject 5.4/Content/StarterContent/Particles/P_Ambient_Dust.uasset" 2517
"C:/Users/inesc/Documents/GitHub/LevelDesing/MyProject 5.4/Content/StarterContent/Particles/P_Ambient_Dust.uexp" 2518
"C:/Users/inesc/Documents/GitHub/LevelDesing/MyProject 5.4/Content/StarterContent/Props/SM_WindowFrame.ubulk" 2519
"C:/Users/inesc/Documents/GitHub/LevelDesing/MyProject 5.4/Content/StarterContent/Props/SM_WindowFrame.uasset" 2520
"C:/Users/inesc/Documents/GitHub/LevelDesing/MyProject 5.4/Content/StarterContent/Props/SM_WindowFrame.uexp" 2521
"C:/Users/inesc/Documents/GitHub/LevelDesing/MyProject 5.4/Content/StarterContent/Textures/T_Metal_Copper_D.ubulk" 2522
"C:/Users/inesc/Documents/GitHub/LevelDesing/MyProject 5.4/Content/StarterContent/Textures/T_Metal_Copper_D.uasset" 2523
"C:/Users/inesc/Documents/GitHub/LevelDesing/MyProject 5.4/Content/StarterContent/Textures/T_Metal_Copper_D.uexp" 2524
"C:/Users/inesc/Documents/GitHub/LevelDesing/MyProject 5.4/Content/StarterContent/Materials/M_Metal_Copper.uasset" 2525
"C:/Users/inesc/Documents/GitHub/LevelDesing/MyProject 5.4/Content/StarterContent/Materials/M_Metal_Copper.uexp" 2526
"C:/Users/inesc/Documents/GitHub/LevelDesing/MyProject 5.4/Content/StarterContent/Textures/T_Water_M.ubulk" 2527
"C:/Users/inesc/Documents/GitHub/LevelDesing/MyProject 5.4/Content/StarterContent/Textures/T_Water_M.uasset" 2528
"C:/Users/inesc/Documents/GitHub/LevelDesing/MyProject 5.4/Content/StarterContent/Textures/T_Water_M.uexp" 2529
"C:/Users/inesc/Documents/GitHub/LevelDesing/MyProject 5.4/Content/StarterContent/Materials/M_Water_Ocean.uasset" 2530
"C:/Users/inesc/Documents/GitHub/LevelDesing/MyProject 5.4/Content/StarterContent/Materials/M_Water_Ocean.uexp" 2531
"C:/Users/inesc/Documents/GitHub/LevelDesing/MyProject 5.4/Content/StarterContent/Textures/T_CobbleStone_Pebble_N.ubulk" 2532
"C:/Users/inesc/Documents/GitHub/LevelDesing/MyProject 5.4/Content/StarterContent/Textures/T_CobbleStone_Pebble_N.uasset" 2533
"C:/Users/inesc/Documents/GitHub/LevelDesing/MyProject 5.4/Content/StarterContent/Textures/T_CobbleStone_Pebble_N.uexp" 2534
"C:/Users/inesc/Documents/GitHub/LevelDesing/MyProject 5.4/Content/StarterContent/Textures/T_CobbleStone_Pebble_M.ubulk" 2535
"C:/Users/inesc/Documents/GitHub/LevelDesing/MyProject 5.4/Content/StarterContent/Textures/T_CobbleStone_Pebble_M.uasset" 2536
"C:/Users/inesc/Documents/GitHub/LevelDesing/MyProject 5.4/Content/StarterContent/Textures/T_CobbleStone_Pebble_M.uexp" 2537
"C:/Users/inesc/Documents/GitHub/LevelDesing/MyProject 5.4/Content/StarterContent/Textures/T_CobbleStone_Pebble_D.ubulk" 2538
"C:/Users/inesc/Documents/GitHub/LevelDesing/MyProject 5.4/Content/StarterContent/Textures/T_CobbleStone_Pebble_D.uasset" 2539
"C:/Users/inesc/Documents/GitHub/LevelDesing/MyProject 5.4/Content/StarterContent/Textures/T_CobbleStone_Pebble_D.uexp" 2540
"C:/Users/inesc/Documents/GitHub/LevelDesing/MyProject 5.4/Content/StarterContent/Materials/M_CobbleStone_Pebble.uasset" 2541
"C:/Users/inesc/Documents/GitHub/LevelDesing/MyProject 5.4/Content/StarterContent/Materials/M_CobbleStone_Pebble.uexp" 2542
"C:/Users/inesc/Documents/GitHub/LevelDesing/MyProject 5.4/Content/StarterContent/Textures/T_Brick_Clay_Old_N.ubulk" 2543
"C:/Users/inesc/Documents/GitHub/LevelDesing/MyProject 5.4/Content/StarterContent/Textures/T_Brick_Clay_Old_N.uasset" 2544
"C:/Users/inesc/Documents/GitHub/LevelDesing/MyProject 5.4/Content/StarterContent/Textures/T_Brick_Clay_Old_N.uexp" 2545
"C:/Users/inesc/Documents/GitHub/LevelDesing/MyProject 5.4/Content/StarterContent/Textures/T_Brick_Clay_Old_D.ubulk" 2546
"C:/Users/inesc/Documents/GitHub/LevelDesing/MyProject 5.4/Content/StarterContent/Textures/T_Brick_Clay_Old_D.uasset" 2547
"C:/Users/inesc/Documents/GitHub/LevelDesing/MyProject 5.4/Content/StarterContent/Textures/T_Brick_Clay_Old_D.uexp" 2548
"C:/Users/inesc/Documents/GitHub/LevelDesing/MyProject 5.4/Content/StarterContent/Materials/M_Brick_Clay_Old.uasset" 2549
"C:/Users/inesc/Documents/GitHub/LevelDesing/MyProject 5.4/Content/StarterContent/Materials/M_Brick_Clay_Old.uexp" 2550
"C:/Users/inesc/Documents/GitHub/LevelDesing/MyProject 5.4/Content/StarterContent/Textures/T_Metal_Steel_D.ubulk" 2551
"C:/Users/inesc/Documents/GitHub/LevelDesing/MyProject 5.4/Content/StarterContent/Textures/T_Metal_Steel_D.uasset" 2552
"C:/Users/inesc/Documents/GitHub/LevelDesing/MyProject 5.4/Content/StarterContent/Textures/T_Metal_Steel_D.uexp" 2553
"C:/Users/inesc/Documents/GitHub/LevelDesing/MyProject 5.4/Content/StarterContent/Textures/T_Metal_Steel_N.ubulk" 2554
"C:/Users/inesc/Documents/GitHub/LevelDesing/MyProject 5.4/Content/StarterContent/Textures/T_Metal_Steel_N.uasset" 2555
"C:/Users/inesc/Documents/GitHub/LevelDesing/MyProject 5.4/Content/StarterContent/Textures/T_Metal_Steel_N.uexp" 2556
"C:/Users/inesc/Documents/GitHub/LevelDesing/MyProject 5.4/Content/StarterContent/Materials/M_Metal_Steel.uasset" 2557
"C:/Users/inesc/Documents/GitHub/LevelDesing/MyProject 5.4/Content/StarterContent/Materials/M_Metal_Steel.uexp" 2558
"C:/Users/inesc/Documents/GitHub/LevelDesing/MyProject 5.4/Content/StarterContent/Materials/M_Wood_Floor_Walnut_Polished.uasset" 2559
"C:/Users/inesc/Documents/GitHub/LevelDesing/MyProject 5.4/Content/StarterContent/Materials/M_Wood_Floor_Walnut_Polished.uexp" 2560
"C:/Users/inesc/Documents/GitHub/LevelDesing/MyProject 5.4/Content/StarterContent/Props/SM_Lamp_Wall.ubulk" 2561
"C:/Users/inesc/Documents/GitHub/LevelDesing/MyProject 5.4/Content/StarterContent/Props/SM_Lamp_Wall.uasset" 2562
"C:/Users/inesc/Documents/GitHub/LevelDesing/MyProject 5.4/Content/StarterContent/Props/SM_Lamp_Wall.uexp" 2563
"C:/Users/inesc/Documents/GitHub/LevelDesing/MyProject 5.4/Content/StarterContent/Blueprints/Blueprint_WallSconce.uasset" 2564
"C:/Users/inesc/Documents/GitHub/LevelDesing/MyProject 5.4/Content/StarterContent/Blueprints/Blueprint_WallSconce.uexp" 2565
"C:/Users/inesc/Documents/GitHub/LevelDesing/MyProject 5.4/Content/StarterContent/Textures/T_Tech_Panel_N.ubulk" 2566
"C:/Users/inesc/Documents/GitHub/LevelDesing/MyProject 5.4/Content/StarterContent/Textures/T_Tech_Panel_N.uasset" 2567
"C:/Users/inesc/Documents/GitHub/LevelDesing/MyProject 5.4/Content/StarterContent/Textures/T_Tech_Panel_N.uexp" 2568
"C:/Users/inesc/Documents/GitHub/LevelDesing/MyProject 5.4/Content/StarterContent/Textures/T_Tech_Panel_M.ubulk" 2569
"C:/Users/inesc/Documents/GitHub/LevelDesing/MyProject 5.4/Content/StarterContent/Textures/T_Tech_Panel_M.uasset" 2570
"C:/Users/inesc/Documents/GitHub/LevelDesing/MyProject 5.4/Content/StarterContent/Textures/T_Tech_Panel_M.uexp" 2571
"C:/Users/inesc/Documents/GitHub/LevelDesing/MyProject 5.4/Content/StarterContent/Materials/M_Tech_Panel.uasset" 2572
"C:/Users/inesc/Documents/GitHub/LevelDesing/MyProject 5.4/Content/StarterContent/Materials/M_Tech_Panel.uexp" 2573
"C:/Users/inesc/Documents/GitHub/LevelDesing/MyProject 5.4/Content/StarterContent/Materials/M_Tech_Hex_Tile_Pulse.uasset" 2574
"C:/Users/inesc/Documents/GitHub/LevelDesing/MyProject 5.4/Content/StarterContent/Materials/M_Tech_Hex_Tile_Pulse.uexp" 2575
"C:/Users/inesc/Documents/GitHub/LevelDesing/MyProject 5.4/Content/StarterContent/Props/SM_PillarFrame.ubulk" 2576
"C:/Users/inesc/Documents/GitHub/LevelDesing/MyProject 5.4/Content/StarterContent/Props/SM_PillarFrame.uasset" 2577
"C:/Users/inesc/Documents/GitHub/LevelDesing/MyProject 5.4/Content/StarterContent/Props/SM_PillarFrame.uexp" 2578
"C:/Users/inesc/Documents/GitHub/LevelDesing/MyProject 5.4/Content/StarterContent/Textures/T_TableRound_N.ubulk" 2579
"C:/Users/inesc/Documents/GitHub/LevelDesing/MyProject 5.4/Content/StarterContent/Textures/T_TableRound_N.uasset" 2580
"C:/Users/inesc/Documents/GitHub/LevelDesing/MyProject 5.4/Content/StarterContent/Textures/T_TableRound_N.uexp" 2581
"C:/Users/inesc/Documents/GitHub/LevelDesing/MyProject 5.4/Content/StarterContent/Textures/T_TableRound_M.ubulk" 2582
"C:/Users/inesc/Documents/GitHub/LevelDesing/MyProject 5.4/Content/StarterContent/Textures/T_TableRound_M.uasset" 2583
"C:/Users/inesc/Documents/GitHub/LevelDesing/MyProject 5.4/Content/StarterContent/Textures/T_TableRound_M.uexp" 2584
"C:/Users/inesc/Documents/GitHub/LevelDesing/MyProject 5.4/Content/StarterContent/Props/Materials/M_TableRound.uasset" 2585
"C:/Users/inesc/Documents/GitHub/LevelDesing/MyProject 5.4/Content/StarterContent/Props/Materials/M_TableRound.uexp" 2586
"C:/Users/inesc/Documents/GitHub/LevelDesing/MyProject 5.4/Content/StarterContent/Props/SM_TableRound.ubulk" 2587
"C:/Users/inesc/Documents/GitHub/LevelDesing/MyProject 5.4/Content/StarterContent/Props/SM_TableRound.uasset" 2588
"C:/Users/inesc/Documents/GitHub/LevelDesing/MyProject 5.4/Content/StarterContent/Props/SM_TableRound.uexp" 2589
"C:/Users/inesc/Documents/GitHub/LevelDesing/MyProject 5.4/Content/StarterContent/Textures/T_Fire_Tiled_D.ubulk" 2590
"C:/Users/inesc/Documents/GitHub/LevelDesing/MyProject 5.4/Content/StarterContent/Textures/T_Fire_Tiled_D.uasset" 2591
"C:/Users/inesc/Documents/GitHub/LevelDesing/MyProject 5.4/Content/StarterContent/Textures/T_Fire_Tiled_D.uexp" 2592
"C:/Users/inesc/Documents/GitHub/LevelDesing/MyProject 5.4/Content/StarterContent/Textures/T_Fire_SubUV.ubulk" 2593
"C:/Users/inesc/Documents/GitHub/LevelDesing/MyProject 5.4/Content/StarterContent/Textures/T_Fire_SubUV.uasset" 2594
"C:/Users/inesc/Documents/GitHub/LevelDesing/MyProject 5.4/Content/StarterContent/Textures/T_Fire_SubUV.uexp" 2595
"C:/Users/inesc/Documents/GitHub/LevelDesing/MyProject 5.4/Content/StarterContent/Particles/Materials/M_Fire_SubUV.uasset" 2596
"C:/Users/inesc/Documents/GitHub/LevelDesing/MyProject 5.4/Content/StarterContent/Particles/Materials/M_Fire_SubUV.uexp" 2597
"C:/Users/inesc/Documents/GitHub/LevelDesing/MyProject 5.4/Content/StarterContent/Particles/Materials/M_Heat_Distortion.uasset" 2598
"C:/Users/inesc/Documents/GitHub/LevelDesing/MyProject 5.4/Content/StarterContent/Particles/Materials/M_Heat_Distortion.uexp" 2599
"C:/Users/inesc/Documents/GitHub/LevelDesing/MyProject 5.4/Content/StarterContent/Particles/P_Fire.uasset" 2600
"C:/Users/inesc/Documents/GitHub/LevelDesing/MyProject 5.4/Content/StarterContent/Particles/P_Fire.uexp" 2601
"C:/Users/inesc/Documents/GitHub/LevelDesing/MyProject 5.4/Content/StarterContent/Audio/Fire01_Cue.uasset" 2602
"C:/Users/inesc/Documents/GitHub/LevelDesing/MyProject 5.4/Content/StarterContent/Audio/Fire01_Cue.uexp" 2603
"C:/Users/inesc/Documents/GitHub/LevelDesing/MyProject 5.4/Content/StarterContent/Blueprints/Blueprint_Effect_Fire.uasset" 2604
"C:/Users/inesc/Documents/GitHub/LevelDesing/MyProject 5.4/Content/StarterContent/Blueprints/Blueprint_Effect_Fire.uexp" 2605
"C:/Users/inesc/Documents/GitHub/LevelDesing/MyProject 5.4/Content/StarterContent/Textures/T_Wood_Oak_N.ubulk" 2606
"C:/Users/inesc/Documents/GitHub/LevelDesing/MyProject 5.4/Content/StarterContent/Textures/T_Wood_Oak_N.uasset" 2607
"C:/Users/inesc/Documents/GitHub/LevelDesing/MyProject 5.4/Content/StarterContent/Textures/T_Wood_Oak_N.uexp" 2608
"C:/Users/inesc/Documents/GitHub/LevelDesing/MyProject 5.4/Content/StarterContent/Textures/T_Wood_Oak_D.ubulk" 2609
"C:/Users/inesc/Documents/GitHub/LevelDesing/MyProject 5.4/Content/StarterContent/Textures/T_Wood_Oak_D.uasset" 2610
"C:/Users/inesc/Documents/GitHub/LevelDesing/MyProject 5.4/Content/StarterContent/Textures/T_Wood_Oak_D.uexp" 2611
"C:/Users/inesc/Documents/GitHub/LevelDesing/MyProject 5.4/Content/StarterContent/Materials/M_Wood_Oak.uasset" 2612
"C:/Users/inesc/Documents/GitHub/LevelDesing/MyProject 5.4/Content/StarterContent/Materials/M_Wood_Oak.uexp" 2613
"C:/Users/inesc/Documents/GitHub/LevelDesing/MyProject 5.4/Content/StarterContent/Architecture/Wall_Window_400x300.ubulk" 2614
"C:/Users/inesc/Documents/GitHub/LevelDesing/MyProject 5.4/Content/StarterContent/Architecture/Wall_Window_400x300.uasset" 2615
"C:/Users/inesc/Documents/GitHub/LevelDesing/MyProject 5.4/Content/StarterContent/Architecture/Wall_Window_400x300.uexp" 2616
"C:/Users/inesc/Documents/GitHub/LevelDesing/MyProject 5.4/Content/StarterContent/Textures/T_Brick_Hewn_Stone_N.ubulk" 2617
"C:/Users/inesc/Documents/GitHub/LevelDesing/MyProject 5.4/Content/StarterContent/Textures/T_Brick_Hewn_Stone_N.uasset" 2618
"C:/Users/inesc/Documents/GitHub/LevelDesing/MyProject 5.4/Content/StarterContent/Textures/T_Brick_Hewn_Stone_N.uexp" 2619
"C:/Users/inesc/Documents/GitHub/LevelDesing/MyProject 5.4/Content/StarterContent/Textures/T_Brick_Hewn_Stone_D.ubulk" 2620
"C:/Users/inesc/Documents/GitHub/LevelDesing/MyProject 5.4/Content/StarterContent/Textures/T_Brick_Hewn_Stone_D.uasset" 2621
"C:/Users/inesc/Documents/GitHub/LevelDesing/MyProject 5.4/Content/StarterContent/Textures/T_Brick_Hewn_Stone_D.uexp" 2622
"C:/Users/inesc/Documents/GitHub/LevelDesing/MyProject 5.4/Content/StarterContent/Textures/T_Brick_Hewn_Stone_M.ubulk" 2623
"C:/Users/inesc/Documents/GitHub/LevelDesing/MyProject 5.4/Content/StarterContent/Textures/T_Brick_Hewn_Stone_M.uasset" 2624
"C:/Users/inesc/Documents/GitHub/LevelDesing/MyProject 5.4/Content/StarterContent/Textures/T_Brick_Hewn_Stone_M.uexp" 2625
"C:/Users/inesc/Documents/GitHub/LevelDesing/MyProject 5.4/Content/StarterContent/Materials/M_Brick_Hewn_Stone.uasset" 2626
"C:/Users/inesc/Documents/GitHub/LevelDesing/MyProject 5.4/Content/StarterContent/Materials/M_Brick_Hewn_Stone.uexp" 2627
"C:/Users/inesc/Documents/GitHub/LevelDesing/MyProject 5.4/Content/StarterContent/Audio/Smoke01_Cue.uasset" 2628
"C:/Users/inesc/Documents/GitHub/LevelDesing/MyProject 5.4/Content/StarterContent/Audio/Smoke01_Cue.uexp" 2629
"C:/Users/inesc/Documents/GitHub/LevelDesing/MyProject 5.4/Content/StarterContent/Particles/P_Smoke.uasset" 2630
"C:/Users/inesc/Documents/GitHub/LevelDesing/MyProject 5.4/Content/StarterContent/Particles/P_Smoke.uexp" 2631
"C:/Users/inesc/Documents/GitHub/LevelDesing/MyProject 5.4/Content/StarterContent/Blueprints/Blueprint_Effect_Smoke.uasset" 2632
"C:/Users/inesc/Documents/GitHub/LevelDesing/MyProject 5.4/Content/StarterContent/Blueprints/Blueprint_Effect_Smoke.uexp" 2633
"C:/Users/inesc/Documents/GitHub/LevelDesing/MyProject 5.4/Content/StarterContent/Textures/T_CobbleStone_Rough_N.ubulk" 2634
"C:/Users/inesc/Documents/GitHub/LevelDesing/MyProject 5.4/Content/StarterContent/Textures/T_CobbleStone_Rough_N.uasset" 2635
"C:/Users/inesc/Documents/GitHub/LevelDesing/MyProject 5.4/Content/StarterContent/Textures/T_CobbleStone_Rough_N.uexp" 2636
"C:/Users/inesc/Documents/GitHub/LevelDesing/MyProject 5.4/Content/StarterContent/Textures/T_CobbleStone_Rough_D.ubulk" 2637
"C:/Users/inesc/Documents/GitHub/LevelDesing/MyProject 5.4/Content/StarterContent/Textures/T_CobbleStone_Rough_D.uasset" 2638
"C:/Users/inesc/Documents/GitHub/LevelDesing/MyProject 5.4/Content/StarterContent/Textures/T_CobbleStone_Rough_D.uexp" 2639
"C:/Users/inesc/Documents/GitHub/LevelDesing/MyProject 5.4/Content/StarterContent/Materials/M_CobbleStone_Rough.uasset" 2640
"C:/Users/inesc/Documents/GitHub/LevelDesing/MyProject 5.4/Content/StarterContent/Materials/M_CobbleStone_Rough.uexp" 2641
"C:/Users/inesc/Documents/GitHub/LevelDesing/MyProject 5.4/Content/StarterContent/Textures/T_Statue_M.ubulk" 2642
"C:/Users/inesc/Documents/GitHub/LevelDesing/MyProject 5.4/Content/StarterContent/Textures/T_Statue_M.uasset" 2643
"C:/Users/inesc/Documents/GitHub/LevelDesing/MyProject 5.4/Content/StarterContent/Textures/T_Statue_M.uexp" 2644
"C:/Users/inesc/Documents/GitHub/LevelDesing/MyProject 5.4/Content/StarterContent/Textures/T_Statue_N.ubulk" 2645
"C:/Users/inesc/Documents/GitHub/LevelDesing/MyProject 5.4/Content/StarterContent/Textures/T_Statue_N.uasset" 2646
"C:/Users/inesc/Documents/GitHub/LevelDesing/MyProject 5.4/Content/StarterContent/Textures/T_Statue_N.uexp" 2647
"C:/Users/inesc/Documents/GitHub/LevelDesing/MyProject 5.4/Content/StarterContent/Props/Materials/M_Statue.uasset" 2648
"C:/Users/inesc/Documents/GitHub/LevelDesing/MyProject 5.4/Content/StarterContent/Props/Materials/M_Statue.uexp" 2649
"C:/Users/inesc/Documents/GitHub/LevelDesing/MyProject 5.4/Content/StarterContent/Props/Materials/M_StatueGlass.uasset" 2650
"C:/Users/inesc/Documents/GitHub/LevelDesing/MyProject 5.4/Content/StarterContent/Props/Materials/M_StatueGlass.uexp" 2651
"C:/Users/inesc/Documents/GitHub/LevelDesing/MyProject 5.4/Content/StarterContent/Props/SM_Statue.ubulk" 2652
"C:/Users/inesc/Documents/GitHub/LevelDesing/MyProject 5.4/Content/StarterContent/Props/SM_Statue.uasset" 2653
"C:/Users/inesc/Documents/GitHub/LevelDesing/MyProject 5.4/Content/StarterContent/Props/SM_Statue.uexp" 2654
"C:/Users/inesc/Documents/GitHub/LevelDesing/MyProject 5.4/Content/StarterContent/Textures/T_ground_Moss_D.ubulk" 2655
"C:/Users/inesc/Documents/GitHub/LevelDesing/MyProject 5.4/Content/StarterContent/Textures/T_ground_Moss_D.uasset" 2656
"C:/Users/inesc/Documents/GitHub/LevelDesing/MyProject 5.4/Content/StarterContent/Textures/T_ground_Moss_D.uexp" 2657
"C:/Users/inesc/Documents/GitHub/LevelDesing/MyProject 5.4/Content/StarterContent/Textures/T_Ground_Moss_N.ubulk" 2658
"C:/Users/inesc/Documents/GitHub/LevelDesing/MyProject 5.4/Content/StarterContent/Textures/T_Ground_Moss_N.uasset" 2659
"C:/Users/inesc/Documents/GitHub/LevelDesing/MyProject 5.4/Content/StarterContent/Textures/T_Ground_Moss_N.uexp" 2660
"C:/Users/inesc/Documents/GitHub/LevelDesing/MyProject 5.4/Content/StarterContent/Materials/M_Ground_Moss.uasset" 2661
"C:/Users/inesc/Documents/GitHub/LevelDesing/MyProject 5.4/Content/StarterContent/Materials/M_Ground_Moss.uexp" 2662
"C:/Users/inesc/Documents/GitHub/LevelDesing/MyProject 5.4/Content/StarterContent/Props/SM_PillarFrame300.ubulk" 2663
"C:/Users/inesc/Documents/GitHub/LevelDesing/MyProject 5.4/Content/StarterContent/Props/SM_PillarFrame300.uasset" 2664
"C:/Users/inesc/Documents/GitHub/LevelDesing/MyProject 5.4/Content/StarterContent/Props/SM_PillarFrame300.uexp" 2665
"C:/Users/inesc/Documents/GitHub/LevelDesing/MyProject 5.4/Content/StarterContent/Materials/M_Metal_Chrome.uasset" 2666
"C:/Users/inesc/Documents/GitHub/LevelDesing/MyProject 5.4/Content/StarterContent/Materials/M_Metal_Chrome.uexp" 2667
"C:/Users/inesc/Documents/GitHub/LevelDesing/MyProject 5.4/Content/StarterContent/Textures/T_Metal_Gold_D.ubulk" 2668
"C:/Users/inesc/Documents/GitHub/LevelDesing/MyProject 5.4/Content/StarterContent/Textures/T_Metal_Gold_D.uasset" 2669
"C:/Users/inesc/Documents/GitHub/LevelDesing/MyProject 5.4/Content/StarterContent/Textures/T_Metal_Gold_D.uexp" 2670
"C:/Users/inesc/Documents/GitHub/LevelDesing/MyProject 5.4/Content/StarterContent/Materials/M_Metal_Gold.uasset" 2671
"C:/Users/inesc/Documents/GitHub/LevelDesing/MyProject 5.4/Content/StarterContent/Materials/M_Metal_Gold.uexp" 2672
"C:/Users/inesc/Documents/GitHub/LevelDesing/MyProject 5.4/Content/StarterContent/Textures/T_Ground_Grass_D.ubulk" 2673
"C:/Users/inesc/Documents/GitHub/LevelDesing/MyProject 5.4/Content/StarterContent/Textures/T_Ground_Grass_D.uasset" 2674
"C:/Users/inesc/Documents/GitHub/LevelDesing/MyProject 5.4/Content/StarterContent/Textures/T_Ground_Grass_D.uexp" 2675
"C:/Users/inesc/Documents/GitHub/LevelDesing/MyProject 5.4/Content/StarterContent/Textures/T_Ground_Grass_N.ubulk" 2676
"C:/Users/inesc/Documents/GitHub/LevelDesing/MyProject 5.4/Content/StarterContent/Textures/T_Ground_Grass_N.uasset" 2677
"C:/Users/inesc/Documents/GitHub/LevelDesing/MyProject 5.4/Content/StarterContent/Textures/T_Ground_Grass_N.uexp" 2678
"C:/Users/inesc/Documents/GitHub/LevelDesing/MyProject 5.4/Content/StarterContent/Materials/M_Ground_Grass.uasset" 2679
"C:/Users/inesc/Documents/GitHub/LevelDesing/MyProject 5.4/Content/StarterContent/Materials/M_Ground_Grass.uexp" 2680
"C:/Users/inesc/Documents/GitHub/LevelDesing/MyProject 5.4/Content/StarterContent/Audio/Starter_Background_Cue.uasset" 2681
"C:/Users/inesc/Documents/GitHub/LevelDesing/MyProject 5.4/Content/StarterContent/Audio/Starter_Background_Cue.uexp" 2682
"C:/Users/inesc/Documents/GitHub/LevelDesing/MyProject 5.4/Content/StarterContent/Props/SM_CornerFrame.ubulk" 2683
"C:/Users/inesc/Documents/GitHub/LevelDesing/MyProject 5.4/Content/StarterContent/Props/SM_CornerFrame.uasset" 2684
"C:/Users/inesc/Documents/GitHub/LevelDesing/MyProject 5.4/Content/StarterContent/Props/SM_CornerFrame.uexp" 2685
"C:/Users/inesc/Documents/GitHub/LevelDesing/MyProject 5.4/Content/StarterContent/Shapes/Shape_Sphere.ubulk" 2686
"C:/Users/inesc/Documents/GitHub/LevelDesing/MyProject 5.4/Content/StarterContent/Shapes/Shape_Sphere.uasset" 2687
"C:/Users/inesc/Documents/GitHub/LevelDesing/MyProject 5.4/Content/StarterContent/Shapes/Shape_Sphere.uexp" 2688
"C:/Users/inesc/Documents/GitHub/LevelDesing/MyProject 5.4/Content/StarterContent/Audio/Starter_Music_Cue.uasset" 2689
"C:/Users/inesc/Documents/GitHub/LevelDesing/MyProject 5.4/Content/StarterContent/Audio/Starter_Music_Cue.uexp" 2690
"C:/Users/inesc/Documents/GitHub/LevelDesing/MyProject 5.4/Content/StarterContent/Shapes/Shape_QuadPyramid.ubulk" 2691
"C:/Users/inesc/Documents/GitHub/LevelDesing/MyProject 5.4/Content/StarterContent/Shapes/Shape_QuadPyramid.uasset" 2692
"C:/Users/inesc/Documents/GitHub/LevelDesing/MyProject 5.4/Content/StarterContent/Shapes/Shape_QuadPyramid.uexp" 2693
"C:/Users/inesc/Documents/GitHub/LevelDesing/MyProject 5.4/Content/StarterContent/Textures/T_Brick_Clay_New_D.ubulk" 2694
"C:/Users/inesc/Documents/GitHub/LevelDesing/MyProject 5.4/Content/StarterContent/Textures/T_Brick_Clay_New_D.uasset" 2695
"C:/Users/inesc/Documents/GitHub/LevelDesing/MyProject 5.4/Content/StarterContent/Textures/T_Brick_Clay_New_D.uexp" 2696
"C:/Users/inesc/Documents/GitHub/LevelDesing/MyProject 5.4/Content/StarterContent/Textures/T_Brick_Clay_New_M.uasset" 2697
"C:/Users/inesc/Documents/GitHub/LevelDesing/MyProject 5.4/Content/StarterContent/Textures/T_Brick_Clay_New_M.uexp" 2698
"C:/Users/inesc/Documents/GitHub/LevelDesing/MyProject 5.4/Content/StarterContent/Textures/T_Brick_Clay_New_N.uasset" 2699
"C:/Users/inesc/Documents/GitHub/LevelDesing/MyProject 5.4/Content/StarterContent/Textures/T_Brick_Clay_New_N.uexp" 2700
"C:/Users/inesc/Documents/GitHub/LevelDesing/MyProject 5.4/Content/StarterContent/Materials/M_Brick_Clay_New.uasset" 2701
"C:/Users/inesc/Documents/GitHub/LevelDesing/MyProject 5.4/Content/StarterContent/Materials/M_Brick_Clay_New.uexp" 2702
"C:/Users/inesc/Documents/GitHub/LevelDesing/MyProject 5.4/Content/StarterContent/Textures/T_Metal_Aluminum_D.ubulk" 2703
"C:/Users/inesc/Documents/GitHub/LevelDesing/MyProject 5.4/Content/StarterContent/Textures/T_Metal_Aluminum_D.uasset" 2704
"C:/Users/inesc/Documents/GitHub/LevelDesing/MyProject 5.4/Content/StarterContent/Textures/T_Metal_Aluminum_D.uexp" 2705
"C:/Users/inesc/Documents/GitHub/LevelDesing/MyProject 5.4/Content/StarterContent/Materials/M_Metal_Burnished_Steel.uasset" 2706
"C:/Users/inesc/Documents/GitHub/LevelDesing/MyProject 5.4/Content/StarterContent/Materials/M_Metal_Burnished_Steel.uexp" 2707
"C:/Users/inesc/Documents/GitHub/LevelDesing/MyProject 5.4/Content/StarterContent/Props/SM_Chair.ubulk" 2708
"C:/Users/inesc/Documents/GitHub/LevelDesing/MyProject 5.4/Content/StarterContent/Props/SM_Chair.uasset" 2709
"C:/Users/inesc/Documents/GitHub/LevelDesing/MyProject 5.4/Content/StarterContent/Props/SM_Chair.uexp" 2710
"C:/Users/inesc/Documents/GitHub/LevelDesing/MyProject 5.4/Content/StarterContent/Textures/T_Concrete_Panels_D.ubulk" 2711
"C:/Users/inesc/Documents/GitHub/LevelDesing/MyProject 5.4/Content/StarterContent/Textures/T_Concrete_Panels_D.uasset" 2712
"C:/Users/inesc/Documents/GitHub/LevelDesing/MyProject 5.4/Content/StarterContent/Textures/T_Concrete_Panels_D.uexp" 2713
"C:/Users/inesc/Documents/GitHub/LevelDesing/MyProject 5.4/Content/StarterContent/Textures/T_Concrete_Panels_N.ubulk" 2714
"C:/Users/inesc/Documents/GitHub/LevelDesing/MyProject 5.4/Content/StarterContent/Textures/T_Concrete_Panels_N.uasset" 2715
"C:/Users/inesc/Documents/GitHub/LevelDesing/MyProject 5.4/Content/StarterContent/Textures/T_Concrete_Panels_N.uexp" 2716
"C:/Users/inesc/Documents/GitHub/LevelDesing/MyProject 5.4/Content/StarterContent/Materials/M_Concrete_Panels.uasset" 2717
"C:/Users/inesc/Documents/GitHub/LevelDesing/MyProject 5.4/Content/StarterContent/Materials/M_Concrete_Panels.uexp" 2718
"C:/Users/inesc/Documents/GitHub/LevelDesing/MyProject 5.4/Content/StarterContent/Maps/StarterMap.uexp" 2719
"C:/Users/inesc/Documents/GitHub/LevelDesing/MyProject 5.4/Content/StarterContent/Maps/StarterMap.umap" 2720
"C:/Users/inesc/Documents/GitHub/LevelDesing/MyProject 5.4/Content/StarterContent/Maps/Minimal_Default.uexp" 2721
"C:/Users/inesc/Documents/GitHub/LevelDesing/MyProject 5.4/Content/StarterContent/Maps/Minimal_Default.umap" 2722
"C:/Users/inesc/Documents/GitHub/LevelDesing/MyProject 5.4/Content/StarterContent/Materials/M_AssetPlatform.uasset" 2723
"C:/Users/inesc/Documents/GitHub/LevelDesing/MyProject 5.4/Content/StarterContent/Materials/M_AssetPlatform.uexp" 2724
"C:/Users/inesc/Documents/GitHub/LevelDesing/MyProject 5.4/Content/StarterContent/Architecture/SM_AssetPlatform.ubulk" 2725
"C:/Users/inesc/Documents/GitHub/LevelDesing/MyProject 5.4/Content/StarterContent/Architecture/SM_AssetPlatform.uasset" 2726
"C:/Users/inesc/Documents/GitHub/LevelDesing/MyProject 5.4/Content/StarterContent/Architecture/SM_AssetPlatform.uexp" 2727
"C:/Users/inesc/Documents/GitHub/LevelDesing/MyProject 5.4/Content/StarterContent/Blueprints/Assets/M_LightStage_Skybox_Master.uasset" 2728
"C:/Users/inesc/Documents/GitHub/LevelDesing/MyProject 5.4/Content/StarterContent/Blueprints/Assets/M_LightStage_Skybox_Master.uexp" 2729
"C:/Users/inesc/Documents/GitHub/LevelDesing/MyProject 5.4/Content/StarterContent/Blueprints/Assets/M_LightStage_Skybox_HDRI.uasset" 2730
"C:/Users/inesc/Documents/GitHub/LevelDesing/MyProject 5.4/Content/StarterContent/Blueprints/Assets/M_LightStage_Skybox_HDRI.uexp" 2731
"C:/Users/inesc/Documents/GitHub/LevelDesing/MyProject 5.4/Content/StarterContent/HDRI/HDRI_Epic_Courtyard_Daylight.uasset" 2732
"C:/Users/inesc/Documents/GitHub/LevelDesing/MyProject 5.4/Content/StarterContent/HDRI/HDRI_Epic_Courtyard_Daylight.uexp" 2733
"C:/Users/inesc/Documents/GitHub/LevelDesing/MyProject 5.4/Content/StarterContent/Blueprints/Assets/SunlightColorLUT.uasset" 2734
"C:/Users/inesc/Documents/GitHub/LevelDesing/MyProject 5.4/Content/StarterContent/Blueprints/Assets/SunlightColorLUT.uexp" 2735
"C:/Users/inesc/Documents/GitHub/LevelDesing/MyProject 5.4/Content/StarterContent/Blueprints/Assets/M_LightStage_Skybox_Black.uasset" 2736
"C:/Users/inesc/Documents/GitHub/LevelDesing/MyProject 5.4/Content/StarterContent/Blueprints/Assets/M_LightStage_Skybox_Black.uexp" 2737
"C:/Users/inesc/Documents/GitHub/LevelDesing/MyProject 5.4/Content/StarterContent/Blueprints/Assets/FogBrightnessLUT.uasset" 2738
"C:/Users/inesc/Documents/GitHub/LevelDesing/MyProject 5.4/Content/StarterContent/Blueprints/Assets/FogBrightnessLUT.uexp" 2739
"C:/Users/inesc/Documents/GitHub/LevelDesing/MyProject 5.4/Content/StarterContent/Blueprints/Assets/SM_Arrows.ubulk" 2740
"C:/Users/inesc/Documents/GitHub/LevelDesing/MyProject 5.4/Content/StarterContent/Blueprints/Assets/SM_Arrows.uasset" 2741
"C:/Users/inesc/Documents/GitHub/LevelDesing/MyProject 5.4/Content/StarterContent/Blueprints/Assets/SM_Arrows.uexp" 2742
"C:/Users/inesc/Documents/GitHub/LevelDesing/MyProject 5.4/Content/StarterContent/Blueprints/Assets/M_LightStage_Arrows.uasset" 2743
"C:/Users/inesc/Documents/GitHub/LevelDesing/MyProject 5.4/Content/StarterContent/Blueprints/Assets/M_LightStage_Arrows.uexp" 2744
"C:/Users/inesc/Documents/GitHub/LevelDesing/MyProject 5.4/Content/StarterContent/Blueprints/Assets/Skybox.ubulk" 2745
"C:/Users/inesc/Documents/GitHub/LevelDesing/MyProject 5.4/Content/StarterContent/Blueprints/Assets/Skybox.uasset" 2746
"C:/Users/inesc/Documents/GitHub/LevelDesing/MyProject 5.4/Content/StarterContent/Blueprints/Assets/Skybox.uexp" 2747
"C:/Users/inesc/Documents/GitHub/LevelDesing/MyProject 5.4/Content/StarterContent/Blueprints/BP_LightStudio.uasset" 2748
"C:/Users/inesc/Documents/GitHub/LevelDesing/MyProject 5.4/Content/StarterContent/Blueprints/BP_LightStudio.uexp" 2749
"../../../Engine/Content/EditorMeshes/ColorCalibrator/M_GreyBall.uasset" 2750
"../../../Engine/Content/EditorMeshes/ColorCalibrator/M_GreyBall.uexp" 2751
"../../../Engine/Content/EditorMeshes/ColorCalibrator/M_ClearCoat.uasset" 2752
"../../../Engine/Content/EditorMeshes/ColorCalibrator/M_ClearCoat.uexp" 2753
"../../../Engine/Content/EditorMeshes/ColorCalibrator/M_ChromeBall.uasset" 2754
"../../../Engine/Content/EditorMeshes/ColorCalibrator/M_ChromeBall.uexp" 2755
"../../../Engine/Content/EditorMeshes/ColorCalibrator/M_ClearCoatBlack.uasset" 2756
"../../../Engine/Content/EditorMeshes/ColorCalibrator/M_ClearCoatBlack.uexp" 2757
"../../../Engine/Content/EditorMeshes/ColorCalibrator/Color_checker.ubulk" 2758
"../../../Engine/Content/EditorMeshes/ColorCalibrator/Color_checker.uasset" 2759
"../../../Engine/Content/EditorMeshes/ColorCalibrator/Color_checker.uexp" 2760
"../../../Engine/Content/EditorMeshes/ColorCalibrator/M_ColorGrid.uasset" 2761
"../../../Engine/Content/EditorMeshes/ColorCalibrator/M_ColorGrid.uexp" 2762
"../../../Engine/Content/EditorMeshes/ColorCalibrator/SM_ColorCalibrator.ubulk" 2763
"../../../Engine/Content/EditorMeshes/ColorCalibrator/SM_ColorCalibrator.uasset" 2764
"../../../Engine/Content/EditorMeshes/ColorCalibrator/SM_ColorCalibrator.uexp" 2765
"C:/Users/inesc/Documents/GitHub/LevelDesing/MyProject 5.4/Content/StarterContent/Maps/Advanced_Lighting.uexp" 2766
"C:/Users/inesc/Documents/GitHub/LevelDesing/MyProject 5.4/Content/StarterContent/Maps/Advanced_Lighting.umap" 2767
"../../../Engine/Content/BasicShapes/Cube.ubulk" 2768
"../../../Engine/Content/BasicShapes/Cube.uasset" 2769
"../../../Engine/Content/BasicShapes/Cube.uexp" 2770
"C:/Users/inesc/Documents/GitHub/LevelDesing/MyProject 5.4/Content/SciFiCrates/Crates/Mesh/SM_CrateSmall_V3.ubulk" 2771
"C:/Users/inesc/Documents/GitHub/LevelDesing/MyProject 5.4/Content/SciFiCrates/Crates/Mesh/SM_CrateSmall_V3.uasset" 2772
"C:/Users/inesc/Documents/GitHub/LevelDesing/MyProject 5.4/Content/SciFiCrates/Crates/Mesh/SM_CrateSmall_V3.uexp" 2773
"C:/Users/inesc/Documents/GitHub/LevelDesing/MyProject 5.4/Content/SciFiCrates/Building/Textures/Building_Set/Walls/S1/T_Base_Wall_S1_OcclusionRoughnessMetallic.ubulk" 2774
"C:/Users/inesc/Documents/GitHub/LevelDesing/MyProject 5.4/Content/SciFiCrates/Building/Textures/Building_Set/Walls/S1/T_Base_Wall_S1_OcclusionRoughnessMetallic.uasset" 2775
"C:/Users/inesc/Documents/GitHub/LevelDesing/MyProject 5.4/Content/SciFiCrates/Building/Textures/Building_Set/Walls/S1/T_Base_Wall_S1_OcclusionRoughnessMetallic.uexp" 2776
"C:/Users/inesc/Documents/GitHub/LevelDesing/MyProject 5.4/Content/SciFiCrates/Building/Textures/Building_Set/Walls/S1/T_Base_Wall_S1_BaseColor.ubulk" 2777
"C:/Users/inesc/Documents/GitHub/LevelDesing/MyProject 5.4/Content/SciFiCrates/Building/Textures/Building_Set/Walls/S1/T_Base_Wall_S1_BaseColor.uasset" 2778
"C:/Users/inesc/Documents/GitHub/LevelDesing/MyProject 5.4/Content/SciFiCrates/Building/Textures/Building_Set/Walls/S1/T_Base_Wall_S1_BaseColor.uexp" 2779
"C:/Users/inesc/Documents/GitHub/LevelDesing/MyProject 5.4/Content/SciFiCrates/Building/Textures/Building_Set/Walls/S1/T_Base_Wall_S1_Normal.ubulk" 2780
"C:/Users/inesc/Documents/GitHub/LevelDesing/MyProject 5.4/Content/SciFiCrates/Building/Textures/Building_Set/Walls/S1/T_Base_Wall_S1_Normal.uasset" 2781
"C:/Users/inesc/Documents/GitHub/LevelDesing/MyProject 5.4/Content/SciFiCrates/Building/Textures/Building_Set/Walls/S1/T_Base_Wall_S1_Normal.uexp" 2782
"C:/Users/inesc/Documents/GitHub/LevelDesing/MyProject 5.4/Content/SciFiCrates/Building/Materials/Building_Set/M_Base_Wall_S1.uasset" 2783
"C:/Users/inesc/Documents/GitHub/LevelDesing/MyProject 5.4/Content/SciFiCrates/Building/Materials/Building_Set/M_Base_Wall_S1.uexp" 2784
"C:/Users/inesc/Documents/GitHub/LevelDesing/MyProject 5.4/Content/SciFiCrates/Building/Mesh/Building_Set/Walls/SM_Base_Wall_S1.ubulk" 2785
"C:/Users/inesc/Documents/GitHub/LevelDesing/MyProject 5.4/Content/SciFiCrates/Building/Mesh/Building_Set/Walls/SM_Base_Wall_S1.uasset" 2786
"C:/Users/inesc/Documents/GitHub/LevelDesing/MyProject 5.4/Content/SciFiCrates/Building/Mesh/Building_Set/Walls/SM_Base_Wall_S1.uexp" 2787
"C:/Users/inesc/Documents/GitHub/LevelDesing/MyProject 5.4/Content/SciFiCrates/Building/Textures/Building_Set/Roof/T_Roof_BaseColor.ubulk" 2788
"C:/Users/inesc/Documents/GitHub/LevelDesing/MyProject 5.4/Content/SciFiCrates/Building/Textures/Building_Set/Roof/T_Roof_BaseColor.uasset" 2789
"C:/Users/inesc/Documents/GitHub/LevelDesing/MyProject 5.4/Content/SciFiCrates/Building/Textures/Building_Set/Roof/T_Roof_BaseColor.uexp" 2790
"C:/Users/inesc/Documents/GitHub/LevelDesing/MyProject 5.4/Content/SciFiCrates/Building/Textures/Building_Set/Roof/T_Roof_Normal.ubulk" 2791
"C:/Users/inesc/Documents/GitHub/LevelDesing/MyProject 5.4/Content/SciFiCrates/Building/Textures/Building_Set/Roof/T_Roof_Normal.uasset" 2792
"C:/Users/inesc/Documents/GitHub/LevelDesing/MyProject 5.4/Content/SciFiCrates/Building/Textures/Building_Set/Roof/T_Roof_Normal.uexp" 2793
"C:/Users/inesc/Documents/GitHub/LevelDesing/MyProject 5.4/Content/SciFiCrates/Building/Textures/Building_Set/Roof/T_Roof_OcclusionRoughnessMetallic.ubulk" 2794
"C:/Users/inesc/Documents/GitHub/LevelDesing/MyProject 5.4/Content/SciFiCrates/Building/Textures/Building_Set/Roof/T_Roof_OcclusionRoughnessMetallic.uasset" 2795
"C:/Users/inesc/Documents/GitHub/LevelDesing/MyProject 5.4/Content/SciFiCrates/Building/Textures/Building_Set/Roof/T_Roof_OcclusionRoughnessMetallic.uexp" 2796
"C:/Users/inesc/Documents/GitHub/LevelDesing/MyProject 5.4/Content/SciFiCrates/Building/Materials/Building_Set/M_Roof.uasset" 2797
"C:/Users/inesc/Documents/GitHub/LevelDesing/MyProject 5.4/Content/SciFiCrates/Building/Materials/Building_Set/M_Roof.uexp" 2798
"C:/Users/inesc/Documents/GitHub/LevelDesing/MyProject 5.4/Content/SciFiCrates/Building/Mesh/Building_Set/Roof/SM_Roof_S1.ubulk" 2799
"C:/Users/inesc/Documents/GitHub/LevelDesing/MyProject 5.4/Content/SciFiCrates/Building/Mesh/Building_Set/Roof/SM_Roof_S1.uasset" 2800
"C:/Users/inesc/Documents/GitHub/LevelDesing/MyProject 5.4/Content/SciFiCrates/Building/Mesh/Building_Set/Roof/SM_Roof_S1.uexp" 2801
"C:/Users/inesc/Documents/GitHub/LevelDesing/MyProject 5.4/Content/SciFiCrates/Building/Mesh/Building_Set/Supports/SM_Support_Top.ubulk" 2802
"C:/Users/inesc/Documents/GitHub/LevelDesing/MyProject 5.4/Content/SciFiCrates/Building/Mesh/Building_Set/Supports/SM_Support_Top.uasset" 2803
"C:/Users/inesc/Documents/GitHub/LevelDesing/MyProject 5.4/Content/SciFiCrates/Building/Mesh/Building_Set/Supports/SM_Support_Top.uexp" 2804
"C:/Users/inesc/Documents/GitHub/LevelDesing/MyProject 5.4/Content/SciFiCrates/Building/Mesh/Building_Set/Roof/SM_Support_Beam.ubulk" 2805
"C:/Users/inesc/Documents/GitHub/LevelDesing/MyProject 5.4/Content/SciFiCrates/Building/Mesh/Building_Set/Roof/SM_Support_Beam.uasset" 2806
"C:/Users/inesc/Documents/GitHub/LevelDesing/MyProject 5.4/Content/SciFiCrates/Building/Mesh/Building_Set/Roof/SM_Support_Beam.uexp" 2807
"C:/Users/inesc/Documents/GitHub/LevelDesing/MyProject 5.4/Content/SciFiCrates/Building/Mesh/Building_Set/Roof/SM_Roof_S2.ubulk" 2808
"C:/Users/inesc/Documents/GitHub/LevelDesing/MyProject 5.4/Content/SciFiCrates/Building/Mesh/Building_Set/Roof/SM_Roof_S2.uasset" 2809
"C:/Users/inesc/Documents/GitHub/LevelDesing/MyProject 5.4/Content/SciFiCrates/Building/Mesh/Building_Set/Roof/SM_Roof_S2.uexp" 2810
"C:/Users/inesc/Documents/GitHub/LevelDesing/MyProject 5.4/Content/SciFiCrates/Building/Mesh/Building_Set/Floor/SM_Floor.ubulk" 2811
"C:/Users/inesc/Documents/GitHub/LevelDesing/MyProject 5.4/Content/SciFiCrates/Building/Mesh/Building_Set/Floor/SM_Floor.uasset" 2812
"C:/Users/inesc/Documents/GitHub/LevelDesing/MyProject 5.4/Content/SciFiCrates/Building/Mesh/Building_Set/Floor/SM_Floor.uexp" 2813
"C:/Users/inesc/Documents/GitHub/LevelDesing/MyProject 5.4/Content/SciFiCrates/Building/Textures/Building_Set/Walls/S1/T_Top_Wall_S1_Emissive.ubulk" 2814
"C:/Users/inesc/Documents/GitHub/LevelDesing/MyProject 5.4/Content/SciFiCrates/Building/Textures/Building_Set/Walls/S1/T_Top_Wall_S1_Emissive.uasset" 2815
"C:/Users/inesc/Documents/GitHub/LevelDesing/MyProject 5.4/Content/SciFiCrates/Building/Textures/Building_Set/Walls/S1/T_Top_Wall_S1_Emissive.uexp" 2816
"C:/Users/inesc/Documents/GitHub/LevelDesing/MyProject 5.4/Content/SciFiCrates/Building/Textures/Building_Set/Walls/S1/T_Top_Wall_S1_Normal.ubulk" 2817
"C:/Users/inesc/Documents/GitHub/LevelDesing/MyProject 5.4/Content/SciFiCrates/Building/Textures/Building_Set/Walls/S1/T_Top_Wall_S1_Normal.uasset" 2818
"C:/Users/inesc/Documents/GitHub/LevelDesing/MyProject 5.4/Content/SciFiCrates/Building/Textures/Building_Set/Walls/S1/T_Top_Wall_S1_Normal.uexp" 2819
"C:/Users/inesc/Documents/GitHub/LevelDesing/MyProject 5.4/Content/SciFiCrates/Building/Textures/Building_Set/Walls/S1/T_Top_Wall_S1_BaseColor.ubulk" 2820
"C:/Users/inesc/Documents/GitHub/LevelDesing/MyProject 5.4/Content/SciFiCrates/Building/Textures/Building_Set/Walls/S1/T_Top_Wall_S1_BaseColor.uasset" 2821
"C:/Users/inesc/Documents/GitHub/LevelDesing/MyProject 5.4/Content/SciFiCrates/Building/Textures/Building_Set/Walls/S1/T_Top_Wall_S1_BaseColor.uexp" 2822
"C:/Users/inesc/Documents/GitHub/LevelDesing/MyProject 5.4/Content/SciFiCrates/Building/Textures/Building_Set/Walls/S1/T_Top_Wall_S1_OcclusionRoughnessMetallic.ubulk" 2823
"C:/Users/inesc/Documents/GitHub/LevelDesing/MyProject 5.4/Content/SciFiCrates/Building/Textures/Building_Set/Walls/S1/T_Top_Wall_S1_OcclusionRoughnessMetallic.uasset" 2824
"C:/Users/inesc/Documents/GitHub/LevelDesing/MyProject 5.4/Content/SciFiCrates/Building/Textures/Building_Set/Walls/S1/T_Top_Wall_S1_OcclusionRoughnessMetallic.uexp" 2825
"C:/Users/inesc/Documents/GitHub/LevelDesing/MyProject 5.4/Content/SciFiCrates/Building/Materials/Building_Set/M_Top_Wall_S1.uasset" 2826
"C:/Users/inesc/Documents/GitHub/LevelDesing/MyProject 5.4/Content/SciFiCrates/Building/Materials/Building_Set/M_Top_Wall_S1.uexp" 2827
"C:/Users/inesc/Documents/GitHub/LevelDesing/MyProject 5.4/Content/SciFiCrates/Building/Mesh/Building_Set/Walls/SM_Top_Wall_S1.ubulk" 2828
"C:/Users/inesc/Documents/GitHub/LevelDesing/MyProject 5.4/Content/SciFiCrates/Building/Mesh/Building_Set/Walls/SM_Top_Wall_S1.uasset" 2829
"C:/Users/inesc/Documents/GitHub/LevelDesing/MyProject 5.4/Content/SciFiCrates/Building/Mesh/Building_Set/Walls/SM_Top_Wall_S1.uexp" 2830
"C:/Users/inesc/Documents/GitHub/LevelDesing/MyProject 5.4/Content/SciFiCrates/Crates/Mesh/SM_CrateBig_V3.ubulk" 2831
"C:/Users/inesc/Documents/GitHub/LevelDesing/MyProject 5.4/Content/SciFiCrates/Crates/Mesh/SM_CrateBig_V3.uasset" 2832
"C:/Users/inesc/Documents/GitHub/LevelDesing/MyProject 5.4/Content/SciFiCrates/Crates/Mesh/SM_CrateBig_V3.uexp" 2833
"C:/Users/inesc/Documents/GitHub/LevelDesing/MyProject 5.4/Content/SciFiCrates/Crates/Mesh/SM_CrateSmall_V2.ubulk" 2834
"C:/Users/inesc/Documents/GitHub/LevelDesing/MyProject 5.4/Content/SciFiCrates/Crates/Mesh/SM_CrateSmall_V2.uasset" 2835
"C:/Users/inesc/Documents/GitHub/LevelDesing/MyProject 5.4/Content/SciFiCrates/Crates/Mesh/SM_CrateSmall_V2.uexp" 2836
"C:/Users/inesc/Documents/GitHub/LevelDesing/MyProject 5.4/Content/SciFiCrates/Building/Mesh/Building_Set/Supports/SM_Support_Base.ubulk" 2837
"C:/Users/inesc/Documents/GitHub/LevelDesing/MyProject 5.4/Content/SciFiCrates/Building/Mesh/Building_Set/Supports/SM_Support_Base.uasset" 2838
"C:/Users/inesc/Documents/GitHub/LevelDesing/MyProject 5.4/Content/SciFiCrates/Building/Mesh/Building_Set/Supports/SM_Support_Base.uexp" 2839
"C:/Users/inesc/Documents/GitHub/LevelDesing/MyProject 5.4/Content/SciFiCrates/Building/Materials/Glass.uasset" 2840
"C:/Users/inesc/Documents/GitHub/LevelDesing/MyProject 5.4/Content/SciFiCrates/Building/Materials/Glass.uexp" 2841
"C:/Users/inesc/Documents/GitHub/LevelDesing/MyProject 5.4/Content/SciFiCrates/Building/Mesh/Building_Set/Floor/SM_Floor_Trim.ubulk" 2842
"C:/Users/inesc/Documents/GitHub/LevelDesing/MyProject 5.4/Content/SciFiCrates/Building/Mesh/Building_Set/Floor/SM_Floor_Trim.uasset" 2843
"C:/Users/inesc/Documents/GitHub/LevelDesing/MyProject 5.4/Content/SciFiCrates/Building/Mesh/Building_Set/Floor/SM_Floor_Trim.uexp" 2844
"C:/Users/inesc/Documents/GitHub/LevelDesing/MyProject 5.4/Content/SciFiCrates/Building/Textures/Building_Set/Walls/Window_Walls/T_Window_WallLong_BaseColor.ubulk" 2845
"C:/Users/inesc/Documents/GitHub/LevelDesing/MyProject 5.4/Content/SciFiCrates/Building/Textures/Building_Set/Walls/Window_Walls/T_Window_WallLong_BaseColor.uasset" 2846
"C:/Users/inesc/Documents/GitHub/LevelDesing/MyProject 5.4/Content/SciFiCrates/Building/Textures/Building_Set/Walls/Window_Walls/T_Window_WallLong_BaseColor.uexp" 2847
"C:/Users/inesc/Documents/GitHub/LevelDesing/MyProject 5.4/Content/SciFiCrates/Building/Textures/Building_Set/Walls/Window_Walls/T_Window_WallLong_Normal.ubulk" 2848
"C:/Users/inesc/Documents/GitHub/LevelDesing/MyProject 5.4/Content/SciFiCrates/Building/Textures/Building_Set/Walls/Window_Walls/T_Window_WallLong_Normal.uasset" 2849
"C:/Users/inesc/Documents/GitHub/LevelDesing/MyProject 5.4/Content/SciFiCrates/Building/Textures/Building_Set/Walls/Window_Walls/T_Window_WallLong_Normal.uexp" 2850
"C:/Users/inesc/Documents/GitHub/LevelDesing/MyProject 5.4/Content/SciFiCrates/Building/Textures/Building_Set/Walls/Window_Walls/T_Window_WallLong_OcclusionRoughnessMetallic.ubulk" 2851
"C:/Users/inesc/Documents/GitHub/LevelDesing/MyProject 5.4/Content/SciFiCrates/Building/Textures/Building_Set/Walls/Window_Walls/T_Window_WallLong_OcclusionRoughnessMetallic.uasset" 2852
"C:/Users/inesc/Documents/GitHub/LevelDesing/MyProject 5.4/Content/SciFiCrates/Building/Textures/Building_Set/Walls/Window_Walls/T_Window_WallLong_OcclusionRoughnessMetallic.uexp" 2853
"C:/Users/inesc/Documents/GitHub/LevelDesing/MyProject 5.4/Content/SciFiCrates/Building/Materials/Building_Set/M_Window_Wall_Long.uasset" 2854
"C:/Users/inesc/Documents/GitHub/LevelDesing/MyProject 5.4/Content/SciFiCrates/Building/Materials/Building_Set/M_Window_Wall_Long.uexp" 2855
"C:/Users/inesc/Documents/GitHub/LevelDesing/MyProject 5.4/Content/SciFiCrates/Building/Mesh/Building_Set/Walls/SM_Window_WallLong.ubulk" 2856
"C:/Users/inesc/Documents/GitHub/LevelDesing/MyProject 5.4/Content/SciFiCrates/Building/Mesh/Building_Set/Walls/SM_Window_WallLong.uasset" 2857
"C:/Users/inesc/Documents/GitHub/LevelDesing/MyProject 5.4/Content/SciFiCrates/Building/Mesh/Building_Set/Walls/SM_Window_WallLong.uexp" 2858
"C:/Users/inesc/Documents/GitHub/LevelDesing/MyProject 5.4/Content/SciFiCrates/Levels/Demo.uexp" 2859
"C:/Users/inesc/Documents/GitHub/LevelDesing/MyProject 5.4/Content/SciFiCrates/Levels/Demo.umap" 2860
"../../../Engine/Content/BasicShapes/Cylinder.ubulk" 2861
"../../../Engine/Content/BasicShapes/Cylinder.uasset" 2862
"../../../Engine/Content/BasicShapes/Cylinder.uexp" 2863
"../../../Engine/Content/BasicShapes/Plane.ubulk" 2864
"../../../Engine/Content/BasicShapes/Plane.uasset" 2865
"../../../Engine/Content/BasicShapes/Plane.uexp" 2866
"../../../Engine/Content/EngineMaterials/DefaultTextMaterialOpaque.uasset" 2867
"../../../Engine/Content/EngineMaterials/DefaultTextMaterialOpaque.uexp" 2868
"C:/Users/inesc/Documents/GitHub/LevelDesing/MyProject 5.4/Content/Realistic_Starter_VFX_Pack_Vol2/Textures/T_Glass.ubulk" 2869
"C:/Users/inesc/Documents/GitHub/LevelDesing/MyProject 5.4/Content/Realistic_Starter_VFX_Pack_Vol2/Textures/T_Glass.uasset" 2870
"C:/Users/inesc/Documents/GitHub/LevelDesing/MyProject 5.4/Content/Realistic_Starter_VFX_Pack_Vol2/Textures/T_Glass.uexp" 2871
"C:/Users/inesc/Documents/GitHub/LevelDesing/MyProject 5.4/Content/Realistic_Starter_VFX_Pack_Vol2/Materials/M_Glass.uasset" 2872
"C:/Users/inesc/Documents/GitHub/LevelDesing/MyProject 5.4/Content/Realistic_Starter_VFX_Pack_Vol2/Materials/M_Glass.uexp" 2873
"C:/Users/inesc/Documents/GitHub/LevelDesing/MyProject 5.4/Content/Realistic_Starter_VFX_Pack_Vol2/Particles/Destruction/P_Destruction_Glass.uasset" 2874
"C:/Users/inesc/Documents/GitHub/LevelDesing/MyProject 5.4/Content/Realistic_Starter_VFX_Pack_Vol2/Particles/Destruction/P_Destruction_Glass.uexp" 2875
"C:/Users/inesc/Documents/GitHub/LevelDesing/MyProject 5.4/Content/Realistic_Starter_VFX_Pack_Vol2/Textures/T_Bubble.ubulk" 2876
"C:/Users/inesc/Documents/GitHub/LevelDesing/MyProject 5.4/Content/Realistic_Starter_VFX_Pack_Vol2/Textures/T_Bubble.uasset" 2877
"C:/Users/inesc/Documents/GitHub/LevelDesing/MyProject 5.4/Content/Realistic_Starter_VFX_Pack_Vol2/Textures/T_Bubble.uexp" 2878
"C:/Users/inesc/Documents/GitHub/LevelDesing/MyProject 5.4/Content/Realistic_Starter_VFX_Pack_Vol2/Materials/M_Bubble.uasset" 2879
"C:/Users/inesc/Documents/GitHub/LevelDesing/MyProject 5.4/Content/Realistic_Starter_VFX_Pack_Vol2/Materials/M_Bubble.uexp" 2880
"C:/Users/inesc/Documents/GitHub/LevelDesing/MyProject 5.4/Content/Realistic_Starter_VFX_Pack_Vol2/Vectorfields/VectorField_D.uasset" 2881
"C:/Users/inesc/Documents/GitHub/LevelDesing/MyProject 5.4/Content/Realistic_Starter_VFX_Pack_Vol2/Vectorfields/VectorField_D.uexp" 2882
"C:/Users/inesc/Documents/GitHub/LevelDesing/MyProject 5.4/Content/Realistic_Starter_VFX_Pack_Vol2/Particles/Water/P_Bubbles_A.uasset" 2883
"C:/Users/inesc/Documents/GitHub/LevelDesing/MyProject 5.4/Content/Realistic_Starter_VFX_Pack_Vol2/Particles/Water/P_Bubbles_A.uexp" 2884
"C:/Users/inesc/Documents/GitHub/LevelDesing/MyProject 5.4/Content/Realistic_Starter_VFX_Pack_Vol2/Textures/T_Splat.ubulk" 2885
"C:/Users/inesc/Documents/GitHub/LevelDesing/MyProject 5.4/Content/Realistic_Starter_VFX_Pack_Vol2/Textures/T_Splat.uasset" 2886
"C:/Users/inesc/Documents/GitHub/LevelDesing/MyProject 5.4/Content/Realistic_Starter_VFX_Pack_Vol2/Textures/T_Splat.uexp" 2887
"C:/Users/inesc/Documents/GitHub/LevelDesing/MyProject 5.4/Content/Realistic_Starter_VFX_Pack_Vol2/Materials/M_Splat_A.uasset" 2888
"C:/Users/inesc/Documents/GitHub/LevelDesing/MyProject 5.4/Content/Realistic_Starter_VFX_Pack_Vol2/Materials/M_Splat_A.uexp" 2889
"C:/Users/inesc/Documents/GitHub/LevelDesing/MyProject 5.4/Content/Realistic_Starter_VFX_Pack_Vol2/Textures/T_Dirt_C.ubulk" 2890
"C:/Users/inesc/Documents/GitHub/LevelDesing/MyProject 5.4/Content/Realistic_Starter_VFX_Pack_Vol2/Textures/T_Dirt_C.uasset" 2891
"C:/Users/inesc/Documents/GitHub/LevelDesing/MyProject 5.4/Content/Realistic_Starter_VFX_Pack_Vol2/Textures/T_Dirt_C.uexp" 2892
"C:/Users/inesc/Documents/GitHub/LevelDesing/MyProject 5.4/Content/Realistic_Starter_VFX_Pack_Vol2/Materials/M_Dirt_A.uasset" 2893
"C:/Users/inesc/Documents/GitHub/LevelDesing/MyProject 5.4/Content/Realistic_Starter_VFX_Pack_Vol2/Materials/M_Dirt_A.uexp" 2894
"../../../Engine/Content/Functions/Engine_MaterialFunctions01/Density/ExponentialDensity.uasset" 2895
"../../../Engine/Content/Functions/Engine_MaterialFunctions01/Density/ExponentialDensity.uexp" 2896
"../../../Engine/Content/Functions/Engine_MaterialFunctions01/Gradient/RadialGradientExponential.uasset" 2897
"../../../Engine/Content/Functions/Engine_MaterialFunctions01/Gradient/RadialGradientExponential.uexp" 2898
"C:/Users/inesc/Documents/GitHub/LevelDesing/MyProject 5.4/Content/Realistic_Starter_VFX_Pack_Vol2/Materials/M_Snow.uasset" 2899
"C:/Users/inesc/Documents/GitHub/LevelDesing/MyProject 5.4/Content/Realistic_Starter_VFX_Pack_Vol2/Materials/M_Snow.uexp" 2900
"C:/Users/inesc/Documents/GitHub/LevelDesing/MyProject 5.4/Content/Realistic_Starter_VFX_Pack_Vol2/Textures/T_Water_C.ubulk" 2901
"C:/Users/inesc/Documents/GitHub/LevelDesing/MyProject 5.4/Content/Realistic_Starter_VFX_Pack_Vol2/Textures/T_Water_C.uasset" 2902
"C:/Users/inesc/Documents/GitHub/LevelDesing/MyProject 5.4/Content/Realistic_Starter_VFX_Pack_Vol2/Textures/T_Water_C.uexp" 2903
"C:/Users/inesc/Documents/GitHub/LevelDesing/MyProject 5.4/Content/Realistic_Starter_VFX_Pack_Vol2/Materials/M_Water_Splat.uasset" 2904
"C:/Users/inesc/Documents/GitHub/LevelDesing/MyProject 5.4/Content/Realistic_Starter_VFX_Pack_Vol2/Materials/M_Water_Splat.uexp" 2905
"C:/Users/inesc/Documents/GitHub/LevelDesing/MyProject 5.4/Content/Realistic_Starter_VFX_Pack_Vol2/Textures/T_Water_D.ubulk" 2906
"C:/Users/inesc/Documents/GitHub/LevelDesing/MyProject 5.4/Content/Realistic_Starter_VFX_Pack_Vol2/Textures/T_Water_D.uasset" 2907
"C:/Users/inesc/Documents/GitHub/LevelDesing/MyProject 5.4/Content/Realistic_Starter_VFX_Pack_Vol2/Textures/T_Water_D.uexp" 2908
"C:/Users/inesc/Documents/GitHub/LevelDesing/MyProject 5.4/Content/Realistic_Starter_VFX_Pack_Vol2/Materials/M_Bubble_B.uasset" 2909
"C:/Users/inesc/Documents/GitHub/LevelDesing/MyProject 5.4/Content/Realistic_Starter_VFX_Pack_Vol2/Materials/M_Bubble_B.uexp" 2910
"C:/Users/inesc/Documents/GitHub/LevelDesing/MyProject 5.4/Content/Realistic_Starter_VFX_Pack_Vol2/Textures/T_Droplets_A.ubulk" 2911
"C:/Users/inesc/Documents/GitHub/LevelDesing/MyProject 5.4/Content/Realistic_Starter_VFX_Pack_Vol2/Textures/T_Droplets_A.uasset" 2912
"C:/Users/inesc/Documents/GitHub/LevelDesing/MyProject 5.4/Content/Realistic_Starter_VFX_Pack_Vol2/Textures/T_Droplets_A.uexp" 2913
"C:/Users/inesc/Documents/GitHub/LevelDesing/MyProject 5.4/Content/Realistic_Starter_VFX_Pack_Vol2/Textures/T_Droplets_A_N.ubulk" 2914
"C:/Users/inesc/Documents/GitHub/LevelDesing/MyProject 5.4/Content/Realistic_Starter_VFX_Pack_Vol2/Textures/T_Droplets_A_N.uasset" 2915
"C:/Users/inesc/Documents/GitHub/LevelDesing/MyProject 5.4/Content/Realistic_Starter_VFX_Pack_Vol2/Textures/T_Droplets_A_N.uexp" 2916
"C:/Users/inesc/Documents/GitHub/LevelDesing/MyProject 5.4/Content/Realistic_Starter_VFX_Pack_Vol2/Materials/M_WaterDrop_A.uasset" 2917
"C:/Users/inesc/Documents/GitHub/LevelDesing/MyProject 5.4/Content/Realistic_Starter_VFX_Pack_Vol2/Materials/M_WaterDrop_A.uexp" 2918
"C:/Users/inesc/Documents/GitHub/LevelDesing/MyProject 5.4/Content/Realistic_Starter_VFX_Pack_Vol2/Textures/T_NoiseNormal_B.ubulk" 2919
"C:/Users/inesc/Documents/GitHub/LevelDesing/MyProject 5.4/Content/Realistic_Starter_VFX_Pack_Vol2/Textures/T_NoiseNormal_B.uasset" 2920
"C:/Users/inesc/Documents/GitHub/LevelDesing/MyProject 5.4/Content/Realistic_Starter_VFX_Pack_Vol2/Textures/T_NoiseNormal_B.uexp" 2921
"C:/Users/inesc/Documents/GitHub/LevelDesing/MyProject 5.4/Content/Realistic_Starter_VFX_Pack_Vol2/Materials/M_WaterDrop.uasset" 2922
"C:/Users/inesc/Documents/GitHub/LevelDesing/MyProject 5.4/Content/Realistic_Starter_VFX_Pack_Vol2/Materials/M_WaterDrop.uexp" 2923
"C:/Users/inesc/Documents/GitHub/LevelDesing/MyProject 5.4/Content/Realistic_Starter_VFX_Pack_Vol2/Materials/M_WaterDrop_B.uasset" 2924
"C:/Users/inesc/Documents/GitHub/LevelDesing/MyProject 5.4/Content/Realistic_Starter_VFX_Pack_Vol2/Materials/M_WaterDrop_B.uexp" 2925
"C:/Users/inesc/Documents/GitHub/LevelDesing/MyProject 5.4/Content/Realistic_Starter_VFX_Pack_Vol2/Particles/Water/P_Water_Leak_A.uasset" 2926
"C:/Users/inesc/Documents/GitHub/LevelDesing/MyProject 5.4/Content/Realistic_Starter_VFX_Pack_Vol2/Particles/Water/P_Water_Leak_A.uexp" 2927
"C:/Users/inesc/Documents/GitHub/LevelDesing/MyProject 5.4/Content/Realistic_Starter_VFX_Pack_Vol2/Textures/T_Flare_A.ubulk" 2928
"C:/Users/inesc/Documents/GitHub/LevelDesing/MyProject 5.4/Content/Realistic_Starter_VFX_Pack_Vol2/Textures/T_Flare_A.uasset" 2929
"C:/Users/inesc/Documents/GitHub/LevelDesing/MyProject 5.4/Content/Realistic_Starter_VFX_Pack_Vol2/Textures/T_Flare_A.uexp" 2930
"C:/Users/inesc/Documents/GitHub/LevelDesing/MyProject 5.4/Content/Realistic_Starter_VFX_Pack_Vol2/Materials/M_Spark_A.uasset" 2931
"C:/Users/inesc/Documents/GitHub/LevelDesing/MyProject 5.4/Content/Realistic_Starter_VFX_Pack_Vol2/Materials/M_Spark_A.uexp" 2932
"C:/Users/inesc/Documents/GitHub/LevelDesing/MyProject 5.4/Content/Realistic_Starter_VFX_Pack_Vol2/Textures/T_Flare_D.ubulk" 2933
"C:/Users/inesc/Documents/GitHub/LevelDesing/MyProject 5.4/Content/Realistic_Starter_VFX_Pack_Vol2/Textures/T_Flare_D.uasset" 2934
"C:/Users/inesc/Documents/GitHub/LevelDesing/MyProject 5.4/Content/Realistic_Starter_VFX_Pack_Vol2/Textures/T_Flare_D.uexp" 2935
"C:/Users/inesc/Documents/GitHub/LevelDesing/MyProject 5.4/Content/Realistic_Starter_VFX_Pack_Vol2/Materials/M_Glow_D.uasset" 2936
"C:/Users/inesc/Documents/GitHub/LevelDesing/MyProject 5.4/Content/Realistic_Starter_VFX_Pack_Vol2/Materials/M_Glow_D.uexp" 2937
"C:/Users/inesc/Documents/GitHub/LevelDesing/MyProject 5.4/Content/Realistic_Starter_VFX_Pack_Vol2/Particles/Sparks/P_Sparks_F.uasset" 2938
"C:/Users/inesc/Documents/GitHub/LevelDesing/MyProject 5.4/Content/Realistic_Starter_VFX_Pack_Vol2/Particles/Sparks/P_Sparks_F.uexp" 2939
"C:/Users/inesc/Documents/GitHub/LevelDesing/MyProject 5.4/Content/Realistic_Starter_VFX_Pack_Vol2/Textures/T_Flies.ubulk" 2940
"C:/Users/inesc/Documents/GitHub/LevelDesing/MyProject 5.4/Content/Realistic_Starter_VFX_Pack_Vol2/Textures/T_Flies.uasset" 2941
"C:/Users/inesc/Documents/GitHub/LevelDesing/MyProject 5.4/Content/Realistic_Starter_VFX_Pack_Vol2/Textures/T_Flies.uexp" 2942
"C:/Users/inesc/Documents/GitHub/LevelDesing/MyProject 5.4/Content/Realistic_Starter_VFX_Pack_Vol2/Textures/T_Fireflies_Emms.ubulk" 2943
"C:/Users/inesc/Documents/GitHub/LevelDesing/MyProject 5.4/Content/Realistic_Starter_VFX_Pack_Vol2/Textures/T_Fireflies_Emms.uasset" 2944
"C:/Users/inesc/Documents/GitHub/LevelDesing/MyProject 5.4/Content/Realistic_Starter_VFX_Pack_Vol2/Textures/T_Fireflies_Emms.uexp" 2945
"C:/Users/inesc/Documents/GitHub/LevelDesing/MyProject 5.4/Content/Realistic_Starter_VFX_Pack_Vol2/Materials/M_Flies.uasset" 2946
"C:/Users/inesc/Documents/GitHub/LevelDesing/MyProject 5.4/Content/Realistic_Starter_VFX_Pack_Vol2/Materials/M_Flies.uexp" 2947
"C:/Users/inesc/Documents/GitHub/LevelDesing/MyProject 5.4/Content/Realistic_Starter_VFX_Pack_Vol2/Vectorfields/VectorField_C.uasset" 2948
"C:/Users/inesc/Documents/GitHub/LevelDesing/MyProject 5.4/Content/Realistic_Starter_VFX_Pack_Vol2/Vectorfields/VectorField_C.uexp" 2949
"C:/Users/inesc/Documents/GitHub/LevelDesing/MyProject 5.4/Content/Realistic_Starter_VFX_Pack_Vol2/Particles/Environment/P_Fireflies.uasset" 2950
"C:/Users/inesc/Documents/GitHub/LevelDesing/MyProject 5.4/Content/Realistic_Starter_VFX_Pack_Vol2/Particles/Environment/P_Fireflies.uexp" 2951
"C:/Users/inesc/Documents/GitHub/LevelDesing/MyProject 5.4/Content/Realistic_Starter_VFX_Pack_Vol2/Textures/T_Splash_A.ubulk" 2952
"C:/Users/inesc/Documents/GitHub/LevelDesing/MyProject 5.4/Content/Realistic_Starter_VFX_Pack_Vol2/Textures/T_Splash_A.uasset" 2953
"C:/Users/inesc/Documents/GitHub/LevelDesing/MyProject 5.4/Content/Realistic_Starter_VFX_Pack_Vol2/Textures/T_Splash_A.uexp" 2954
"C:/Users/inesc/Documents/GitHub/LevelDesing/MyProject 5.4/Content/Realistic_Starter_VFX_Pack_Vol2/Materials/M_Blood_C.uasset" 2955
"C:/Users/inesc/Documents/GitHub/LevelDesing/MyProject 5.4/Content/Realistic_Starter_VFX_Pack_Vol2/Materials/M_Blood_C.uexp" 2956
"C:/Users/inesc/Documents/GitHub/LevelDesing/MyProject 5.4/Content/Realistic_Starter_VFX_Pack_Vol2/Textures/T_Smoke_B.ubulk" 2957
"C:/Users/inesc/Documents/GitHub/LevelDesing/MyProject 5.4/Content/Realistic_Starter_VFX_Pack_Vol2/Textures/T_Smoke_B.uasset" 2958
"C:/Users/inesc/Documents/GitHub/LevelDesing/MyProject 5.4/Content/Realistic_Starter_VFX_Pack_Vol2/Textures/T_Smoke_B.uexp" 2959
"C:/Users/inesc/Documents/GitHub/LevelDesing/MyProject 5.4/Content/Realistic_Starter_VFX_Pack_Vol2/Materials/M_Smoke_A.uasset" 2960
"C:/Users/inesc/Documents/GitHub/LevelDesing/MyProject 5.4/Content/Realistic_Starter_VFX_Pack_Vol2/Materials/M_Smoke_A.uexp" 2961
"C:/Users/inesc/Documents/GitHub/LevelDesing/MyProject 5.4/Content/Realistic_Starter_VFX_Pack_Vol2/Particles/Blood/P_Blood_Splat_Cone.uasset" 2962
"C:/Users/inesc/Documents/GitHub/LevelDesing/MyProject 5.4/Content/Realistic_Starter_VFX_Pack_Vol2/Particles/Blood/P_Blood_Splat_Cone.uexp" 2963
"C:/Users/inesc/Documents/GitHub/LevelDesing/MyProject 5.4/Content/Realistic_Starter_VFX_Pack_Vol2/Textures/T_Butterfly.ubulk" 2964
"C:/Users/inesc/Documents/GitHub/LevelDesing/MyProject 5.4/Content/Realistic_Starter_VFX_Pack_Vol2/Textures/T_Butterfly.uasset" 2965
"C:/Users/inesc/Documents/GitHub/LevelDesing/MyProject 5.4/Content/Realistic_Starter_VFX_Pack_Vol2/Textures/T_Butterfly.uexp" 2966
"C:/Users/inesc/Documents/GitHub/LevelDesing/MyProject 5.4/Content/Realistic_Starter_VFX_Pack_Vol2/Materials/M_Butterfly.uasset" 2967
"C:/Users/inesc/Documents/GitHub/LevelDesing/MyProject 5.4/Content/Realistic_Starter_VFX_Pack_Vol2/Materials/M_Butterfly.uexp" 2968
"C:/Users/inesc/Documents/GitHub/LevelDesing/MyProject 5.4/Content/Realistic_Starter_VFX_Pack_Vol2/Particles/Environment/P_Butterfly.uasset" 2969
"C:/Users/inesc/Documents/GitHub/LevelDesing/MyProject 5.4/Content/Realistic_Starter_VFX_Pack_Vol2/Particles/Environment/P_Butterfly.uexp" 2970
"C:/Users/inesc/Documents/GitHub/LevelDesing/MyProject 5.4/Content/Realistic_Starter_VFX_Pack_Vol2/Materials/M_Basic_Shape.uasset" 2971
"C:/Users/inesc/Documents/GitHub/LevelDesing/MyProject 5.4/Content/Realistic_Starter_VFX_Pack_Vol2/Materials/M_Basic_Shape.uexp" 2972
"C:/Users/inesc/Documents/GitHub/LevelDesing/MyProject 5.4/Content/Realistic_Starter_VFX_Pack_Vol2/Textures/T_Rocks.ubulk" 2973
"C:/Users/inesc/Documents/GitHub/LevelDesing/MyProject 5.4/Content/Realistic_Starter_VFX_Pack_Vol2/Textures/T_Rocks.uasset" 2974
"C:/Users/inesc/Documents/GitHub/LevelDesing/MyProject 5.4/Content/Realistic_Starter_VFX_Pack_Vol2/Textures/T_Rocks.uexp" 2975
"C:/Users/inesc/Documents/GitHub/LevelDesing/MyProject 5.4/Content/Realistic_Starter_VFX_Pack_Vol2/Textures/T_Rocks_NM.uasset" 2976
"C:/Users/inesc/Documents/GitHub/LevelDesing/MyProject 5.4/Content/Realistic_Starter_VFX_Pack_Vol2/Textures/T_Rocks_NM.uexp" 2977
"C:/Users/inesc/Documents/GitHub/LevelDesing/MyProject 5.4/Content/Realistic_Starter_VFX_Pack_Vol2/Materials/M_Rock_B.uasset" 2978
"C:/Users/inesc/Documents/GitHub/LevelDesing/MyProject 5.4/Content/Realistic_Starter_VFX_Pack_Vol2/Materials/M_Rock_B.uexp" 2979
"C:/Users/inesc/Documents/GitHub/LevelDesing/MyProject 5.4/Content/Realistic_Starter_VFX_Pack_Vol2/Textures/T_Spark_B.uasset" 2980
"C:/Users/inesc/Documents/GitHub/LevelDesing/MyProject 5.4/Content/Realistic_Starter_VFX_Pack_Vol2/Textures/T_Spark_B.uexp" 2981
"C:/Users/inesc/Documents/GitHub/LevelDesing/MyProject 5.4/Content/Realistic_Starter_VFX_Pack_Vol2/Materials/M_Glow_C.uasset" 2982
"C:/Users/inesc/Documents/GitHub/LevelDesing/MyProject 5.4/Content/Realistic_Starter_VFX_Pack_Vol2/Materials/M_Glow_C.uexp" 2983
"C:/Users/inesc/Documents/GitHub/LevelDesing/MyProject 5.4/Content/Realistic_Starter_VFX_Pack_Vol2/Materials/M_Glow_C_Inst.uasset" 2984
"C:/Users/inesc/Documents/GitHub/LevelDesing/MyProject 5.4/Content/Realistic_Starter_VFX_Pack_Vol2/Materials/M_Glow_C_Inst.uexp" 2985
"C:/Users/inesc/Documents/GitHub/LevelDesing/MyProject 5.4/Content/Realistic_Starter_VFX_Pack_Vol2/Vectorfields/VectorField_A.uasset" 2986
"C:/Users/inesc/Documents/GitHub/LevelDesing/MyProject 5.4/Content/Realistic_Starter_VFX_Pack_Vol2/Vectorfields/VectorField_A.uexp" 2987
"../../../Engine/Content/Functions/Engine_MaterialFunctions01/Gradient/SphereGradient-2D.uasset" 2988
"../../../Engine/Content/Functions/Engine_MaterialFunctions01/Gradient/SphereGradient-2D.uexp" 2989
"C:/Users/inesc/Documents/GitHub/LevelDesing/MyProject 5.4/Content/Realistic_Starter_VFX_Pack_Vol2/Materials/M_Distortion.uasset" 2990
"C:/Users/inesc/Documents/GitHub/LevelDesing/MyProject 5.4/Content/Realistic_Starter_VFX_Pack_Vol2/Materials/M_Distortion.uexp" 2991
"C:/Users/inesc/Documents/GitHub/LevelDesing/MyProject 5.4/Content/Realistic_Starter_VFX_Pack_Vol2/Textures/T_Explosion_Air.ubulk" 2992
"C:/Users/inesc/Documents/GitHub/LevelDesing/MyProject 5.4/Content/Realistic_Starter_VFX_Pack_Vol2/Textures/T_Explosion_Air.uasset" 2993
"C:/Users/inesc/Documents/GitHub/LevelDesing/MyProject 5.4/Content/Realistic_Starter_VFX_Pack_Vol2/Textures/T_Explosion_Air.uexp" 2994
"C:/Users/inesc/Documents/GitHub/LevelDesing/MyProject 5.4/Content/Realistic_Starter_VFX_Pack_Vol2/Materials/M_Explosion_i.uasset" 2995
"C:/Users/inesc/Documents/GitHub/LevelDesing/MyProject 5.4/Content/Realistic_Starter_VFX_Pack_Vol2/Materials/M_Explosion_i.uexp" 2996
"C:/Users/inesc/Documents/GitHub/LevelDesing/MyProject 5.4/Content/Realistic_Starter_VFX_Pack_Vol2/Textures/T_Impact_Flare.ubulk" 2997
"C:/Users/inesc/Documents/GitHub/LevelDesing/MyProject 5.4/Content/Realistic_Starter_VFX_Pack_Vol2/Textures/T_Impact_Flare.uasset" 2998
"C:/Users/inesc/Documents/GitHub/LevelDesing/MyProject 5.4/Content/Realistic_Starter_VFX_Pack_Vol2/Textures/T_Impact_Flare.uexp" 2999
"C:/Users/inesc/Documents/GitHub/LevelDesing/MyProject 5.4/Content/Realistic_Starter_VFX_Pack_Vol2/Materials/M_Impact_B.uasset" 3000
"C:/Users/inesc/Documents/GitHub/LevelDesing/MyProject 5.4/Content/Realistic_Starter_VFX_Pack_Vol2/Materials/M_Impact_B.uexp" 3001
"C:/Users/inesc/Documents/GitHub/LevelDesing/MyProject 5.4/Content/Realistic_Starter_VFX_Pack_Vol2/Textures/T_Smoke_Ground.ubulk" 3002
"C:/Users/inesc/Documents/GitHub/LevelDesing/MyProject 5.4/Content/Realistic_Starter_VFX_Pack_Vol2/Textures/T_Smoke_Ground.uasset" 3003
"C:/Users/inesc/Documents/GitHub/LevelDesing/MyProject 5.4/Content/Realistic_Starter_VFX_Pack_Vol2/Textures/T_Smoke_Ground.uexp" 3004
"C:/Users/inesc/Documents/GitHub/LevelDesing/MyProject 5.4/Content/Realistic_Starter_VFX_Pack_Vol2/Materials/M_Smoke_Ground.uasset" 3005
"C:/Users/inesc/Documents/GitHub/LevelDesing/MyProject 5.4/Content/Realistic_Starter_VFX_Pack_Vol2/Materials/M_Smoke_Ground.uexp" 3006
"C:/Users/inesc/Documents/GitHub/LevelDesing/MyProject 5.4/Content/Realistic_Starter_VFX_Pack_Vol2/Particles/Explosion/P_Explosion_Side.uasset" 3007
"C:/Users/inesc/Documents/GitHub/LevelDesing/MyProject 5.4/Content/Realistic_Starter_VFX_Pack_Vol2/Particles/Explosion/P_Explosion_Side.uexp" 3008
"C:/Users/inesc/Documents/GitHub/LevelDesing/MyProject 5.4/Content/Realistic_Starter_VFX_Pack_Vol2/Textures/T_Fire_F.ubulk" 3009
"C:/Users/inesc/Documents/GitHub/LevelDesing/MyProject 5.4/Content/Realistic_Starter_VFX_Pack_Vol2/Textures/T_Fire_F.uasset" 3010
"C:/Users/inesc/Documents/GitHub/LevelDesing/MyProject 5.4/Content/Realistic_Starter_VFX_Pack_Vol2/Textures/T_Fire_F.uexp" 3011
"C:/Users/inesc/Documents/GitHub/LevelDesing/MyProject 5.4/Content/Realistic_Starter_VFX_Pack_Vol2/Textures/T_Fire_B.ubulk" 3012
"C:/Users/inesc/Documents/GitHub/LevelDesing/MyProject 5.4/Content/Realistic_Starter_VFX_Pack_Vol2/Textures/T_Fire_B.uasset" 3013
"C:/Users/inesc/Documents/GitHub/LevelDesing/MyProject 5.4/Content/Realistic_Starter_VFX_Pack_Vol2/Textures/T_Fire_B.uexp" 3014
"C:/Users/inesc/Documents/GitHub/LevelDesing/MyProject 5.4/Content/Realistic_Starter_VFX_Pack_Vol2/Materials/M_Fire_C.uasset" 3015
"C:/Users/inesc/Documents/GitHub/LevelDesing/MyProject 5.4/Content/Realistic_Starter_VFX_Pack_Vol2/Materials/M_Fire_C.uexp" 3016
"C:/Users/inesc/Documents/GitHub/LevelDesing/MyProject 5.4/Content/Realistic_Starter_VFX_Pack_Vol2/Textures/T_Fire_D.ubulk" 3017
"C:/Users/inesc/Documents/GitHub/LevelDesing/MyProject 5.4/Content/Realistic_Starter_VFX_Pack_Vol2/Textures/T_Fire_D.uasset" 3018
"C:/Users/inesc/Documents/GitHub/LevelDesing/MyProject 5.4/Content/Realistic_Starter_VFX_Pack_Vol2/Textures/T_Fire_D.uexp" 3019
"C:/Users/inesc/Documents/GitHub/LevelDesing/MyProject 5.4/Content/Realistic_Starter_VFX_Pack_Vol2/Materials/M_Fire_B.uasset" 3020
"C:/Users/inesc/Documents/GitHub/LevelDesing/MyProject 5.4/Content/Realistic_Starter_VFX_Pack_Vol2/Materials/M_Fire_B.uexp" 3021
"C:/Users/inesc/Documents/GitHub/LevelDesing/MyProject 5.4/Content/Realistic_Starter_VFX_Pack_Vol2/Textures/T_Smoke_A.ubulk" 3022
"C:/Users/inesc/Documents/GitHub/LevelDesing/MyProject 5.4/Content/Realistic_Starter_VFX_Pack_Vol2/Textures/T_Smoke_A.uasset" 3023
"C:/Users/inesc/Documents/GitHub/LevelDesing/MyProject 5.4/Content/Realistic_Starter_VFX_Pack_Vol2/Textures/T_Smoke_A.uexp" 3024
"C:/Users/inesc/Documents/GitHub/LevelDesing/MyProject 5.4/Content/Realistic_Starter_VFX_Pack_Vol2/Materials/M_Smoke_C.uasset" 3025
"C:/Users/inesc/Documents/GitHub/LevelDesing/MyProject 5.4/Content/Realistic_Starter_VFX_Pack_Vol2/Materials/M_Smoke_C.uexp" 3026
"C:/Users/inesc/Documents/GitHub/LevelDesing/MyProject 5.4/Content/Realistic_Starter_VFX_Pack_Vol2/Particles/Fire/P_Fire_Small.uasset" 3027
"C:/Users/inesc/Documents/GitHub/LevelDesing/MyProject 5.4/Content/Realistic_Starter_VFX_Pack_Vol2/Particles/Fire/P_Fire_Small.uexp" 3028
"C:/Users/inesc/Documents/GitHub/LevelDesing/MyProject 5.4/Content/Realistic_Starter_VFX_Pack_Vol2/Textures/T_Leaves.ubulk" 3029
"C:/Users/inesc/Documents/GitHub/LevelDesing/MyProject 5.4/Content/Realistic_Starter_VFX_Pack_Vol2/Textures/T_Leaves.uasset" 3030
"C:/Users/inesc/Documents/GitHub/LevelDesing/MyProject 5.4/Content/Realistic_Starter_VFX_Pack_Vol2/Textures/T_Leaves.uexp" 3031
"C:/Users/inesc/Documents/GitHub/LevelDesing/MyProject 5.4/Content/Realistic_Starter_VFX_Pack_Vol2/Materials/M_Leaves_A.uasset" 3032
"C:/Users/inesc/Documents/GitHub/LevelDesing/MyProject 5.4/Content/Realistic_Starter_VFX_Pack_Vol2/Materials/M_Leaves_A.uexp" 3033
"C:/Users/inesc/Documents/GitHub/LevelDesing/MyProject 5.4/Content/Realistic_Starter_VFX_Pack_Vol2/Particles/Hit/P_Vegetation.uasset" 3034
"C:/Users/inesc/Documents/GitHub/LevelDesing/MyProject 5.4/Content/Realistic_Starter_VFX_Pack_Vol2/Particles/Hit/P_Vegetation.uexp" 3035
"C:/Users/inesc/Documents/GitHub/LevelDesing/MyProject 5.4/Content/Realistic_Starter_VFX_Pack_Vol2/Particles/Destruction/P_Destruction_Wood.uasset" 3036
"C:/Users/inesc/Documents/GitHub/LevelDesing/MyProject 5.4/Content/Realistic_Starter_VFX_Pack_Vol2/Particles/Destruction/P_Destruction_Wood.uexp" 3037
"C:/Users/inesc/Documents/GitHub/LevelDesing/MyProject 5.4/Content/Realistic_Starter_VFX_Pack_Vol2/Textures/T_Fish_NM.ubulk" 3038
"C:/Users/inesc/Documents/GitHub/LevelDesing/MyProject 5.4/Content/Realistic_Starter_VFX_Pack_Vol2/Textures/T_Fish_NM.uasset" 3039
"C:/Users/inesc/Documents/GitHub/LevelDesing/MyProject 5.4/Content/Realistic_Starter_VFX_Pack_Vol2/Textures/T_Fish_NM.uexp" 3040
"../../../Engine/Content/Functions/Engine_MaterialFunctions02/WorldPositionOffset/RotateAboutWorldAxis_cheap.uasset" 3041
"../../../Engine/Content/Functions/Engine_MaterialFunctions02/WorldPositionOffset/RotateAboutWorldAxis_cheap.uexp" 3042
"C:/Users/inesc/Documents/GitHub/LevelDesing/MyProject 5.4/Content/Realistic_Starter_VFX_Pack_Vol2/Textures/T_Fish.ubulk" 3043
"C:/Users/inesc/Documents/GitHub/LevelDesing/MyProject 5.4/Content/Realistic_Starter_VFX_Pack_Vol2/Textures/T_Fish.uasset" 3044
"C:/Users/inesc/Documents/GitHub/LevelDesing/MyProject 5.4/Content/Realistic_Starter_VFX_Pack_Vol2/Textures/T_Fish.uexp" 3045
"C:/Users/inesc/Documents/GitHub/LevelDesing/MyProject 5.4/Content/Realistic_Starter_VFX_Pack_Vol2/Materials/M_Fish_A.uasset" 3046
"C:/Users/inesc/Documents/GitHub/LevelDesing/MyProject 5.4/Content/Realistic_Starter_VFX_Pack_Vol2/Materials/M_Fish_A.uexp" 3047
"C:/Users/inesc/Documents/GitHub/LevelDesing/MyProject 5.4/Content/Realistic_Starter_VFX_Pack_Vol2/Particles/Environment/P_Fish_A.uasset" 3048
"C:/Users/inesc/Documents/GitHub/LevelDesing/MyProject 5.4/Content/Realistic_Starter_VFX_Pack_Vol2/Particles/Environment/P_Fish_A.uexp" 3049
"C:/Users/inesc/Documents/GitHub/LevelDesing/MyProject 5.4/Content/Realistic_Starter_VFX_Pack_Vol2/Materials/M_Glow_B.uasset" 3050
"C:/Users/inesc/Documents/GitHub/LevelDesing/MyProject 5.4/Content/Realistic_Starter_VFX_Pack_Vol2/Materials/M_Glow_B.uexp" 3051
"C:/Users/inesc/Documents/GitHub/LevelDesing/MyProject 5.4/Content/Realistic_Starter_VFX_Pack_Vol2/Particles/Explosion/P_Explosion_Smoke.uasset" 3052
"C:/Users/inesc/Documents/GitHub/LevelDesing/MyProject 5.4/Content/Realistic_Starter_VFX_Pack_Vol2/Particles/Explosion/P_Explosion_Smoke.uexp" 3053
"C:/Users/inesc/Documents/GitHub/LevelDesing/MyProject 5.4/Content/Realistic_Starter_VFX_Pack_Vol2/Materials/M_Derbis.uasset" 3054
"C:/Users/inesc/Documents/GitHub/LevelDesing/MyProject 5.4/Content/Realistic_Starter_VFX_Pack_Vol2/Materials/M_Derbis.uexp" 3055
"C:/Users/inesc/Documents/GitHub/LevelDesing/MyProject 5.4/Content/Realistic_Starter_VFX_Pack_Vol2/Mesh/SM_Derbis_B.ubulk" 3056
"C:/Users/inesc/Documents/GitHub/LevelDesing/MyProject 5.4/Content/Realistic_Starter_VFX_Pack_Vol2/Mesh/SM_Derbis_B.uasset" 3057
"C:/Users/inesc/Documents/GitHub/LevelDesing/MyProject 5.4/Content/Realistic_Starter_VFX_Pack_Vol2/Mesh/SM_Derbis_B.uexp" 3058
"C:/Users/inesc/Documents/GitHub/LevelDesing/MyProject 5.4/Content/Realistic_Starter_VFX_Pack_Vol2/Particles/Destruction/P_Destruction_Concrete.uasset" 3059
"C:/Users/inesc/Documents/GitHub/LevelDesing/MyProject 5.4/Content/Realistic_Starter_VFX_Pack_Vol2/Particles/Destruction/P_Destruction_Concrete.uexp" 3060
"C:/Users/inesc/Documents/GitHub/LevelDesing/MyProject 5.4/Content/Realistic_Starter_VFX_Pack_Vol2/Particles/Environment/P_Fish_B.uasset" 3061
"C:/Users/inesc/Documents/GitHub/LevelDesing/MyProject 5.4/Content/Realistic_Starter_VFX_Pack_Vol2/Particles/Environment/P_Fish_B.uexp" 3062
"C:/Users/inesc/Documents/GitHub/LevelDesing/MyProject 5.4/Content/Realistic_Starter_VFX_Pack_Vol2/Textures/T_Water_A.ubulk" 3063
"C:/Users/inesc/Documents/GitHub/LevelDesing/MyProject 5.4/Content/Realistic_Starter_VFX_Pack_Vol2/Textures/T_Water_A.uasset" 3064
"C:/Users/inesc/Documents/GitHub/LevelDesing/MyProject 5.4/Content/Realistic_Starter_VFX_Pack_Vol2/Textures/T_Water_A.uexp" 3065
"C:/Users/inesc/Documents/GitHub/LevelDesing/MyProject 5.4/Content/Realistic_Starter_VFX_Pack_Vol2/Materials/M_Slash.uasset" 3066
"C:/Users/inesc/Documents/GitHub/LevelDesing/MyProject 5.4/Content/Realistic_Starter_VFX_Pack_Vol2/Materials/M_Slash.uexp" 3067
"C:/Users/inesc/Documents/GitHub/LevelDesing/MyProject 5.4/Content/Realistic_Starter_VFX_Pack_Vol2/Particles/Water/P_Water_Leak_B.uasset" 3068
"C:/Users/inesc/Documents/GitHub/LevelDesing/MyProject 5.4/Content/Realistic_Starter_VFX_Pack_Vol2/Particles/Water/P_Water_Leak_B.uexp" 3069
"C:/Users/inesc/Documents/GitHub/LevelDesing/MyProject 5.4/Content/Realistic_Starter_VFX_Pack_Vol2/Particles/Environment/P_Leaves_Vortex.uasset" 3070
"C:/Users/inesc/Documents/GitHub/LevelDesing/MyProject 5.4/Content/Realistic_Starter_VFX_Pack_Vol2/Particles/Environment/P_Leaves_Vortex.uexp" 3071
"C:/Users/inesc/Documents/GitHub/LevelDesing/MyProject 5.4/Content/Realistic_Starter_VFX_Pack_Vol2/Vectorfields/VectorField_B.uasset" 3072
"C:/Users/inesc/Documents/GitHub/LevelDesing/MyProject 5.4/Content/Realistic_Starter_VFX_Pack_Vol2/Vectorfields/VectorField_B.uexp" 3073
"C:/Users/inesc/Documents/GitHub/LevelDesing/MyProject 5.4/Content/Realistic_Starter_VFX_Pack_Vol2/Particles/Sparks/P_Sparks_B.uasset" 3074
"C:/Users/inesc/Documents/GitHub/LevelDesing/MyProject 5.4/Content/Realistic_Starter_VFX_Pack_Vol2/Particles/Sparks/P_Sparks_B.uexp" 3075
"C:/Users/inesc/Documents/GitHub/LevelDesing/MyProject 5.4/Content/Realistic_Starter_VFX_Pack_Vol2/Particles/Hit/P_Concrete.uasset" 3076
"C:/Users/inesc/Documents/GitHub/LevelDesing/MyProject 5.4/Content/Realistic_Starter_VFX_Pack_Vol2/Particles/Hit/P_Concrete.uexp" 3077
"C:/Users/inesc/Documents/GitHub/LevelDesing/MyProject 5.4/Content/Realistic_Starter_VFX_Pack_Vol2/Materials/M_Glow_A.uasset" 3078
"C:/Users/inesc/Documents/GitHub/LevelDesing/MyProject 5.4/Content/Realistic_Starter_VFX_Pack_Vol2/Materials/M_Glow_A.uexp" 3079
"C:/Users/inesc/Documents/GitHub/LevelDesing/MyProject 5.4/Content/Realistic_Starter_VFX_Pack_Vol2/Particles/Destruction/P_Destruction_Building_A.uasset" 3080
"C:/Users/inesc/Documents/GitHub/LevelDesing/MyProject 5.4/Content/Realistic_Starter_VFX_Pack_Vol2/Particles/Destruction/P_Destruction_Building_A.uexp" 3081
"C:/Users/inesc/Documents/GitHub/LevelDesing/MyProject 5.4/Content/Realistic_Starter_VFX_Pack_Vol2/Textures/T_Lightning_A.ubulk" 3082
"C:/Users/inesc/Documents/GitHub/LevelDesing/MyProject 5.4/Content/Realistic_Starter_VFX_Pack_Vol2/Textures/T_Lightning_A.uasset" 3083
"C:/Users/inesc/Documents/GitHub/LevelDesing/MyProject 5.4/Content/Realistic_Starter_VFX_Pack_Vol2/Textures/T_Lightning_A.uexp" 3084
"C:/Users/inesc/Documents/GitHub/LevelDesing/MyProject 5.4/Content/Realistic_Starter_VFX_Pack_Vol2/Materials/M_Lightning_small.uasset" 3085
"C:/Users/inesc/Documents/GitHub/LevelDesing/MyProject 5.4/Content/Realistic_Starter_VFX_Pack_Vol2/Materials/M_Lightning_small.uexp" 3086
"C:/Users/inesc/Documents/GitHub/LevelDesing/MyProject 5.4/Content/Realistic_Starter_VFX_Pack_Vol2/Particles/Destruction/P_Destruction_Electric.uasset" 3087
"C:/Users/inesc/Documents/GitHub/LevelDesing/MyProject 5.4/Content/Realistic_Starter_VFX_Pack_Vol2/Particles/Destruction/P_Destruction_Electric.uexp" 3088
"../../../Engine/Content/EngineSky/C_Sky_Horizon_Color.uasset" 3089
"../../../Engine/Content/EngineSky/C_Sky_Horizon_Color.uexp" 3090
"../../../Engine/Content/EngineSky/C_Sky_Cloud_Color.uasset" 3091
"../../../Engine/Content/EngineSky/C_Sky_Cloud_Color.uexp" 3092
"../../../Engine/Content/EngineSky/C_Sky_Zenith_Color.uasset" 3093
"../../../Engine/Content/EngineSky/C_Sky_Zenith_Color.uexp" 3094
"../../../Engine/Content/EngineSky/BP_Sky_Sphere.uasset" 3095
"../../../Engine/Content/EngineSky/BP_Sky_Sphere.uexp" 3096
"C:/Users/inesc/Documents/GitHub/LevelDesing/MyProject 5.4/Content/Realistic_Starter_VFX_Pack_Vol2/Particles/Sparks/P_Sparks_A.uasset" 3097
"C:/Users/inesc/Documents/GitHub/LevelDesing/MyProject 5.4/Content/Realistic_Starter_VFX_Pack_Vol2/Particles/Sparks/P_Sparks_A.uexp" 3098
"C:/Users/inesc/Documents/GitHub/LevelDesing/MyProject 5.4/Content/Realistic_Starter_VFX_Pack_Vol2/Particles/Sparks/P_Sparks_C.uasset" 3099
"C:/Users/inesc/Documents/GitHub/LevelDesing/MyProject 5.4/Content/Realistic_Starter_VFX_Pack_Vol2/Particles/Sparks/P_Sparks_C.uexp" 3100
"C:/Users/inesc/Documents/GitHub/LevelDesing/MyProject 5.4/Content/Realistic_Starter_VFX_Pack_Vol2/DemoRoom/Materials/M_DemoWall.uasset" 3101
"C:/Users/inesc/Documents/GitHub/LevelDesing/MyProject 5.4/Content/Realistic_Starter_VFX_Pack_Vol2/DemoRoom/Materials/M_DemoWall.uexp" 3102
"C:/Users/inesc/Documents/GitHub/LevelDesing/MyProject 5.4/Content/Realistic_Starter_VFX_Pack_Vol2/DemoRoom/Materials/M_DemoWall_Inst.uasset" 3103
"C:/Users/inesc/Documents/GitHub/LevelDesing/MyProject 5.4/Content/Realistic_Starter_VFX_Pack_Vol2/DemoRoom/Materials/M_DemoWall_Inst.uexp" 3104
"C:/Users/inesc/Documents/GitHub/LevelDesing/MyProject 5.4/Content/Realistic_Starter_VFX_Pack_Vol2/DemoRoom/Materials/M_DemoWall_Inst_3.uasset" 3105
"C:/Users/inesc/Documents/GitHub/LevelDesing/MyProject 5.4/Content/Realistic_Starter_VFX_Pack_Vol2/DemoRoom/Materials/M_DemoWall_Inst_3.uexp" 3106
"C:/Users/inesc/Documents/GitHub/LevelDesing/MyProject 5.4/Content/Realistic_Starter_VFX_Pack_Vol2/DemoRoom/Materials/M_DemoWall_Inst_NamePlate.uasset" 3107
"C:/Users/inesc/Documents/GitHub/LevelDesing/MyProject 5.4/Content/Realistic_Starter_VFX_Pack_Vol2/DemoRoom/Materials/M_DemoWall_Inst_NamePlate.uexp" 3108
"C:/Users/inesc/Documents/GitHub/LevelDesing/MyProject 5.4/Content/Realistic_Starter_VFX_Pack_Vol2/DemoRoom/Materials/M_DemoWall_Inst_BaseFloor_Inst.uasset" 3109
"C:/Users/inesc/Documents/GitHub/LevelDesing/MyProject 5.4/Content/Realistic_Starter_VFX_Pack_Vol2/DemoRoom/Materials/M_DemoWall_Inst_BaseFloor_Inst.uexp" 3110
"C:/Users/inesc/Documents/GitHub/LevelDesing/MyProject 5.4/Content/Realistic_Starter_VFX_Pack_Vol2/Particles/Destruction/P_Destruction_Metal.uasset" 3111
"C:/Users/inesc/Documents/GitHub/LevelDesing/MyProject 5.4/Content/Realistic_Starter_VFX_Pack_Vol2/Particles/Destruction/P_Destruction_Metal.uexp" 3112
"C:/Users/inesc/Documents/GitHub/LevelDesing/MyProject 5.4/Content/Realistic_Starter_VFX_Pack_Vol2/Particles/Sparks/P_Embers_A.uasset" 3113
"C:/Users/inesc/Documents/GitHub/LevelDesing/MyProject 5.4/Content/Realistic_Starter_VFX_Pack_Vol2/Particles/Sparks/P_Embers_A.uexp" 3114
"C:/Users/inesc/Documents/GitHub/LevelDesing/MyProject 5.4/Content/Realistic_Starter_VFX_Pack_Vol2/Particles/Sparks/P_Sparks_G.uasset" 3115
"C:/Users/inesc/Documents/GitHub/LevelDesing/MyProject 5.4/Content/Realistic_Starter_VFX_Pack_Vol2/Particles/Sparks/P_Sparks_G.uexp" 3116
"C:/Users/inesc/Documents/GitHub/LevelDesing/MyProject 5.4/Content/Realistic_Starter_VFX_Pack_Vol2/Blueprints/Spawn_Particle.uasset" 3117
"C:/Users/inesc/Documents/GitHub/LevelDesing/MyProject 5.4/Content/Realistic_Starter_VFX_Pack_Vol2/Blueprints/Spawn_Particle.uexp" 3118
"C:/Users/inesc/Documents/GitHub/LevelDesing/MyProject 5.4/Content/Realistic_Starter_VFX_Pack_Vol2/Materials/M_Heat_Distortion.uasset" 3119
"C:/Users/inesc/Documents/GitHub/LevelDesing/MyProject 5.4/Content/Realistic_Starter_VFX_Pack_Vol2/Materials/M_Heat_Distortion.uexp" 3120
"C:/Users/inesc/Documents/GitHub/LevelDesing/MyProject 5.4/Content/Realistic_Starter_VFX_Pack_Vol2/Particles/Fire/P_Fire_Wall.uasset" 3121
"C:/Users/inesc/Documents/GitHub/LevelDesing/MyProject 5.4/Content/Realistic_Starter_VFX_Pack_Vol2/Particles/Fire/P_Fire_Wall.uexp" 3122
"C:/Users/inesc/Documents/GitHub/LevelDesing/MyProject 5.4/Content/Realistic_Starter_VFX_Pack_Vol2/Particles/Water/P_Water_Dripping_B.uasset" 3123
"C:/Users/inesc/Documents/GitHub/LevelDesing/MyProject 5.4/Content/Realistic_Starter_VFX_Pack_Vol2/Particles/Water/P_Water_Dripping_B.uexp" 3124
"C:/Users/inesc/Documents/GitHub/LevelDesing/MyProject 5.4/Content/Realistic_Starter_VFX_Pack_Vol2/Particles/Fire/P_flamethrower.uasset" 3125
"C:/Users/inesc/Documents/GitHub/LevelDesing/MyProject 5.4/Content/Realistic_Starter_VFX_Pack_Vol2/Particles/Fire/P_flamethrower.uexp" 3126
"C:/Users/inesc/Documents/GitHub/LevelDesing/MyProject 5.4/Content/Realistic_Starter_VFX_Pack_Vol2/Textures/T_Impact.ubulk" 3127
"C:/Users/inesc/Documents/GitHub/LevelDesing/MyProject 5.4/Content/Realistic_Starter_VFX_Pack_Vol2/Textures/T_Impact.uasset" 3128
"C:/Users/inesc/Documents/GitHub/LevelDesing/MyProject 5.4/Content/Realistic_Starter_VFX_Pack_Vol2/Textures/T_Impact.uexp" 3129
"C:/Users/inesc/Documents/GitHub/LevelDesing/MyProject 5.4/Content/Realistic_Starter_VFX_Pack_Vol2/Materials/M_Impact_C.uasset" 3130
"C:/Users/inesc/Documents/GitHub/LevelDesing/MyProject 5.4/Content/Realistic_Starter_VFX_Pack_Vol2/Materials/M_Impact_C.uexp" 3131
"C:/Users/inesc/Documents/GitHub/LevelDesing/MyProject 5.4/Content/Realistic_Starter_VFX_Pack_Vol2/Textures/T_Epxlosion_F.ubulk" 3132
"C:/Users/inesc/Documents/GitHub/LevelDesing/MyProject 5.4/Content/Realistic_Starter_VFX_Pack_Vol2/Textures/T_Epxlosion_F.uasset" 3133
"C:/Users/inesc/Documents/GitHub/LevelDesing/MyProject 5.4/Content/Realistic_Starter_VFX_Pack_Vol2/Textures/T_Epxlosion_F.uexp" 3134
"C:/Users/inesc/Documents/GitHub/LevelDesing/MyProject 5.4/Content/Realistic_Starter_VFX_Pack_Vol2/Materials/M_Explosion_D.uasset" 3135
"C:/Users/inesc/Documents/GitHub/LevelDesing/MyProject 5.4/Content/Realistic_Starter_VFX_Pack_Vol2/Materials/M_Explosion_D.uexp" 3136
"C:/Users/inesc/Documents/GitHub/LevelDesing/MyProject 5.4/Content/Realistic_Starter_VFX_Pack_Vol2/Particles/Explosion/P_Explosion_Big_B.uasset" 3137
"C:/Users/inesc/Documents/GitHub/LevelDesing/MyProject 5.4/Content/Realistic_Starter_VFX_Pack_Vol2/Particles/Explosion/P_Explosion_Big_B.uexp" 3138
"C:/Users/inesc/Documents/GitHub/LevelDesing/MyProject 5.4/Content/Realistic_Starter_VFX_Pack_Vol2/Textures/T_Epxlosion_B_packed.ubulk" 3139
"C:/Users/inesc/Documents/GitHub/LevelDesing/MyProject 5.4/Content/Realistic_Starter_VFX_Pack_Vol2/Textures/T_Epxlosion_B_packed.uasset" 3140
"C:/Users/inesc/Documents/GitHub/LevelDesing/MyProject 5.4/Content/Realistic_Starter_VFX_Pack_Vol2/Textures/T_Epxlosion_B_packed.uexp" 3141
"C:/Users/inesc/Documents/GitHub/LevelDesing/MyProject 5.4/Content/Realistic_Starter_VFX_Pack_Vol2/Textures/T_Epxlosion_B_color.ubulk" 3142
"C:/Users/inesc/Documents/GitHub/LevelDesing/MyProject 5.4/Content/Realistic_Starter_VFX_Pack_Vol2/Textures/T_Epxlosion_B_color.uasset" 3143
"C:/Users/inesc/Documents/GitHub/LevelDesing/MyProject 5.4/Content/Realistic_Starter_VFX_Pack_Vol2/Textures/T_Epxlosion_B_color.uexp" 3144
"C:/Users/inesc/Documents/GitHub/LevelDesing/MyProject 5.4/Content/Realistic_Starter_VFX_Pack_Vol2/Materials/M_Explosion_B.uasset" 3145
"C:/Users/inesc/Documents/GitHub/LevelDesing/MyProject 5.4/Content/Realistic_Starter_VFX_Pack_Vol2/Materials/M_Explosion_B.uexp" 3146
"C:/Users/inesc/Documents/GitHub/LevelDesing/MyProject 5.4/Content/Realistic_Starter_VFX_Pack_Vol2/Particles/Smoke/P_Smoke_B.uasset" 3147
"C:/Users/inesc/Documents/GitHub/LevelDesing/MyProject 5.4/Content/Realistic_Starter_VFX_Pack_Vol2/Particles/Smoke/P_Smoke_B.uexp" 3148
"C:/Users/inesc/Documents/GitHub/LevelDesing/MyProject 5.4/Content/Realistic_Starter_VFX_Pack_Vol2/Particles/Water/P_Water_Dripping_A.uasset" 3149
"C:/Users/inesc/Documents/GitHub/LevelDesing/MyProject 5.4/Content/Realistic_Starter_VFX_Pack_Vol2/Particles/Water/P_Water_Dripping_A.uexp" 3150
"C:/Users/inesc/Documents/GitHub/LevelDesing/MyProject 5.4/Content/Realistic_Starter_VFX_Pack_Vol2/Textures/T_Paper.ubulk" 3151
"C:/Users/inesc/Documents/GitHub/LevelDesing/MyProject 5.4/Content/Realistic_Starter_VFX_Pack_Vol2/Textures/T_Paper.uasset" 3152
"C:/Users/inesc/Documents/GitHub/LevelDesing/MyProject 5.4/Content/Realistic_Starter_VFX_Pack_Vol2/Textures/T_Paper.uexp" 3153
"C:/Users/inesc/Documents/GitHub/LevelDesing/MyProject 5.4/Content/Realistic_Starter_VFX_Pack_Vol2/Materials/M_Paper.uasset" 3154
"C:/Users/inesc/Documents/GitHub/LevelDesing/MyProject 5.4/Content/Realistic_Starter_VFX_Pack_Vol2/Materials/M_Paper.uexp" 3155
"C:/Users/inesc/Documents/GitHub/LevelDesing/MyProject 5.4/Content/Realistic_Starter_VFX_Pack_Vol2/Textures/T_Dirt_B.ubulk" 3156
"C:/Users/inesc/Documents/GitHub/LevelDesing/MyProject 5.4/Content/Realistic_Starter_VFX_Pack_Vol2/Textures/T_Dirt_B.uasset" 3157
"C:/Users/inesc/Documents/GitHub/LevelDesing/MyProject 5.4/Content/Realistic_Starter_VFX_Pack_Vol2/Textures/T_Dirt_B.uexp" 3158
"C:/Users/inesc/Documents/GitHub/LevelDesing/MyProject 5.4/Content/Realistic_Starter_VFX_Pack_Vol2/Materials/M_Impact_A.uasset" 3159
"C:/Users/inesc/Documents/GitHub/LevelDesing/MyProject 5.4/Content/Realistic_Starter_VFX_Pack_Vol2/Materials/M_Impact_A.uexp" 3160
"C:/Users/inesc/Documents/GitHub/LevelDesing/MyProject 5.4/Content/Realistic_Starter_VFX_Pack_Vol2/Textures/T_Spark_A.uasset" 3161
"C:/Users/inesc/Documents/GitHub/LevelDesing/MyProject 5.4/Content/Realistic_Starter_VFX_Pack_Vol2/Textures/T_Spark_A.uexp" 3162
"C:/Users/inesc/Documents/GitHub/LevelDesing/MyProject 5.4/Content/Realistic_Starter_VFX_Pack_Vol2/Materials/M_spark_C.uasset" 3163
"C:/Users/inesc/Documents/GitHub/LevelDesing/MyProject 5.4/Content/Realistic_Starter_VFX_Pack_Vol2/Materials/M_spark_C.uexp" 3164
"C:/Users/inesc/Documents/GitHub/LevelDesing/MyProject 5.4/Content/Realistic_Starter_VFX_Pack_Vol2/Particles/Hit/P_Paper.uasset" 3165
"C:/Users/inesc/Documents/GitHub/LevelDesing/MyProject 5.4/Content/Realistic_Starter_VFX_Pack_Vol2/Particles/Hit/P_Paper.uexp" 3166
"C:/Users/inesc/Documents/GitHub/LevelDesing/MyProject 5.4/Content/Realistic_Starter_VFX_Pack_Vol2/Particles/Hit/P_Ceramic.uasset" 3167
"C:/Users/inesc/Documents/GitHub/LevelDesing/MyProject 5.4/Content/Realistic_Starter_VFX_Pack_Vol2/Particles/Hit/P_Ceramic.uexp" 3168
"C:/Users/inesc/Documents/GitHub/LevelDesing/MyProject 5.4/Content/Realistic_Starter_VFX_Pack_Vol2/Particles/Destruction/P_Destruction_Building_B.uasset" 3169
"C:/Users/inesc/Documents/GitHub/LevelDesing/MyProject 5.4/Content/Realistic_Starter_VFX_Pack_Vol2/Particles/Destruction/P_Destruction_Building_B.uexp" 3170
"C:/Users/inesc/Documents/GitHub/LevelDesing/MyProject 5.4/Content/Realistic_Starter_VFX_Pack_Vol2/Particles/Sparks/P_Sparks_D.uasset" 3171
"C:/Users/inesc/Documents/GitHub/LevelDesing/MyProject 5.4/Content/Realistic_Starter_VFX_Pack_Vol2/Particles/Sparks/P_Sparks_D.uexp" 3172
"C:/Users/inesc/Documents/GitHub/LevelDesing/MyProject 5.4/Content/Realistic_Starter_VFX_Pack_Vol2/Textures/T_Bubblepop.ubulk" 3173
"C:/Users/inesc/Documents/GitHub/LevelDesing/MyProject 5.4/Content/Realistic_Starter_VFX_Pack_Vol2/Textures/T_Bubblepop.uasset" 3174
"C:/Users/inesc/Documents/GitHub/LevelDesing/MyProject 5.4/Content/Realistic_Starter_VFX_Pack_Vol2/Textures/T_Bubblepop.uexp" 3175
"C:/Users/inesc/Documents/GitHub/LevelDesing/MyProject 5.4/Content/Realistic_Starter_VFX_Pack_Vol2/Materials/M_Bubble_pop.uasset" 3176
"C:/Users/inesc/Documents/GitHub/LevelDesing/MyProject 5.4/Content/Realistic_Starter_VFX_Pack_Vol2/Materials/M_Bubble_pop.uexp" 3177
"C:/Users/inesc/Documents/GitHub/LevelDesing/MyProject 5.4/Content/Realistic_Starter_VFX_Pack_Vol2/Particles/Water/P_Bubbles_B.uasset" 3178
"C:/Users/inesc/Documents/GitHub/LevelDesing/MyProject 5.4/Content/Realistic_Starter_VFX_Pack_Vol2/Particles/Water/P_Bubbles_B.uexp" 3179
"C:/Users/inesc/Documents/GitHub/LevelDesing/MyProject 5.4/Content/Realistic_Starter_VFX_Pack_Vol2/Particles/Hit/P_Default.uasset" 3180
"C:/Users/inesc/Documents/GitHub/LevelDesing/MyProject 5.4/Content/Realistic_Starter_VFX_Pack_Vol2/Particles/Hit/P_Default.uexp" 3181
"C:/Users/inesc/Documents/GitHub/LevelDesing/MyProject 5.4/Content/Realistic_Starter_VFX_Pack_Vol2/Textures/T_Steam_A.ubulk" 3182
"C:/Users/inesc/Documents/GitHub/LevelDesing/MyProject 5.4/Content/Realistic_Starter_VFX_Pack_Vol2/Textures/T_Steam_A.uasset" 3183
"C:/Users/inesc/Documents/GitHub/LevelDesing/MyProject 5.4/Content/Realistic_Starter_VFX_Pack_Vol2/Textures/T_Steam_A.uexp" 3184
"C:/Users/inesc/Documents/GitHub/LevelDesing/MyProject 5.4/Content/Realistic_Starter_VFX_Pack_Vol2/Materials/M_Smoke_Ground_C.uasset" 3185
"C:/Users/inesc/Documents/GitHub/LevelDesing/MyProject 5.4/Content/Realistic_Starter_VFX_Pack_Vol2/Materials/M_Smoke_Ground_C.uexp" 3186
"C:/Users/inesc/Documents/GitHub/LevelDesing/MyProject 5.4/Content/Realistic_Starter_VFX_Pack_Vol2/Particles/Smoke/P_Steam_A.uasset" 3187
"C:/Users/inesc/Documents/GitHub/LevelDesing/MyProject 5.4/Content/Realistic_Starter_VFX_Pack_Vol2/Particles/Smoke/P_Steam_A.uexp" 3188
"C:/Users/inesc/Documents/GitHub/LevelDesing/MyProject 5.4/Content/Realistic_Starter_VFX_Pack_Vol2/Particles/Destruction/P_Destruction_Ceramic.uasset" 3189
"C:/Users/inesc/Documents/GitHub/LevelDesing/MyProject 5.4/Content/Realistic_Starter_VFX_Pack_Vol2/Particles/Destruction/P_Destruction_Ceramic.uexp" 3190
"C:/Users/inesc/Documents/GitHub/LevelDesing/MyProject 5.4/Content/Realistic_Starter_VFX_Pack_Vol2/Textures/T_Fire_A.ubulk" 3191
"C:/Users/inesc/Documents/GitHub/LevelDesing/MyProject 5.4/Content/Realistic_Starter_VFX_Pack_Vol2/Textures/T_Fire_A.uasset" 3192
"C:/Users/inesc/Documents/GitHub/LevelDesing/MyProject 5.4/Content/Realistic_Starter_VFX_Pack_Vol2/Textures/T_Fire_A.uexp" 3193
"C:/Users/inesc/Documents/GitHub/LevelDesing/MyProject 5.4/Content/Realistic_Starter_VFX_Pack_Vol2/Materials/M_Fire_Splat.uasset" 3194
"C:/Users/inesc/Documents/GitHub/LevelDesing/MyProject 5.4/Content/Realistic_Starter_VFX_Pack_Vol2/Materials/M_Fire_Splat.uexp" 3195
"C:/Users/inesc/Documents/GitHub/LevelDesing/MyProject 5.4/Content/Realistic_Starter_VFX_Pack_Vol2/Particles/Explosion/P_Molotov.uasset" 3196
"C:/Users/inesc/Documents/GitHub/LevelDesing/MyProject 5.4/Content/Realistic_Starter_VFX_Pack_Vol2/Particles/Explosion/P_Molotov.uexp" 3197
"C:/Users/inesc/Documents/GitHub/LevelDesing/MyProject 5.4/Content/Realistic_Starter_VFX_Pack_Vol2/Mesh/SM_Derbis_A.ubulk" 3198
"C:/Users/inesc/Documents/GitHub/LevelDesing/MyProject 5.4/Content/Realistic_Starter_VFX_Pack_Vol2/Mesh/SM_Derbis_A.uasset" 3199
"C:/Users/inesc/Documents/GitHub/LevelDesing/MyProject 5.4/Content/Realistic_Starter_VFX_Pack_Vol2/Mesh/SM_Derbis_A.uexp" 3200
"C:/Users/inesc/Documents/GitHub/LevelDesing/MyProject 5.4/Content/Realistic_Starter_VFX_Pack_Vol2/Particles/Hit/P_Asphalt.uasset" 3201
"C:/Users/inesc/Documents/GitHub/LevelDesing/MyProject 5.4/Content/Realistic_Starter_VFX_Pack_Vol2/Particles/Hit/P_Asphalt.uexp" 3202
"C:/Users/inesc/Documents/GitHub/LevelDesing/MyProject 5.4/Content/Realistic_Starter_VFX_Pack_Vol2/Particles/Smoke/P_Smoke_F.uasset" 3203
"C:/Users/inesc/Documents/GitHub/LevelDesing/MyProject 5.4/Content/Realistic_Starter_VFX_Pack_Vol2/Particles/Smoke/P_Smoke_F.uexp" 3204
"C:/Users/inesc/Documents/GitHub/LevelDesing/MyProject 5.4/Content/Realistic_Starter_VFX_Pack_Vol2/Particles/Hit/P_Ice.uasset" 3205
"C:/Users/inesc/Documents/GitHub/LevelDesing/MyProject 5.4/Content/Realistic_Starter_VFX_Pack_Vol2/Particles/Hit/P_Ice.uexp" 3206
"C:/Users/inesc/Documents/GitHub/LevelDesing/MyProject 5.4/Content/Realistic_Starter_VFX_Pack_Vol2/Particles/Hit/P_Leather.uasset" 3207
"C:/Users/inesc/Documents/GitHub/LevelDesing/MyProject 5.4/Content/Realistic_Starter_VFX_Pack_Vol2/Particles/Hit/P_Leather.uexp" 3208
"C:/Users/inesc/Documents/GitHub/LevelDesing/MyProject 5.4/Content/Realistic_Starter_VFX_Pack_Vol2/Particles/Hit/P_Rubber.uasset" 3209
"C:/Users/inesc/Documents/GitHub/LevelDesing/MyProject 5.4/Content/Realistic_Starter_VFX_Pack_Vol2/Particles/Hit/P_Rubber.uexp" 3210
"C:/Users/inesc/Documents/GitHub/LevelDesing/MyProject 5.4/Content/Realistic_Starter_VFX_Pack_Vol2/DemoRoom/Meshes/SM_Base_FlatWall.ubulk" 3211
"C:/Users/inesc/Documents/GitHub/LevelDesing/MyProject 5.4/Content/Realistic_Starter_VFX_Pack_Vol2/DemoRoom/Meshes/SM_Base_FlatWall.uasset" 3212
"C:/Users/inesc/Documents/GitHub/LevelDesing/MyProject 5.4/Content/Realistic_Starter_VFX_Pack_Vol2/DemoRoom/Meshes/SM_Base_FlatWall.uexp" 3213
"C:/Users/inesc/Documents/GitHub/LevelDesing/MyProject 5.4/Content/Realistic_Starter_VFX_Pack_Vol2/DemoRoom/Materials/M_DemoWall_Inst2.uasset" 3214
"C:/Users/inesc/Documents/GitHub/LevelDesing/MyProject 5.4/Content/Realistic_Starter_VFX_Pack_Vol2/DemoRoom/Materials/M_DemoWall_Inst2.uexp" 3215
"C:/Users/inesc/Documents/GitHub/LevelDesing/MyProject 5.4/Content/Realistic_Starter_VFX_Pack_Vol2/DemoRoom/Meshes/SM_Base.ubulk" 3216
"C:/Users/inesc/Documents/GitHub/LevelDesing/MyProject 5.4/Content/Realistic_Starter_VFX_Pack_Vol2/DemoRoom/Meshes/SM_Base.uasset" 3217
"C:/Users/inesc/Documents/GitHub/LevelDesing/MyProject 5.4/Content/Realistic_Starter_VFX_Pack_Vol2/DemoRoom/Meshes/SM_Base.uexp" 3218
"C:/Users/inesc/Documents/GitHub/LevelDesing/MyProject 5.4/Content/Realistic_Starter_VFX_Pack_Vol2/DemoRoom/Meshes/SM_BaseRoom.ubulk" 3219
"C:/Users/inesc/Documents/GitHub/LevelDesing/MyProject 5.4/Content/Realistic_Starter_VFX_Pack_Vol2/DemoRoom/Meshes/SM_BaseRoom.uasset" 3220
"C:/Users/inesc/Documents/GitHub/LevelDesing/MyProject 5.4/Content/Realistic_Starter_VFX_Pack_Vol2/DemoRoom/Meshes/SM_BaseRoom.uexp" 3221
"C:/Users/inesc/Documents/GitHub/LevelDesing/MyProject 5.4/Content/Realistic_Starter_VFX_Pack_Vol2/DemoRoom/Materials/DefaultTextMaterialTranslucentUnlit.uasset" 3222
"C:/Users/inesc/Documents/GitHub/LevelDesing/MyProject 5.4/Content/Realistic_Starter_VFX_Pack_Vol2/DemoRoom/Materials/DefaultTextMaterialTranslucentUnlit.uexp" 3223
"C:/Users/inesc/Documents/GitHub/LevelDesing/MyProject 5.4/Content/Realistic_Starter_VFX_Pack_Vol2/DemoRoom/Meshes/SM_NamePlate.ubulk" 3224
"C:/Users/inesc/Documents/GitHub/LevelDesing/MyProject 5.4/Content/Realistic_Starter_VFX_Pack_Vol2/DemoRoom/Meshes/SM_NamePlate.uasset" 3225
"C:/Users/inesc/Documents/GitHub/LevelDesing/MyProject 5.4/Content/Realistic_Starter_VFX_Pack_Vol2/DemoRoom/Meshes/SM_NamePlate.uexp" 3226
"C:/Users/inesc/Documents/GitHub/LevelDesing/MyProject 5.4/Content/Realistic_Starter_VFX_Pack_Vol2/DemoRoom/BluePrint/BP_DemoDisplay_Enum.uasset" 3227
"C:/Users/inesc/Documents/GitHub/LevelDesing/MyProject 5.4/Content/Realistic_Starter_VFX_Pack_Vol2/DemoRoom/BluePrint/BP_DemoDisplay_Enum.uexp" 3228
"C:/Users/inesc/Documents/GitHub/LevelDesing/MyProject 5.4/Content/Realistic_Starter_VFX_Pack_Vol2/DemoRoom/Meshes/SM_Base2.ubulk" 3229
"C:/Users/inesc/Documents/GitHub/LevelDesing/MyProject 5.4/Content/Realistic_Starter_VFX_Pack_Vol2/DemoRoom/Meshes/SM_Base2.uasset" 3230
"C:/Users/inesc/Documents/GitHub/LevelDesing/MyProject 5.4/Content/Realistic_Starter_VFX_Pack_Vol2/DemoRoom/Meshes/SM_Base2.uexp" 3231
"C:/Users/inesc/Documents/GitHub/LevelDesing/MyProject 5.4/Content/Realistic_Starter_VFX_Pack_Vol2/DemoRoom/BluePrint/BP_DemoDisplay.uasset" 3232
"C:/Users/inesc/Documents/GitHub/LevelDesing/MyProject 5.4/Content/Realistic_Starter_VFX_Pack_Vol2/DemoRoom/BluePrint/BP_DemoDisplay.uexp" 3233
"C:/Users/inesc/Documents/GitHub/LevelDesing/MyProject 5.4/Content/Realistic_Starter_VFX_Pack_Vol2/Textures/T_Smoke_G.ubulk" 3234
"C:/Users/inesc/Documents/GitHub/LevelDesing/MyProject 5.4/Content/Realistic_Starter_VFX_Pack_Vol2/Textures/T_Smoke_G.uasset" 3235
"C:/Users/inesc/Documents/GitHub/LevelDesing/MyProject 5.4/Content/Realistic_Starter_VFX_Pack_Vol2/Textures/T_Smoke_G.uexp" 3236
"C:/Users/inesc/Documents/GitHub/LevelDesing/MyProject 5.4/Content/Realistic_Starter_VFX_Pack_Vol2/Materials/M_Smoke_Ground_B.uasset" 3237
"C:/Users/inesc/Documents/GitHub/LevelDesing/MyProject 5.4/Content/Realistic_Starter_VFX_Pack_Vol2/Materials/M_Smoke_Ground_B.uexp" 3238
"C:/Users/inesc/Documents/GitHub/LevelDesing/MyProject 5.4/Content/Realistic_Starter_VFX_Pack_Vol2/Particles/Smoke/P_Smoke_D.uasset" 3239
"C:/Users/inesc/Documents/GitHub/LevelDesing/MyProject 5.4/Content/Realistic_Starter_VFX_Pack_Vol2/Particles/Smoke/P_Smoke_D.uexp" 3240
"C:/Users/inesc/Documents/GitHub/LevelDesing/MyProject 5.4/Content/Realistic_Starter_VFX_Pack_Vol2/Particles/Smoke/P_Smoke_C.uasset" 3241
"C:/Users/inesc/Documents/GitHub/LevelDesing/MyProject 5.4/Content/Realistic_Starter_VFX_Pack_Vol2/Particles/Smoke/P_Smoke_C.uexp" 3242
"C:/Users/inesc/Documents/GitHub/LevelDesing/MyProject 5.4/Content/Realistic_Starter_VFX_Pack_Vol2/Particles/Fire/P_Fire_Big.uasset" 3243
"C:/Users/inesc/Documents/GitHub/LevelDesing/MyProject 5.4/Content/Realistic_Starter_VFX_Pack_Vol2/Particles/Fire/P_Fire_Big.uexp" 3244
"C:/Users/inesc/Documents/GitHub/LevelDesing/MyProject 5.4/Content/Realistic_Starter_VFX_Pack_Vol2/Particles/Sparks/P_Sparks_E.uasset" 3245
"C:/Users/inesc/Documents/GitHub/LevelDesing/MyProject 5.4/Content/Realistic_Starter_VFX_Pack_Vol2/Particles/Sparks/P_Sparks_E.uexp" 3246
"C:/Users/inesc/Documents/GitHub/LevelDesing/MyProject 5.4/Content/Realistic_Starter_VFX_Pack_Vol2/Particles/Explosion/P_Explosion_Big_A.uasset" 3247
"C:/Users/inesc/Documents/GitHub/LevelDesing/MyProject 5.4/Content/Realistic_Starter_VFX_Pack_Vol2/Particles/Explosion/P_Explosion_Big_A.uexp" 3248
"C:/Users/inesc/Documents/GitHub/LevelDesing/MyProject 5.4/Content/Realistic_Starter_VFX_Pack_Vol2/Textures/T_Dandelion.ubulk" 3249
"C:/Users/inesc/Documents/GitHub/LevelDesing/MyProject 5.4/Content/Realistic_Starter_VFX_Pack_Vol2/Textures/T_Dandelion.uasset" 3250
"C:/Users/inesc/Documents/GitHub/LevelDesing/MyProject 5.4/Content/Realistic_Starter_VFX_Pack_Vol2/Textures/T_Dandelion.uexp" 3251
"C:/Users/inesc/Documents/GitHub/LevelDesing/MyProject 5.4/Content/Realistic_Starter_VFX_Pack_Vol2/Materials/M_Dandelion.uasset" 3252
"C:/Users/inesc/Documents/GitHub/LevelDesing/MyProject 5.4/Content/Realistic_Starter_VFX_Pack_Vol2/Materials/M_Dandelion.uexp" 3253
"C:/Users/inesc/Documents/GitHub/LevelDesing/MyProject 5.4/Content/Realistic_Starter_VFX_Pack_Vol2/Particles/Environment/P_Dandelion.uasset" 3254
"C:/Users/inesc/Documents/GitHub/LevelDesing/MyProject 5.4/Content/Realistic_Starter_VFX_Pack_Vol2/Particles/Environment/P_Dandelion.uexp" 3255
"C:/Users/inesc/Documents/GitHub/LevelDesing/MyProject 5.4/Content/Realistic_Starter_VFX_Pack_Vol2/Textures/T_Epxlosion_G.ubulk" 3256
"C:/Users/inesc/Documents/GitHub/LevelDesing/MyProject 5.4/Content/Realistic_Starter_VFX_Pack_Vol2/Textures/T_Epxlosion_G.uasset" 3257
"C:/Users/inesc/Documents/GitHub/LevelDesing/MyProject 5.4/Content/Realistic_Starter_VFX_Pack_Vol2/Textures/T_Epxlosion_G.uexp" 3258
"C:/Users/inesc/Documents/GitHub/LevelDesing/MyProject 5.4/Content/Realistic_Starter_VFX_Pack_Vol2/Materials/M_Explosion_G.uasset" 3259
"C:/Users/inesc/Documents/GitHub/LevelDesing/MyProject 5.4/Content/Realistic_Starter_VFX_Pack_Vol2/Materials/M_Explosion_G.uexp" 3260
"C:/Users/inesc/Documents/GitHub/LevelDesing/MyProject 5.4/Content/Realistic_Starter_VFX_Pack_Vol2/Textures/T_Explosion_E.ubulk" 3261
"C:/Users/inesc/Documents/GitHub/LevelDesing/MyProject 5.4/Content/Realistic_Starter_VFX_Pack_Vol2/Textures/T_Explosion_E.uasset" 3262
"C:/Users/inesc/Documents/GitHub/LevelDesing/MyProject 5.4/Content/Realistic_Starter_VFX_Pack_Vol2/Textures/T_Explosion_E.uexp" 3263
"C:/Users/inesc/Documents/GitHub/LevelDesing/MyProject 5.4/Content/Realistic_Starter_VFX_Pack_Vol2/Materials/M_Explosion_E.uasset" 3264
"C:/Users/inesc/Documents/GitHub/LevelDesing/MyProject 5.4/Content/Realistic_Starter_VFX_Pack_Vol2/Materials/M_Explosion_E.uexp" 3265
"C:/Users/inesc/Documents/GitHub/LevelDesing/MyProject 5.4/Content/Realistic_Starter_VFX_Pack_Vol2/Particles/Explosion/P_Explosion_Big_C.uasset" 3266
"C:/Users/inesc/Documents/GitHub/LevelDesing/MyProject 5.4/Content/Realistic_Starter_VFX_Pack_Vol2/Particles/Explosion/P_Explosion_Big_C.uexp" 3267
"C:/Users/inesc/Documents/GitHub/LevelDesing/MyProject 5.4/Content/Realistic_Starter_VFX_Pack_Vol2/Mesh/SM_Derbis_C.ubulk" 3268
"C:/Users/inesc/Documents/GitHub/LevelDesing/MyProject 5.4/Content/Realistic_Starter_VFX_Pack_Vol2/Mesh/SM_Derbis_C.uasset" 3269
"C:/Users/inesc/Documents/GitHub/LevelDesing/MyProject 5.4/Content/Realistic_Starter_VFX_Pack_Vol2/Mesh/SM_Derbis_C.uexp" 3270
"C:/Users/inesc/Documents/GitHub/LevelDesing/MyProject 5.4/Content/Realistic_Starter_VFX_Pack_Vol2/Particles/Hit/P_Brick.uasset" 3271
"C:/Users/inesc/Documents/GitHub/LevelDesing/MyProject 5.4/Content/Realistic_Starter_VFX_Pack_Vol2/Particles/Hit/P_Brick.uexp" 3272
"C:/Users/inesc/Documents/GitHub/LevelDesing/MyProject 5.4/Content/Realistic_Starter_VFX_Pack_Vol2/Maps/Overview_Map_Night.uexp" 3273
"C:/Users/inesc/Documents/GitHub/LevelDesing/MyProject 5.4/Content/Realistic_Starter_VFX_Pack_Vol2/Maps/Overview_Map_Night.umap" 3274
"C:/Users/inesc/Documents/GitHub/LevelDesing/MyProject 5.4/Content/Realistic_Starter_VFX_Pack_Vol2/Maps/Overview_Map_Day.uexp" 3275
"C:/Users/inesc/Documents/GitHub/LevelDesing/MyProject 5.4/Content/Realistic_Starter_VFX_Pack_Vol2/Maps/Overview_Map_Day.umap" 3276
"C:/Users/inesc/Documents/GitHub/LevelDesing/MyProject 5.4/Content/Polar/Textures/Vista_Textures/T_Sky_Masks_02.ubulk" 3277
"C:/Users/inesc/Documents/GitHub/LevelDesing/MyProject 5.4/Content/Polar/Textures/Vista_Textures/T_Sky_Masks_02.uasset" 3278
"C:/Users/inesc/Documents/GitHub/LevelDesing/MyProject 5.4/Content/Polar/Textures/Vista_Textures/T_Sky_Masks_02.uexp" 3279
"C:/Users/inesc/Documents/GitHub/LevelDesing/MyProject 5.4/Content/Polar/Textures/Vista_Textures/T_Sky_Masks.ubulk" 3280
"C:/Users/inesc/Documents/GitHub/LevelDesing/MyProject 5.4/Content/Polar/Textures/Vista_Textures/T_Sky_Masks.uasset" 3281
"C:/Users/inesc/Documents/GitHub/LevelDesing/MyProject 5.4/Content/Polar/Textures/Vista_Textures/T_Sky_Masks.uexp" 3282
"C:/Users/inesc/Documents/GitHub/LevelDesing/MyProject 5.4/Content/Polar/Materials/Vista_Materials/Sky_Materials/_M_Master_Foregrond_Clouds.uasset" 3283
"C:/Users/inesc/Documents/GitHub/LevelDesing/MyProject 5.4/Content/Polar/Materials/Vista_Materials/Sky_Materials/_M_Master_Foregrond_Clouds.uexp" 3284
"C:/Users/inesc/Documents/GitHub/LevelDesing/MyProject 5.4/Content/Polar/Materials/Vista_Materials/Sky_Materials/M_Sky_Clouds_Foregorund.uasset" 3285
"C:/Users/inesc/Documents/GitHub/LevelDesing/MyProject 5.4/Content/Polar/Materials/Vista_Materials/Sky_Materials/M_Sky_Clouds_Foregorund.uexp" 3286
"C:/Users/inesc/Documents/GitHub/LevelDesing/MyProject 5.4/Content/Polar/Textures/Vista_Textures/T_Sky_Galaxy.ubulk" 3287
"C:/Users/inesc/Documents/GitHub/LevelDesing/MyProject 5.4/Content/Polar/Textures/Vista_Textures/T_Sky_Galaxy.uasset" 3288
"C:/Users/inesc/Documents/GitHub/LevelDesing/MyProject 5.4/Content/Polar/Textures/Vista_Textures/T_Sky_Galaxy.uexp" 3289
"C:/Users/inesc/Documents/GitHub/LevelDesing/MyProject 5.4/Content/Polar/Materials/Vista_Materials/Sky_Materials/_M_Master_Galaxy.uasset" 3290
"C:/Users/inesc/Documents/GitHub/LevelDesing/MyProject 5.4/Content/Polar/Materials/Vista_Materials/Sky_Materials/_M_Master_Galaxy.uexp" 3291
"C:/Users/inesc/Documents/GitHub/LevelDesing/MyProject 5.4/Content/Polar/Materials/Vista_Materials/Sky_Materials/M_Sky_Galaxy_Map.uasset" 3292
"C:/Users/inesc/Documents/GitHub/LevelDesing/MyProject 5.4/Content/Polar/Materials/Vista_Materials/Sky_Materials/M_Sky_Galaxy_Map.uexp" 3293
"C:/Users/inesc/Documents/GitHub/LevelDesing/MyProject 5.4/Content/Polar/Meshes/Vista/SM_Sky_Sphere_Stat.ubulk" 3294
"C:/Users/inesc/Documents/GitHub/LevelDesing/MyProject 5.4/Content/Polar/Meshes/Vista/SM_Sky_Sphere_Stat.uasset" 3295
"C:/Users/inesc/Documents/GitHub/LevelDesing/MyProject 5.4/Content/Polar/Meshes/Vista/SM_Sky_Sphere_Stat.uexp" 3296
"C:/Users/inesc/Documents/GitHub/LevelDesing/MyProject 5.4/Content/Polar/Textures/Vista_Textures/T_Sky_Masks_03.ubulk" 3297
"C:/Users/inesc/Documents/GitHub/LevelDesing/MyProject 5.4/Content/Polar/Textures/Vista_Textures/T_Sky_Masks_03.uasset" 3298
"C:/Users/inesc/Documents/GitHub/LevelDesing/MyProject 5.4/Content/Polar/Textures/Vista_Textures/T_Sky_Masks_03.uexp" 3299
"C:/Users/inesc/Documents/GitHub/LevelDesing/MyProject 5.4/Content/Polar/Materials/Vista_Materials/Sky_Materials/M_Planet_Inst.uasset" 3300
"C:/Users/inesc/Documents/GitHub/LevelDesing/MyProject 5.4/Content/Polar/Materials/Vista_Materials/Sky_Materials/M_Planet_Inst.uexp" 3301
"C:/Users/inesc/Documents/GitHub/LevelDesing/MyProject 5.4/Content/Polar/Materials/Vista_Materials/Sky_Materials/M_Planet_02_Inst.uasset" 3302
"C:/Users/inesc/Documents/GitHub/LevelDesing/MyProject 5.4/Content/Polar/Materials/Vista_Materials/Sky_Materials/M_Planet_02_Inst.uexp" 3303
"../../../Engine/Content/MapTemplates/Bokeh_5Sides.ubulk" 3304
"../../../Engine/Content/MapTemplates/Bokeh_5Sides.uasset" 3305
"../../../Engine/Content/MapTemplates/Bokeh_5Sides.uexp" 3306
"C:/Users/inesc/Documents/GitHub/LevelDesing/MyProject 5.4/Content/Polar/Materials/Vista_Materials/Sky_Materials/M_Sky_Galaxy_Map_Distort_01.uasset" 3307
"C:/Users/inesc/Documents/GitHub/LevelDesing/MyProject 5.4/Content/Polar/Materials/Vista_Materials/Sky_Materials/M_Sky_Galaxy_Map_Distort_01.uexp" 3308
"C:/Users/inesc/Documents/GitHub/LevelDesing/MyProject 5.4/Content/Polar/Materials/Vista_Materials/Sky_Materials/_M_Master_Stars.uasset" 3309
"C:/Users/inesc/Documents/GitHub/LevelDesing/MyProject 5.4/Content/Polar/Materials/Vista_Materials/Sky_Materials/_M_Master_Stars.uexp" 3310
"C:/Users/inesc/Documents/GitHub/LevelDesing/MyProject 5.4/Content/Polar/Materials/Vista_Materials/Sky_Materials/M_Sky_Stars.uasset" 3311
"C:/Users/inesc/Documents/GitHub/LevelDesing/MyProject 5.4/Content/Polar/Materials/Vista_Materials/Sky_Materials/M_Sky_Stars.uexp" 3312
"C:/Users/inesc/Documents/GitHub/LevelDesing/MyProject 5.4/Content/Polar/Textures/Vista_Textures/T_Sky_Galaxy_02.ubulk" 3313
"C:/Users/inesc/Documents/GitHub/LevelDesing/MyProject 5.4/Content/Polar/Textures/Vista_Textures/T_Sky_Galaxy_02.uasset" 3314
"C:/Users/inesc/Documents/GitHub/LevelDesing/MyProject 5.4/Content/Polar/Textures/Vista_Textures/T_Sky_Galaxy_02.uexp" 3315
"C:/Users/inesc/Documents/GitHub/LevelDesing/MyProject 5.4/Content/Polar/Materials/Vista_Materials/Sky_Materials/M_Sky_Galaxy_Map_Distort_02.uasset" 3316
"C:/Users/inesc/Documents/GitHub/LevelDesing/MyProject 5.4/Content/Polar/Materials/Vista_Materials/Sky_Materials/M_Sky_Galaxy_Map_Distort_02.uexp" 3317
"C:/Users/inesc/Documents/GitHub/LevelDesing/MyProject 5.4/Content/Polar/Textures/Vista_Textures/T_Mountain_02_HeavySnow_CLR.ubulk" 3318
"C:/Users/inesc/Documents/GitHub/LevelDesing/MyProject 5.4/Content/Polar/Textures/Vista_Textures/T_Mountain_02_HeavySnow_CLR.uasset" 3319
"C:/Users/inesc/Documents/GitHub/LevelDesing/MyProject 5.4/Content/Polar/Textures/Vista_Textures/T_Mountain_02_HeavySnow_CLR.uexp" 3320
"C:/Users/inesc/Documents/GitHub/LevelDesing/MyProject 5.4/Content/Polar/Materials/Vista_Materials/M_Mountain_02_HeavySnow_Inst.uasset" 3321
"C:/Users/inesc/Documents/GitHub/LevelDesing/MyProject 5.4/Content/Polar/Materials/Vista_Materials/M_Mountain_02_HeavySnow_Inst.uexp" 3322
"C:/Users/inesc/Documents/GitHub/LevelDesing/MyProject 5.4/Content/Polar/Materials/Vista_Materials/Sky_Materials/_M_Master_Clouds.uasset" 3323
"C:/Users/inesc/Documents/GitHub/LevelDesing/MyProject 5.4/Content/Polar/Materials/Vista_Materials/Sky_Materials/_M_Master_Clouds.uexp" 3324
"C:/Users/inesc/Documents/GitHub/LevelDesing/MyProject 5.4/Content/Polar/Materials/Vista_Materials/Sky_Materials/M_Sky_Clouds.uasset" 3325
"C:/Users/inesc/Documents/GitHub/LevelDesing/MyProject 5.4/Content/Polar/Materials/Vista_Materials/Sky_Materials/M_Sky_Clouds.uexp" 3326
"C:/Users/inesc/Documents/GitHub/LevelDesing/MyProject 5.4/Content/Polar/Materials/Vista_Materials/M_New_Sky_Mountain_02_Inst_.uasset" 3327
"C:/Users/inesc/Documents/GitHub/LevelDesing/MyProject 5.4/Content/Polar/Materials/Vista_Materials/M_New_Sky_Mountain_02_Inst_.uexp" 3328
"../../../Engine/Content/MapTemplates/T_ScreenDirt02_w.uasset" 3329
"../../../Engine/Content/MapTemplates/T_ScreenDirt02_w.uexp" 3330
"../../../Engine/Content/Tutorial/ContentIntroCurve.uasset" 3331
"../../../Engine/Content/Tutorial/ContentIntroCurve.uexp" 3332
"C:/Users/inesc/Documents/GitHub/LevelDesing/MyProject 5.4/Content/Polar/Materials/Vista_Materials/Sky_Materials/M_Sky_Galaxy_Map_Dim.uasset" 3333
"C:/Users/inesc/Documents/GitHub/LevelDesing/MyProject 5.4/Content/Polar/Materials/Vista_Materials/Sky_Materials/M_Sky_Galaxy_Map_Dim.uexp" 3334
"C:/Users/inesc/Documents/GitHub/LevelDesing/MyProject 5.4/Content/Polar/Materials/Vista_Materials/Sky_Materials/M_Sky_Galaxy_Map_Dim_02.uasset" 3335
"C:/Users/inesc/Documents/GitHub/LevelDesing/MyProject 5.4/Content/Polar/Materials/Vista_Materials/Sky_Materials/M_Sky_Galaxy_Map_Dim_02.uexp" 3336
"C:/Users/inesc/Documents/GitHub/LevelDesing/MyProject 5.4/Content/Polar/Materials/Vista_Materials/Sky_Materials/_M_Master_Sky.uasset" 3337
"C:/Users/inesc/Documents/GitHub/LevelDesing/MyProject 5.4/Content/Polar/Materials/Vista_Materials/Sky_Materials/_M_Master_Sky.uexp" 3338
"C:/Users/inesc/Documents/GitHub/LevelDesing/MyProject 5.4/Content/Polar/Materials/Vista_Materials/Sky_Materials/M_Sky_Colors.uasset" 3339
"C:/Users/inesc/Documents/GitHub/LevelDesing/MyProject 5.4/Content/Polar/Materials/Vista_Materials/Sky_Materials/M_Sky_Colors.uexp" 3340
"C:/Users/inesc/Documents/GitHub/LevelDesing/MyProject 5.4/Content/Polar/Meshes/Vista/SM_Mountain_02.ubulk" 3341
"C:/Users/inesc/Documents/GitHub/LevelDesing/MyProject 5.4/Content/Polar/Meshes/Vista/SM_Mountain_02.uasset" 3342
"C:/Users/inesc/Documents/GitHub/LevelDesing/MyProject 5.4/Content/Polar/Meshes/Vista/SM_Mountain_02.uexp" 3343
"C:/Users/inesc/Documents/GitHub/LevelDesing/MyProject 5.4/Content/Polar/Meshes/Vista/SM_Planet_01.ubulk" 3344
"C:/Users/inesc/Documents/GitHub/LevelDesing/MyProject 5.4/Content/Polar/Meshes/Vista/SM_Planet_01.uasset" 3345
"C:/Users/inesc/Documents/GitHub/LevelDesing/MyProject 5.4/Content/Polar/Meshes/Vista/SM_Planet_01.uexp" 3346
"C:/Users/inesc/Documents/GitHub/LevelDesing/MyProject 5.4/Content/Polar/Materials/Vista_Materials/Sky_Materials/M_Sky_Clouds_Small_Inst.uasset" 3347
"C:/Users/inesc/Documents/GitHub/LevelDesing/MyProject 5.4/Content/Polar/Materials/Vista_Materials/Sky_Materials/M_Sky_Clouds_Small_Inst.uexp" 3348
"../../../Engine/Content/EditorMeshes/EditorPlane.ubulk" 3349
"../../../Engine/Content/EditorMeshes/EditorPlane.uasset" 3350
"../../../Engine/Content/EditorMeshes/EditorPlane.uexp" 3351
"C:/Users/inesc/Documents/GitHub/LevelDesing/MyProject 5.4/Content/Polar/Maps/SkySunsetMap.uexp" 3352
"C:/Users/inesc/Documents/GitHub/LevelDesing/MyProject 5.4/Content/Polar/Maps/SkySunsetMap.umap" 3353
"C:/Users/inesc/Documents/GitHub/LevelDesing/MyProject 5.4/Content/Polar/Materials/Vista_Materials/Sky_Materials/M_Sky_Stars_Bright.uasset" 3354
"C:/Users/inesc/Documents/GitHub/LevelDesing/MyProject 5.4/Content/Polar/Materials/Vista_Materials/Sky_Materials/M_Sky_Stars_Bright.uexp" 3355
"C:/Users/inesc/Documents/GitHub/LevelDesing/MyProject 5.4/Content/Polar/Materials/Vista_Materials/Sky_Materials/Night/M_Sky_Night_Clouds_Foregorund.uasset" 3356
"C:/Users/inesc/Documents/GitHub/LevelDesing/MyProject 5.4/Content/Polar/Materials/Vista_Materials/Sky_Materials/Night/M_Sky_Night_Clouds_Foregorund.uexp" 3357
"C:/Users/inesc/Documents/GitHub/LevelDesing/MyProject 5.4/Content/Polar/Materials/Vista_Materials/Sky_Materials/Night/M_Sky_Night_Galaxy_Map.uasset" 3358
"C:/Users/inesc/Documents/GitHub/LevelDesing/MyProject 5.4/Content/Polar/Materials/Vista_Materials/Sky_Materials/Night/M_Sky_Night_Galaxy_Map.uexp" 3359
"C:/Users/inesc/Documents/GitHub/LevelDesing/MyProject 5.4/Content/Polar/Materials/Vista_Materials/Sky_Materials/Night/M_Sky_Night_Galaxy_Map_Dim.uasset" 3360
"C:/Users/inesc/Documents/GitHub/LevelDesing/MyProject 5.4/Content/Polar/Materials/Vista_Materials/Sky_Materials/Night/M_Sky_Night_Galaxy_Map_Dim.uexp" 3361
"C:/Users/inesc/Documents/GitHub/LevelDesing/MyProject 5.4/Content/Polar/Materials/Vista_Materials/Sky_Materials/M_Planet_03_Inst.uasset" 3362
"C:/Users/inesc/Documents/GitHub/LevelDesing/MyProject 5.4/Content/Polar/Materials/Vista_Materials/Sky_Materials/M_Planet_03_Inst.uexp" 3363
"C:/Users/inesc/Documents/GitHub/LevelDesing/MyProject 5.4/Content/Polar/Materials/Vista_Materials/Sky_Materials/Night/M_Sky_Night_Colors.uasset" 3364
"C:/Users/inesc/Documents/GitHub/LevelDesing/MyProject 5.4/Content/Polar/Materials/Vista_Materials/Sky_Materials/Night/M_Sky_Night_Colors.uexp" 3365
"C:/Users/inesc/Documents/GitHub/LevelDesing/MyProject 5.4/Content/Polar/Materials/Vista_Materials/Sky_Materials/Night/M_Sky_Night_Clouds_Small_Inst.uasset" 3366
"C:/Users/inesc/Documents/GitHub/LevelDesing/MyProject 5.4/Content/Polar/Materials/Vista_Materials/Sky_Materials/Night/M_Sky_Night_Clouds_Small_Inst.uexp" 3367
"C:/Users/inesc/Documents/GitHub/LevelDesing/MyProject 5.4/Content/Polar/Materials/Vista_Materials/Sky_Materials/Night/M_Sky_Night_Clouds.uasset" 3368
"C:/Users/inesc/Documents/GitHub/LevelDesing/MyProject 5.4/Content/Polar/Materials/Vista_Materials/Sky_Materials/Night/M_Sky_Night_Clouds.uexp" 3369
"C:/Users/inesc/Documents/GitHub/LevelDesing/MyProject 5.4/Content/Polar/Maps/SkyNightMap.uexp" 3370
"C:/Users/inesc/Documents/GitHub/LevelDesing/MyProject 5.4/Content/Polar/Maps/SkyNightMap.umap" 3371
"C:/Users/inesc/Documents/GitHub/LevelDesing/MyProject 5.4/Content/Polar/Materials/Vista_Materials/Sky_Materials/Day/M_Sky_Day_Clouds.uasset" 3372
"C:/Users/inesc/Documents/GitHub/LevelDesing/MyProject 5.4/Content/Polar/Materials/Vista_Materials/Sky_Materials/Day/M_Sky_Day_Clouds.uexp" 3373
"C:/Users/inesc/Documents/GitHub/LevelDesing/MyProject 5.4/Content/Polar/Materials/Vista_Materials/Sky_Materials/Day/M_Sky_Day_Galaxy_Map_Distort_01.uasset" 3374
"C:/Users/inesc/Documents/GitHub/LevelDesing/MyProject 5.4/Content/Polar/Materials/Vista_Materials/Sky_Materials/Day/M_Sky_Day_Galaxy_Map_Distort_01.uexp" 3375
"C:/Users/inesc/Documents/GitHub/LevelDesing/MyProject 5.4/Content/Polar/Materials/Vista_Materials/Sky_Materials/Day/M_Sky_Day_Colors.uasset" 3376
"C:/Users/inesc/Documents/GitHub/LevelDesing/MyProject 5.4/Content/Polar/Materials/Vista_Materials/Sky_Materials/Day/M_Sky_Day_Colors.uexp" 3377
"C:/Users/inesc/Documents/GitHub/LevelDesing/MyProject 5.4/Content/Polar/Materials/Vista_Materials/Sky_Materials/Day/M_Sky_Day_Clouds_Small_Inst.uasset" 3378
"C:/Users/inesc/Documents/GitHub/LevelDesing/MyProject 5.4/Content/Polar/Materials/Vista_Materials/Sky_Materials/Day/M_Sky_Day_Clouds_Small_Inst.uexp" 3379
"C:/Users/inesc/Documents/GitHub/LevelDesing/MyProject 5.4/Content/Polar/Materials/Vista_Materials/Sky_Materials/Day/M_Sky_Day_Galaxy_Map_Dim.uasset" 3380
"C:/Users/inesc/Documents/GitHub/LevelDesing/MyProject 5.4/Content/Polar/Materials/Vista_Materials/Sky_Materials/Day/M_Sky_Day_Galaxy_Map_Dim.uexp" 3381
"C:/Users/inesc/Documents/GitHub/LevelDesing/MyProject 5.4/Content/Polar/Materials/Vista_Materials/Sky_Materials/Day/M_Sky_Day_Clouds_Foregorund.uasset" 3382
"C:/Users/inesc/Documents/GitHub/LevelDesing/MyProject 5.4/Content/Polar/Materials/Vista_Materials/Sky_Materials/Day/M_Sky_Day_Clouds_Foregorund.uexp" 3383
"C:/Users/inesc/Documents/GitHub/LevelDesing/MyProject 5.4/Content/Polar/Materials/Vista_Materials/Sky_Materials/Day/M_Sky_Day_Galaxy_Map.uasset" 3384
"C:/Users/inesc/Documents/GitHub/LevelDesing/MyProject 5.4/Content/Polar/Materials/Vista_Materials/Sky_Materials/Day/M_Sky_Day_Galaxy_Map.uexp" 3385
"C:/Users/inesc/Documents/GitHub/LevelDesing/MyProject 5.4/Content/Polar/Maps/SkyDayMap.uexp" 3386
"C:/Users/inesc/Documents/GitHub/LevelDesing/MyProject 5.4/Content/Polar/Maps/SkyDayMap.umap" 3387
"C:/Users/inesc/Documents/GitHub/LevelDesing/MyProject 5.4/Content/Polar/Particles/P_Myst.uasset" 3388
"C:/Users/inesc/Documents/GitHub/LevelDesing/MyProject 5.4/Content/Polar/Particles/P_Myst.uexp" 3389
"C:/Users/inesc/Documents/GitHub/LevelDesing/MyProject 5.4/Content/Polar/Meshes/Architecture/SM_Wall_Tubes_Broken_Small.ubulk" 3390
"C:/Users/inesc/Documents/GitHub/LevelDesing/MyProject 5.4/Content/Polar/Meshes/Architecture/SM_Wall_Tubes_Broken_Small.uasset" 3391
"C:/Users/inesc/Documents/GitHub/LevelDesing/MyProject 5.4/Content/Polar/Meshes/Architecture/SM_Wall_Tubes_Broken_Small.uexp" 3392
"C:/Users/inesc/Documents/GitHub/LevelDesing/MyProject 5.4/Content/Polar/Particles/P_Snow_Slow.uasset" 3393
"C:/Users/inesc/Documents/GitHub/LevelDesing/MyProject 5.4/Content/Polar/Particles/P_Snow_Slow.uexp" 3394
"C:/Users/inesc/Documents/GitHub/LevelDesing/MyProject 5.4/Content/Polar/Particles/P_Myst_Long.uasset" 3395
"C:/Users/inesc/Documents/GitHub/LevelDesing/MyProject 5.4/Content/Polar/Particles/P_Myst_Long.uexp" 3396
"C:/Users/inesc/Documents/GitHub/LevelDesing/MyProject 5.4/Content/Polar/Textures/Particle_Textures/T_LensFlare_Masks.ubulk" 3397
"C:/Users/inesc/Documents/GitHub/LevelDesing/MyProject 5.4/Content/Polar/Textures/Particle_Textures/T_LensFlare_Masks.uasset" 3398
"C:/Users/inesc/Documents/GitHub/LevelDesing/MyProject 5.4/Content/Polar/Textures/Particle_Textures/T_LensFlare_Masks.uexp" 3399
"C:/Users/inesc/Documents/GitHub/LevelDesing/MyProject 5.4/Content/Polar/Materials/FX/Particle_Materials/_M_Master_Lens_Flare_Master.uasset" 3400
"C:/Users/inesc/Documents/GitHub/LevelDesing/MyProject 5.4/Content/Polar/Materials/FX/Particle_Materials/_M_Master_Lens_Flare_Master.uexp" 3401
"C:/Users/inesc/Documents/GitHub/LevelDesing/MyProject 5.4/Content/Polar/Materials/FX/Particle_Materials/M_Lens_Flare_01_Inst.uasset" 3402
"C:/Users/inesc/Documents/GitHub/LevelDesing/MyProject 5.4/Content/Polar/Materials/FX/Particle_Materials/M_Lens_Flare_01_Inst.uexp" 3403
"C:/Users/inesc/Documents/GitHub/LevelDesing/MyProject 5.4/Content/Polar/Particles/P_LensFlaire_Dim.uasset" 3404
"C:/Users/inesc/Documents/GitHub/LevelDesing/MyProject 5.4/Content/Polar/Particles/P_LensFlaire_Dim.uexp" 3405
"C:/Users/inesc/Documents/GitHub/LevelDesing/MyProject 5.4/Content/Polar/Textures/T_Cloth_NRM.ubulk" 3406
"C:/Users/inesc/Documents/GitHub/LevelDesing/MyProject 5.4/Content/Polar/Textures/T_Cloth_NRM.uasset" 3407
"C:/Users/inesc/Documents/GitHub/LevelDesing/MyProject 5.4/Content/Polar/Textures/T_Cloth_NRM.uexp" 3408
"C:/Users/inesc/Documents/GitHub/LevelDesing/MyProject 5.4/Content/Polar/Textures/CubeMaps/T_Indoor_Blue_Room_CubeMap.uasset" 3409
"C:/Users/inesc/Documents/GitHub/LevelDesing/MyProject 5.4/Content/Polar/Textures/CubeMaps/T_Indoor_Blue_Room_CubeMap.uexp" 3410
"C:/Users/inesc/Documents/GitHub/LevelDesing/MyProject 5.4/Content/Polar/Textures/T_Cloth_CLR.ubulk" 3411
"C:/Users/inesc/Documents/GitHub/LevelDesing/MyProject 5.4/Content/Polar/Textures/T_Cloth_CLR.uasset" 3412
"C:/Users/inesc/Documents/GitHub/LevelDesing/MyProject 5.4/Content/Polar/Textures/T_Cloth_CLR.uexp" 3413
"C:/Users/inesc/Documents/GitHub/LevelDesing/MyProject 5.4/Content/Polar/Materials/Cloth/_M_Master_Cloth.uasset" 3414
"C:/Users/inesc/Documents/GitHub/LevelDesing/MyProject 5.4/Content/Polar/Materials/Cloth/_M_Master_Cloth.uexp" 3415
"C:/Users/inesc/Documents/GitHub/LevelDesing/MyProject 5.4/Content/Polar/Materials/Cloth/M_Cloth_Red_Inst.uasset" 3416
"C:/Users/inesc/Documents/GitHub/LevelDesing/MyProject 5.4/Content/Polar/Materials/Cloth/M_Cloth_Red_Inst.uexp" 3417
"../../../Engine/Content/EngineLightProfiles/Complex_IES.uasset" 3418
"../../../Engine/Content/EngineLightProfiles/Complex_IES.uexp" 3419
"C:/Users/inesc/Documents/GitHub/LevelDesing/MyProject 5.4/Content/Polar/Meshes/Vista/SM_Ground_Vista.ubulk" 3420
"C:/Users/inesc/Documents/GitHub/LevelDesing/MyProject 5.4/Content/Polar/Meshes/Vista/SM_Ground_Vista.uasset" 3421
"C:/Users/inesc/Documents/GitHub/LevelDesing/MyProject 5.4/Content/Polar/Meshes/Vista/SM_Ground_Vista.uexp" 3422
"C:/Users/inesc/Documents/GitHub/LevelDesing/MyProject 5.4/Content/Polar/Materials/Decal_Materials/M_Snow_Floor_Inst.uasset" 3423
"C:/Users/inesc/Documents/GitHub/LevelDesing/MyProject 5.4/Content/Polar/Materials/Decal_Materials/M_Snow_Floor_Inst.uexp" 3424
"C:/Users/inesc/Documents/GitHub/LevelDesing/MyProject 5.4/Content/Polar/Materials/FX/Particle_Materials/M_Flying_Dust_Particles.uasset" 3425
"C:/Users/inesc/Documents/GitHub/LevelDesing/MyProject 5.4/Content/Polar/Materials/FX/Particle_Materials/M_Flying_Dust_Particles.uexp" 3426
"C:/Users/inesc/Documents/GitHub/LevelDesing/MyProject 5.4/Content/Polar/Particles/P_Dust.uasset" 3427
"C:/Users/inesc/Documents/GitHub/LevelDesing/MyProject 5.4/Content/Polar/Particles/P_Dust.uexp" 3428
"C:/Users/inesc/Documents/GitHub/LevelDesing/MyProject 5.4/Content/Polar/Textures/Decal_Textures/T_Decal_Logos_CLR.ubulk" 3429
"C:/Users/inesc/Documents/GitHub/LevelDesing/MyProject 5.4/Content/Polar/Textures/Decal_Textures/T_Decal_Logos_CLR.uasset" 3430
"C:/Users/inesc/Documents/GitHub/LevelDesing/MyProject 5.4/Content/Polar/Textures/Decal_Textures/T_Decal_Logos_CLR.uexp" 3431
"C:/Users/inesc/Documents/GitHub/LevelDesing/MyProject 5.4/Content/Polar/Textures/Decal_Textures/T_Decal_Logos_Mask.ubulk" 3432
"C:/Users/inesc/Documents/GitHub/LevelDesing/MyProject 5.4/Content/Polar/Textures/Decal_Textures/T_Decal_Logos_Mask.uasset" 3433
"C:/Users/inesc/Documents/GitHub/LevelDesing/MyProject 5.4/Content/Polar/Textures/Decal_Textures/T_Decal_Logos_Mask.uexp" 3434
"C:/Users/inesc/Documents/GitHub/LevelDesing/MyProject 5.4/Content/Polar/Materials/Decal_Materials/M_Sign_NLogo_Inst.uasset" 3435
"C:/Users/inesc/Documents/GitHub/LevelDesing/MyProject 5.4/Content/Polar/Materials/Decal_Materials/M_Sign_NLogo_Inst.uexp" 3436
"../../../Engine/Content/EngineSky/VolumetricClouds/CloudWeatherTexture.uasset" 3437
"../../../Engine/Content/EngineSky/VolumetricClouds/CloudWeatherTexture.uexp" 3438
"../../../Engine/Content/Functions/Engine_MaterialFunctions02/Utility/MakeFloat2.uasset" 3439
"../../../Engine/Content/Functions/Engine_MaterialFunctions02/Utility/MakeFloat2.uexp" 3440
"../../../Engine/Content/EngineSky/VolumetricClouds/CloudGradientTexture.uasset" 3441
"../../../Engine/Content/EngineSky/VolumetricClouds/CloudGradientTexture.uexp" 3442
"../../../Engine/Content/EngineSky/VolumetricClouds/T_NoiseShape64.ubulk" 3443
"../../../Engine/Content/EngineSky/VolumetricClouds/T_NoiseShape64.uasset" 3444
"../../../Engine/Content/EngineSky/VolumetricClouds/T_NoiseShape64.uexp" 3445
"../../../Engine/Content/EngineSky/VolumetricClouds/T_VolumeNoiseShape64.uasset" 3446
"../../../Engine/Content/EngineSky/VolumetricClouds/T_VolumeNoiseShape64.uexp" 3447
"../../../Engine/Content/EngineSky/VolumetricClouds/T_NoiseErosion.ubulk" 3448
"../../../Engine/Content/EngineSky/VolumetricClouds/T_NoiseErosion.uasset" 3449
"../../../Engine/Content/EngineSky/VolumetricClouds/T_NoiseErosion.uexp" 3450
"../../../Engine/Content/EngineSky/VolumetricClouds/T_VolumeNoiseErosion32.uasset" 3451
"../../../Engine/Content/EngineSky/VolumetricClouds/T_VolumeNoiseErosion32.uexp" 3452
"../../../Engine/Content/EngineSky/VolumetricClouds/m_SimpleVolumetricCloud.uasset" 3453
"../../../Engine/Content/EngineSky/VolumetricClouds/m_SimpleVolumetricCloud.uexp" 3454
"../../../Engine/Content/EngineSky/VolumetricClouds/m_SimpleVolumetricCloud_Inst.uasset" 3455
"../../../Engine/Content/EngineSky/VolumetricClouds/m_SimpleVolumetricCloud_Inst.uexp" 3456
"C:/Users/inesc/Documents/GitHub/LevelDesing/MyProject 5.4/Content/Polar/Materials/FX/M_Polar_Facility_Cloud_Settings.uasset" 3457
"C:/Users/inesc/Documents/GitHub/LevelDesing/MyProject 5.4/Content/Polar/Materials/FX/M_Polar_Facility_Cloud_Settings.uexp" 3458
"C:/Users/inesc/Documents/GitHub/LevelDesing/MyProject 5.4/Content/Polar/Textures/Particle_Textures/T_Cockroach_CLR.uasset" 3459
"C:/Users/inesc/Documents/GitHub/LevelDesing/MyProject 5.4/Content/Polar/Textures/Particle_Textures/T_Cockroach_CLR.uexp" 3460
"C:/Users/inesc/Documents/GitHub/LevelDesing/MyProject 5.4/Content/Polar/Textures/Particle_Textures/T_Cockroach_NRM.uasset" 3461
"C:/Users/inesc/Documents/GitHub/LevelDesing/MyProject 5.4/Content/Polar/Textures/Particle_Textures/T_Cockroach_NRM.uexp" 3462
"C:/Users/inesc/Documents/GitHub/LevelDesing/MyProject 5.4/Content/Polar/Materials/FX/Particle_Materials/M_Cockroach.uasset" 3463
"C:/Users/inesc/Documents/GitHub/LevelDesing/MyProject 5.4/Content/Polar/Materials/FX/Particle_Materials/M_Cockroach.uexp" 3464
"C:/Users/inesc/Documents/GitHub/LevelDesing/MyProject 5.4/Content/Polar/Particles/P_Cockroach_01.uasset" 3465
"C:/Users/inesc/Documents/GitHub/LevelDesing/MyProject 5.4/Content/Polar/Particles/P_Cockroach_01.uexp" 3466
"C:/Users/inesc/Documents/GitHub/LevelDesing/MyProject 5.4/Content/Polar/Meshes/Props/SM_Cloth_Flat.ubulk" 3467
"C:/Users/inesc/Documents/GitHub/LevelDesing/MyProject 5.4/Content/Polar/Meshes/Props/SM_Cloth_Flat.uasset" 3468
"C:/Users/inesc/Documents/GitHub/LevelDesing/MyProject 5.4/Content/Polar/Meshes/Props/SM_Cloth_Flat.uexp" 3469
"C:/Users/inesc/Documents/GitHub/LevelDesing/MyProject 5.4/Content/Polar/Particles/P_Clouds.uasset" 3470
"C:/Users/inesc/Documents/GitHub/LevelDesing/MyProject 5.4/Content/Polar/Particles/P_Clouds.uexp" 3471
"C:/Users/inesc/Documents/GitHub/LevelDesing/MyProject 5.4/Content/Polar/Materials/Architectural/M_Generator_Off_Inst.uasset" 3472
"C:/Users/inesc/Documents/GitHub/LevelDesing/MyProject 5.4/Content/Polar/Materials/Architectural/M_Generator_Off_Inst.uexp" 3473
"C:/Users/inesc/Documents/GitHub/LevelDesing/MyProject 5.4/Content/Polar/Meshes/Props/SM_Crate_01.ubulk" 3474
"C:/Users/inesc/Documents/GitHub/LevelDesing/MyProject 5.4/Content/Polar/Meshes/Props/SM_Crate_01.uasset" 3475
"C:/Users/inesc/Documents/GitHub/LevelDesing/MyProject 5.4/Content/Polar/Meshes/Props/SM_Crate_01.uexp" 3476
"C:/Users/inesc/Documents/GitHub/LevelDesing/MyProject 5.4/Content/Polar/Materials/Water/M_Liquid_Inst.uasset" 3477
"C:/Users/inesc/Documents/GitHub/LevelDesing/MyProject 5.4/Content/Polar/Materials/Water/M_Liquid_Inst.uexp" 3478
"C:/Users/inesc/Documents/GitHub/LevelDesing/MyProject 5.4/Content/Polar/Materials/Water/M_New_Sky_Liquid_02_Inst.uasset" 3479
"C:/Users/inesc/Documents/GitHub/LevelDesing/MyProject 5.4/Content/Polar/Materials/Water/M_New_Sky_Liquid_02_Inst.uexp" 3480
"C:/Users/inesc/Documents/GitHub/LevelDesing/MyProject 5.4/Content/Polar/Materials/Decal_Materials/M_Sign_Polar_Inst.uasset" 3481
"C:/Users/inesc/Documents/GitHub/LevelDesing/MyProject 5.4/Content/Polar/Materials/Decal_Materials/M_Sign_Polar_Inst.uexp" 3482
"C:/Users/inesc/Documents/GitHub/LevelDesing/MyProject 5.4/Content/Polar/Meshes/Props/SM_Generator_Floor_Cloth.ubulk" 3483
"C:/Users/inesc/Documents/GitHub/LevelDesing/MyProject 5.4/Content/Polar/Meshes/Props/SM_Generator_Floor_Cloth.uasset" 3484
"C:/Users/inesc/Documents/GitHub/LevelDesing/MyProject 5.4/Content/Polar/Meshes/Props/SM_Generator_Floor_Cloth.uexp" 3485
"C:/Users/inesc/Documents/GitHub/LevelDesing/MyProject 5.4/Content/Polar/Materials/Vista_Materials/_M_Master_Translucent_Mountains.uasset" 3486
"C:/Users/inesc/Documents/GitHub/LevelDesing/MyProject 5.4/Content/Polar/Materials/Vista_Materials/_M_Master_Translucent_Mountains.uexp" 3487
"C:/Users/inesc/Documents/GitHub/LevelDesing/MyProject 5.4/Content/Polar/Materials/Vista_Materials/M_Foreground_Inst.uasset" 3488
"C:/Users/inesc/Documents/GitHub/LevelDesing/MyProject 5.4/Content/Polar/Materials/Vista_Materials/M_Foreground_Inst.uexp" 3489
"C:/Users/inesc/Documents/GitHub/LevelDesing/MyProject 5.4/Content/Polar/Meshes/Vista/SM_Foreground.ubulk" 3490
"C:/Users/inesc/Documents/GitHub/LevelDesing/MyProject 5.4/Content/Polar/Meshes/Vista/SM_Foreground.uasset" 3491
"C:/Users/inesc/Documents/GitHub/LevelDesing/MyProject 5.4/Content/Polar/Meshes/Vista/SM_Foreground.uexp" 3492
"C:/Users/inesc/Documents/GitHub/LevelDesing/MyProject 5.4/Content/Polar/Meshes/Architecture/SM_Ceiling_Transition_01_Open.ubulk" 3493
"C:/Users/inesc/Documents/GitHub/LevelDesing/MyProject 5.4/Content/Polar/Meshes/Architecture/SM_Ceiling_Transition_01_Open.uasset" 3494
"C:/Users/inesc/Documents/GitHub/LevelDesing/MyProject 5.4/Content/Polar/Meshes/Architecture/SM_Ceiling_Transition_01_Open.uexp" 3495
"C:/Users/inesc/Documents/GitHub/LevelDesing/MyProject 5.4/Content/Polar/Textures/T_Rubber_NRM.ubulk" 3496
"C:/Users/inesc/Documents/GitHub/LevelDesing/MyProject 5.4/Content/Polar/Textures/T_Rubber_NRM.uasset" 3497
"C:/Users/inesc/Documents/GitHub/LevelDesing/MyProject 5.4/Content/Polar/Textures/T_Rubber_NRM.uexp" 3498
"C:/Users/inesc/Documents/GitHub/LevelDesing/MyProject 5.4/Content/Polar/Materials/Vista_Materials/_M_Master_Displaced_Mountains.uasset" 3499
"C:/Users/inesc/Documents/GitHub/LevelDesing/MyProject 5.4/Content/Polar/Materials/Vista_Materials/_M_Master_Displaced_Mountains.uexp" 3500
"C:/Users/inesc/Documents/GitHub/LevelDesing/MyProject 5.4/Content/Polar/Materials/Vista_Materials/M_New_Sky_Displaced_Mountains_01_Inst.uasset" 3501
"C:/Users/inesc/Documents/GitHub/LevelDesing/MyProject 5.4/Content/Polar/Materials/Vista_Materials/M_New_Sky_Displaced_Mountains_01_Inst.uexp" 3502
"C:/Users/inesc/Documents/GitHub/LevelDesing/MyProject 5.4/Content/Polar/Textures/T_Masks_04.ubulk" 3503
"C:/Users/inesc/Documents/GitHub/LevelDesing/MyProject 5.4/Content/Polar/Textures/T_Masks_04.uasset" 3504
"C:/Users/inesc/Documents/GitHub/LevelDesing/MyProject 5.4/Content/Polar/Textures/T_Masks_04.uexp" 3505
"C:/Users/inesc/Documents/GitHub/LevelDesing/MyProject 5.4/Content/Polar/Materials/FX/Particle_Materials/M_SnowChuncks_Particles.uasset" 3506
"C:/Users/inesc/Documents/GitHub/LevelDesing/MyProject 5.4/Content/Polar/Materials/FX/Particle_Materials/M_SnowChuncks_Particles.uexp" 3507
"C:/Users/inesc/Documents/GitHub/LevelDesing/MyProject 5.4/Content/Polar/Particles/Avalanche/P_Avalanche_Small.uasset" 3508
"C:/Users/inesc/Documents/GitHub/LevelDesing/MyProject 5.4/Content/Polar/Particles/Avalanche/P_Avalanche_Small.uexp" 3509
"C:/Users/inesc/Documents/GitHub/LevelDesing/MyProject 5.4/Content/Polar/Textures/CubeMaps/C_Vista_CubeMap_02.uasset" 3510
"C:/Users/inesc/Documents/GitHub/LevelDesing/MyProject 5.4/Content/Polar/Textures/CubeMaps/C_Vista_CubeMap_02.uexp" 3511
"C:/Users/inesc/Documents/GitHub/LevelDesing/MyProject 5.4/Content/Polar/Materials/Architectural/M_Generator_Dark_Inst.uasset" 3512
"C:/Users/inesc/Documents/GitHub/LevelDesing/MyProject 5.4/Content/Polar/Materials/Architectural/M_Generator_Dark_Inst.uexp" 3513
"C:/Users/inesc/Documents/GitHub/LevelDesing/MyProject 5.4/Content/Polar/Materials/Decal_Materials/M_Sign_VR720_Inst.uasset" 3514
"C:/Users/inesc/Documents/GitHub/LevelDesing/MyProject 5.4/Content/Polar/Materials/Decal_Materials/M_Sign_VR720_Inst.uexp" 3515
"C:/Users/inesc/Documents/GitHub/LevelDesing/MyProject 5.4/Content/Polar/Materials/Architectural/M_Floor_VertexPaint_LightON_Inst.uasset" 3516
"C:/Users/inesc/Documents/GitHub/LevelDesing/MyProject 5.4/Content/Polar/Materials/Architectural/M_Floor_VertexPaint_LightON_Inst.uexp" 3517
"C:/Users/inesc/Documents/GitHub/LevelDesing/MyProject 5.4/Content/Polar/Materials/Architectural/M_Wall_Chrome_Inst.uasset" 3518
"C:/Users/inesc/Documents/GitHub/LevelDesing/MyProject 5.4/Content/Polar/Materials/Architectural/M_Wall_Chrome_Inst.uexp" 3519
"C:/Users/inesc/Documents/GitHub/LevelDesing/MyProject 5.4/Content/Polar/Materials/Decal_Materials/_M_Master_Generic_Water_Decal.uasset" 3520
"C:/Users/inesc/Documents/GitHub/LevelDesing/MyProject 5.4/Content/Polar/Materials/Decal_Materials/_M_Master_Generic_Water_Decal.uexp" 3521
"C:/Users/inesc/Documents/GitHub/LevelDesing/MyProject 5.4/Content/Polar/Particles/P_Snow_Burst_Yellow.uasset" 3522
"C:/Users/inesc/Documents/GitHub/LevelDesing/MyProject 5.4/Content/Polar/Particles/P_Snow_Burst_Yellow.uexp" 3523
"C:/Users/inesc/Documents/GitHub/LevelDesing/MyProject 5.4/Content/Polar/Materials/Decal_Materials/M_Sign_Danger_Inst.uasset" 3524
"C:/Users/inesc/Documents/GitHub/LevelDesing/MyProject 5.4/Content/Polar/Materials/Decal_Materials/M_Sign_Danger_Inst.uexp" 3525
"C:/Users/inesc/Documents/GitHub/LevelDesing/MyProject 5.4/Content/Polar/Materials/FX/_M_Blinking_Light.uasset" 3526
"C:/Users/inesc/Documents/GitHub/LevelDesing/MyProject 5.4/Content/Polar/Materials/FX/_M_Blinking_Light.uexp" 3527
"C:/Users/inesc/Documents/GitHub/LevelDesing/MyProject 5.4/Content/Polar/Materials/FX/M_Blinking_Light_Inst.uasset" 3528
"C:/Users/inesc/Documents/GitHub/LevelDesing/MyProject 5.4/Content/Polar/Materials/FX/M_Blinking_Light_Inst.uexp" 3529
"C:/Users/inesc/Documents/GitHub/LevelDesing/MyProject 5.4/Content/Polar/Materials/Architectural/M_Floor_Inst.uasset" 3530
"C:/Users/inesc/Documents/GitHub/LevelDesing/MyProject 5.4/Content/Polar/Materials/Architectural/M_Floor_Inst.uexp" 3531
"C:/Users/inesc/Documents/GitHub/LevelDesing/MyProject 5.4/Content/Polar/Meshes/Architecture/SM_Floor_Transition_02.ubulk" 3532
"C:/Users/inesc/Documents/GitHub/LevelDesing/MyProject 5.4/Content/Polar/Meshes/Architecture/SM_Floor_Transition_02.uasset" 3533
"C:/Users/inesc/Documents/GitHub/LevelDesing/MyProject 5.4/Content/Polar/Meshes/Architecture/SM_Floor_Transition_02.uexp" 3534
"C:/Users/inesc/Documents/GitHub/LevelDesing/MyProject 5.4/Content/Polar/Materials/Architectural/M_Floor_VertexPaint_LightOFF_Inst.uasset" 3535
"C:/Users/inesc/Documents/GitHub/LevelDesing/MyProject 5.4/Content/Polar/Materials/Architectural/M_Floor_VertexPaint_LightOFF_Inst.uexp" 3536
"C:/Users/inesc/Documents/GitHub/LevelDesing/MyProject 5.4/Content/Polar/Meshes/Vista/SM_Mountain_01.ubulk" 3537
"C:/Users/inesc/Documents/GitHub/LevelDesing/MyProject 5.4/Content/Polar/Meshes/Vista/SM_Mountain_01.uasset" 3538
"C:/Users/inesc/Documents/GitHub/LevelDesing/MyProject 5.4/Content/Polar/Meshes/Vista/SM_Mountain_01.uexp" 3539
"C:/Users/inesc/Documents/GitHub/LevelDesing/MyProject 5.4/Content/Polar/Meshes/Props/SM_Generator_Attachment_01.ubulk" 3540
"C:/Users/inesc/Documents/GitHub/LevelDesing/MyProject 5.4/Content/Polar/Meshes/Props/SM_Generator_Attachment_01.uasset" 3541
"C:/Users/inesc/Documents/GitHub/LevelDesing/MyProject 5.4/Content/Polar/Meshes/Props/SM_Generator_Attachment_01.uexp" 3542
"C:/Users/inesc/Documents/GitHub/LevelDesing/MyProject 5.4/Content/Polar/Meshes/Props/SM_Light_Shafts.ubulk" 3543
"C:/Users/inesc/Documents/GitHub/LevelDesing/MyProject 5.4/Content/Polar/Meshes/Props/SM_Light_Shafts.uasset" 3544
"C:/Users/inesc/Documents/GitHub/LevelDesing/MyProject 5.4/Content/Polar/Meshes/Props/SM_Light_Shafts.uexp" 3545
"C:/Users/inesc/Documents/GitHub/LevelDesing/MyProject 5.4/Content/Polar/Meshes/Props/SM_Pipe_Curve.ubulk" 3546
"C:/Users/inesc/Documents/GitHub/LevelDesing/MyProject 5.4/Content/Polar/Meshes/Props/SM_Pipe_Curve.uasset" 3547
"C:/Users/inesc/Documents/GitHub/LevelDesing/MyProject 5.4/Content/Polar/Meshes/Props/SM_Pipe_Curve.uexp" 3548
"C:/Users/inesc/Documents/GitHub/LevelDesing/MyProject 5.4/Content/Polar/Materials/Vista_Materials/M_Mountain_02_Ice_Inst.uasset" 3549
"C:/Users/inesc/Documents/GitHub/LevelDesing/MyProject 5.4/Content/Polar/Materials/Vista_Materials/M_Mountain_02_Ice_Inst.uexp" 3550
"C:/Users/inesc/Documents/GitHub/LevelDesing/MyProject 5.4/Content/Polar/Materials/Architectural/M_Wall_Untinted_Vertex_Paint_Inst.uasset" 3551
"C:/Users/inesc/Documents/GitHub/LevelDesing/MyProject 5.4/Content/Polar/Materials/Architectural/M_Wall_Untinted_Vertex_Paint_Inst.uexp" 3552
"C:/Users/inesc/Documents/GitHub/LevelDesing/MyProject 5.4/Content/Polar/Particles/P_Snow_Indoors_FromSide.uasset" 3553
"C:/Users/inesc/Documents/GitHub/LevelDesing/MyProject 5.4/Content/Polar/Particles/P_Snow_Indoors_FromSide.uexp" 3554
"C:/Users/inesc/Documents/GitHub/LevelDesing/MyProject 5.4/Content/Polar/Meshes/Architecture/SM_Ceiling_Closed_Stat.ubulk" 3555
"C:/Users/inesc/Documents/GitHub/LevelDesing/MyProject 5.4/Content/Polar/Meshes/Architecture/SM_Ceiling_Closed_Stat.uasset" 3556
"C:/Users/inesc/Documents/GitHub/LevelDesing/MyProject 5.4/Content/Polar/Meshes/Architecture/SM_Ceiling_Closed_Stat.uexp" 3557
"C:/Users/inesc/Documents/GitHub/LevelDesing/MyProject 5.4/Content/Polar/Meshes/Architecture/SM_Ceiling_Transition_02.ubulk" 3558
"C:/Users/inesc/Documents/GitHub/LevelDesing/MyProject 5.4/Content/Polar/Meshes/Architecture/SM_Ceiling_Transition_02.uasset" 3559
"C:/Users/inesc/Documents/GitHub/LevelDesing/MyProject 5.4/Content/Polar/Meshes/Architecture/SM_Ceiling_Transition_02.uexp" 3560
"C:/Users/inesc/Documents/GitHub/LevelDesing/MyProject 5.4/Content/Polar/Meshes/Props/SM_Wires_Broken.ubulk" 3561
"C:/Users/inesc/Documents/GitHub/LevelDesing/MyProject 5.4/Content/Polar/Meshes/Props/SM_Wires_Broken.uasset" 3562
"C:/Users/inesc/Documents/GitHub/LevelDesing/MyProject 5.4/Content/Polar/Meshes/Props/SM_Wires_Broken.uexp" 3563
"C:/Users/inesc/Documents/GitHub/LevelDesing/MyProject 5.4/Content/Polar/Sequences/Polar_Facility_Sequence_Sunset.uasset" 3564
"C:/Users/inesc/Documents/GitHub/LevelDesing/MyProject 5.4/Content/Polar/Sequences/Polar_Facility_Sequence_Sunset.uexp" 3565
"C:/Users/inesc/Documents/GitHub/LevelDesing/MyProject 5.4/Content/Polar/Materials/Decal_Materials/_M_Master_Dirt_Decal.uasset" 3566
"C:/Users/inesc/Documents/GitHub/LevelDesing/MyProject 5.4/Content/Polar/Materials/Decal_Materials/_M_Master_Dirt_Decal.uexp" 3567
"C:/Users/inesc/Documents/GitHub/LevelDesing/MyProject 5.4/Content/Polar/Textures/T_Rubber_CLR.ubulk" 3568
"C:/Users/inesc/Documents/GitHub/LevelDesing/MyProject 5.4/Content/Polar/Textures/T_Rubber_CLR.uasset" 3569
"C:/Users/inesc/Documents/GitHub/LevelDesing/MyProject 5.4/Content/Polar/Textures/T_Rubber_CLR.uexp" 3570
"C:/Users/inesc/Documents/GitHub/LevelDesing/MyProject 5.4/Content/Polar/Materials/Cloth/_M_Master_Rubber.uasset" 3571
"C:/Users/inesc/Documents/GitHub/LevelDesing/MyProject 5.4/Content/Polar/Materials/Cloth/_M_Master_Rubber.uexp" 3572
"C:/Users/inesc/Documents/GitHub/LevelDesing/MyProject 5.4/Content/Polar/Meshes/Props/SM_Wires_03.ubulk" 3573
"C:/Users/inesc/Documents/GitHub/LevelDesing/MyProject 5.4/Content/Polar/Meshes/Props/SM_Wires_03.uasset" 3574
"C:/Users/inesc/Documents/GitHub/LevelDesing/MyProject 5.4/Content/Polar/Meshes/Props/SM_Wires_03.uexp" 3575
"C:/Users/inesc/Documents/GitHub/LevelDesing/MyProject 5.4/Content/Polar/Materials/Decal_Materials/M_Sign_Biohazard_Inst.uasset" 3576
"C:/Users/inesc/Documents/GitHub/LevelDesing/MyProject 5.4/Content/Polar/Materials/Decal_Materials/M_Sign_Biohazard_Inst.uexp" 3577
"C:/Users/inesc/Documents/GitHub/LevelDesing/MyProject 5.4/Content/Polar/Materials/Architectural/M_Wall_Reflective_Inst.uasset" 3578
"C:/Users/inesc/Documents/GitHub/LevelDesing/MyProject 5.4/Content/Polar/Materials/Architectural/M_Wall_Reflective_Inst.uexp" 3579
"C:/Users/inesc/Documents/GitHub/LevelDesing/MyProject 5.4/Content/Polar/Materials/Vista_Materials/M_New_Sky_Mountain_02_Ice_Inst_.uasset" 3580
"C:/Users/inesc/Documents/GitHub/LevelDesing/MyProject 5.4/Content/Polar/Materials/Vista_Materials/M_New_Sky_Mountain_02_Ice_Inst_.uexp" 3581
"C:/Users/inesc/Documents/GitHub/LevelDesing/MyProject 5.4/Content/Polar/Meshes/Props/SM_Wires_Floor.ubulk" 3582
"C:/Users/inesc/Documents/GitHub/LevelDesing/MyProject 5.4/Content/Polar/Meshes/Props/SM_Wires_Floor.uasset" 3583
"C:/Users/inesc/Documents/GitHub/LevelDesing/MyProject 5.4/Content/Polar/Meshes/Props/SM_Wires_Floor.uexp" 3584
"C:/Users/inesc/Documents/GitHub/LevelDesing/MyProject 5.4/Content/Polar/Meshes/Props/SM_Cloth_Round.ubulk" 3585
"C:/Users/inesc/Documents/GitHub/LevelDesing/MyProject 5.4/Content/Polar/Meshes/Props/SM_Cloth_Round.uasset" 3586
"C:/Users/inesc/Documents/GitHub/LevelDesing/MyProject 5.4/Content/Polar/Meshes/Props/SM_Cloth_Round.uexp" 3587
"C:/Users/inesc/Documents/GitHub/LevelDesing/MyProject 5.4/Content/Polar/Materials/Water/M_New_Sky_Liquid_01_Inst.uasset" 3588
"C:/Users/inesc/Documents/GitHub/LevelDesing/MyProject 5.4/Content/Polar/Materials/Water/M_New_Sky_Liquid_01_Inst.uexp" 3589
"C:/Users/inesc/Documents/GitHub/LevelDesing/MyProject 5.4/Content/Polar/Meshes/Vista/SM_Foreground_Complex_Collision.ubulk" 3590
"C:/Users/inesc/Documents/GitHub/LevelDesing/MyProject 5.4/Content/Polar/Meshes/Vista/SM_Foreground_Complex_Collision.uasset" 3591
"C:/Users/inesc/Documents/GitHub/LevelDesing/MyProject 5.4/Content/Polar/Meshes/Vista/SM_Foreground_Complex_Collision.uexp" 3592
"C:/Users/inesc/Documents/GitHub/LevelDesing/MyProject 5.4/Content/Polar/Materials/Cloth/M_Cloth_Gray_Inst.uasset" 3593
"C:/Users/inesc/Documents/GitHub/LevelDesing/MyProject 5.4/Content/Polar/Materials/Cloth/M_Cloth_Gray_Inst.uexp" 3594
"C:/Users/inesc/Documents/GitHub/LevelDesing/MyProject 5.4/Content/Polar/Meshes/Architecture/SM_Floor_Transition_01.ubulk" 3595
"C:/Users/inesc/Documents/GitHub/LevelDesing/MyProject 5.4/Content/Polar/Meshes/Architecture/SM_Floor_Transition_01.uasset" 3596
"C:/Users/inesc/Documents/GitHub/LevelDesing/MyProject 5.4/Content/Polar/Meshes/Architecture/SM_Floor_Transition_01.uexp" 3597
"C:/Users/inesc/Documents/GitHub/LevelDesing/MyProject 5.4/Content/Polar/Materials/Architectural/M_Wall_Vertex_Paint_Inst.uasset" 3598
"C:/Users/inesc/Documents/GitHub/LevelDesing/MyProject 5.4/Content/Polar/Materials/Architectural/M_Wall_Vertex_Paint_Inst.uexp" 3599
"C:/Users/inesc/Documents/GitHub/LevelDesing/MyProject 5.4/Content/Polar/Meshes/Props/SM_Wires_02.ubulk" 3600
"C:/Users/inesc/Documents/GitHub/LevelDesing/MyProject 5.4/Content/Polar/Meshes/Props/SM_Wires_02.uasset" 3601
"C:/Users/inesc/Documents/GitHub/LevelDesing/MyProject 5.4/Content/Polar/Meshes/Props/SM_Wires_02.uexp" 3602
"C:/Users/inesc/Documents/GitHub/LevelDesing/MyProject 5.4/Content/Polar/Materials/Decal_Materials/M_WaterPuddle_Room_02_Inst.uasset" 3603
"C:/Users/inesc/Documents/GitHub/LevelDesing/MyProject 5.4/Content/Polar/Materials/Decal_Materials/M_WaterPuddle_Room_02_Inst.uexp" 3604
"C:/Users/inesc/Documents/GitHub/LevelDesing/MyProject 5.4/Content/Polar/Sequences/Screenshot_Tool_Sunset.uasset" 3605
"C:/Users/inesc/Documents/GitHub/LevelDesing/MyProject 5.4/Content/Polar/Sequences/Screenshot_Tool_Sunset.uexp" 3606
"C:/Users/inesc/Documents/GitHub/LevelDesing/MyProject 5.4/Content/Polar/Particles/P_Heavy_Snow_Indoors.uasset" 3607
"C:/Users/inesc/Documents/GitHub/LevelDesing/MyProject 5.4/Content/Polar/Particles/P_Heavy_Snow_Indoors.uexp" 3608
"../../../Engine/Content/EngineLightProfiles/180Degree_IES.uasset" 3609
"../../../Engine/Content/EngineLightProfiles/180Degree_IES.uexp" 3610
"C:/Users/inesc/Documents/GitHub/LevelDesing/MyProject 5.4/Content/Polar/Materials/Glass/M_Glass_Inst.uasset" 3611
"C:/Users/inesc/Documents/GitHub/LevelDesing/MyProject 5.4/Content/Polar/Materials/Glass/M_Glass_Inst.uexp" 3612
"C:/Users/inesc/Documents/GitHub/LevelDesing/MyProject 5.4/Content/Polar/Meshes/Props/SM_Ground_Glass.ubulk" 3613
"C:/Users/inesc/Documents/GitHub/LevelDesing/MyProject 5.4/Content/Polar/Meshes/Props/SM_Ground_Glass.uasset" 3614
"C:/Users/inesc/Documents/GitHub/LevelDesing/MyProject 5.4/Content/Polar/Meshes/Props/SM_Ground_Glass.uexp" 3615
"C:/Users/inesc/Documents/GitHub/LevelDesing/MyProject 5.4/Content/Polar/Meshes/Props/SM_Ground_Rocks_02.ubulk" 3616
"C:/Users/inesc/Documents/GitHub/LevelDesing/MyProject 5.4/Content/Polar/Meshes/Props/SM_Ground_Rocks_02.uasset" 3617
"C:/Users/inesc/Documents/GitHub/LevelDesing/MyProject 5.4/Content/Polar/Meshes/Props/SM_Ground_Rocks_02.uexp" 3618
"C:/Users/inesc/Documents/GitHub/LevelDesing/MyProject 5.4/Content/Polar/Meshes/Props/SM_Tank.ubulk" 3619
"C:/Users/inesc/Documents/GitHub/LevelDesing/MyProject 5.4/Content/Polar/Meshes/Props/SM_Tank.uasset" 3620
"C:/Users/inesc/Documents/GitHub/LevelDesing/MyProject 5.4/Content/Polar/Meshes/Props/SM_Tank.uexp" 3621
"C:/Users/inesc/Documents/GitHub/LevelDesing/MyProject 5.4/Content/Polar/Textures/CubeMaps/C_Indoor_MainHall_CubeMap.uasset" 3622
"C:/Users/inesc/Documents/GitHub/LevelDesing/MyProject 5.4/Content/Polar/Textures/CubeMaps/C_Indoor_MainHall_CubeMap.uexp" 3623
"C:/Users/inesc/Documents/GitHub/LevelDesing/MyProject 5.4/Content/Polar/Meshes/Props/SM_Pipes_Multi.ubulk" 3624
"C:/Users/inesc/Documents/GitHub/LevelDesing/MyProject 5.4/Content/Polar/Meshes/Props/SM_Pipes_Multi.uasset" 3625
"C:/Users/inesc/Documents/GitHub/LevelDesing/MyProject 5.4/Content/Polar/Meshes/Props/SM_Pipes_Multi.uexp" 3626
"C:/Users/inesc/Documents/GitHub/LevelDesing/MyProject 5.4/Content/Polar/Materials/FX/Particle_Materials/M_Sparks_Particles.uasset" 3627
"C:/Users/inesc/Documents/GitHub/LevelDesing/MyProject 5.4/Content/Polar/Materials/FX/Particle_Materials/M_Sparks_Particles.uexp" 3628
"C:/Users/inesc/Documents/GitHub/LevelDesing/MyProject 5.4/Content/Polar/Particles/P_Sparks_Dense.uasset" 3629
"C:/Users/inesc/Documents/GitHub/LevelDesing/MyProject 5.4/Content/Polar/Particles/P_Sparks_Dense.uexp" 3630
"C:/Users/inesc/Documents/GitHub/LevelDesing/MyProject 5.4/Content/Polar/Materials/Water/M_Liquid_02_Inst.uasset" 3631
"C:/Users/inesc/Documents/GitHub/LevelDesing/MyProject 5.4/Content/Polar/Materials/Water/M_Liquid_02_Inst.uexp" 3632
"C:/Users/inesc/Documents/GitHub/LevelDesing/MyProject 5.4/Content/Polar/Meshes/Props/SM_Generator_Body.ubulk" 3633
"C:/Users/inesc/Documents/GitHub/LevelDesing/MyProject 5.4/Content/Polar/Meshes/Props/SM_Generator_Body.uasset" 3634
"C:/Users/inesc/Documents/GitHub/LevelDesing/MyProject 5.4/Content/Polar/Meshes/Props/SM_Generator_Body.uexp" 3635
"C:/Users/inesc/Documents/GitHub/LevelDesing/MyProject 5.4/Content/Polar/Textures/CubeMaps/T_Indoor_MainHall_Sunset_Blurred_CubeMap.uasset" 3636
"C:/Users/inesc/Documents/GitHub/LevelDesing/MyProject 5.4/Content/Polar/Textures/CubeMaps/T_Indoor_MainHall_Sunset_Blurred_CubeMap.uexp" 3637
"C:/Users/inesc/Documents/GitHub/LevelDesing/MyProject 5.4/Content/Polar/Materials/Architectural/M_Generator_Yellow_Inst.uasset" 3638
"C:/Users/inesc/Documents/GitHub/LevelDesing/MyProject 5.4/Content/Polar/Materials/Architectural/M_Generator_Yellow_Inst.uexp" 3639
"C:/Users/inesc/Documents/GitHub/LevelDesing/MyProject 5.4/Content/Polar/Materials/Cloth/M_Cloth_Brown_Inst.uasset" 3640
"C:/Users/inesc/Documents/GitHub/LevelDesing/MyProject 5.4/Content/Polar/Materials/Cloth/M_Cloth_Brown_Inst.uexp" 3641
"C:/Users/inesc/Documents/GitHub/LevelDesing/MyProject 5.4/Content/Polar/Meshes/Architecture/SM_Stairs.ubulk" 3642
"C:/Users/inesc/Documents/GitHub/LevelDesing/MyProject 5.4/Content/Polar/Meshes/Architecture/SM_Stairs.uasset" 3643
"C:/Users/inesc/Documents/GitHub/LevelDesing/MyProject 5.4/Content/Polar/Meshes/Architecture/SM_Stairs.uexp" 3644
"C:/Users/inesc/Documents/GitHub/LevelDesing/MyProject 5.4/Content/Polar/Particles/P_Indoor_Myst_Yellow.uasset" 3645
"C:/Users/inesc/Documents/GitHub/LevelDesing/MyProject 5.4/Content/Polar/Particles/P_Indoor_Myst_Yellow.uexp" 3646
"C:/Users/inesc/Documents/GitHub/LevelDesing/MyProject 5.4/Content/Polar/Particles/P_Sparks.uasset" 3647
"C:/Users/inesc/Documents/GitHub/LevelDesing/MyProject 5.4/Content/Polar/Particles/P_Sparks.uexp" 3648
"C:/Users/inesc/Documents/GitHub/LevelDesing/MyProject 5.4/Content/Polar/Meshes/Props/SM_Tank_Broken.ubulk" 3649
"C:/Users/inesc/Documents/GitHub/LevelDesing/MyProject 5.4/Content/Polar/Meshes/Props/SM_Tank_Broken.uasset" 3650
"C:/Users/inesc/Documents/GitHub/LevelDesing/MyProject 5.4/Content/Polar/Meshes/Props/SM_Tank_Broken.uexp" 3651
"C:/Users/inesc/Documents/GitHub/LevelDesing/MyProject 5.4/Content/Polar/Particles/P_Steam.uasset" 3652
"C:/Users/inesc/Documents/GitHub/LevelDesing/MyProject 5.4/Content/Polar/Particles/P_Steam.uexp" 3653
"C:/Users/inesc/Documents/GitHub/LevelDesing/MyProject 5.4/Content/Polar/Materials/Decal_Materials/M_Sign_Danger_02_Inst.uasset" 3654
"C:/Users/inesc/Documents/GitHub/LevelDesing/MyProject 5.4/Content/Polar/Materials/Decal_Materials/M_Sign_Danger_02_Inst.uexp" 3655
"C:/Users/inesc/Documents/GitHub/LevelDesing/MyProject 5.4/Content/Polar/Particles/Avalanche/P_Avalanche_Burst.uasset" 3656
"C:/Users/inesc/Documents/GitHub/LevelDesing/MyProject 5.4/Content/Polar/Particles/Avalanche/P_Avalanche_Burst.uexp" 3657
"C:/Users/inesc/Documents/GitHub/LevelDesing/MyProject 5.4/Content/Polar/Materials/Architectural/M_Generator_Vertex_Paint_Inst.uasset" 3658
"C:/Users/inesc/Documents/GitHub/LevelDesing/MyProject 5.4/Content/Polar/Materials/Architectural/M_Generator_Vertex_Paint_Inst.uexp" 3659
"C:/Users/inesc/Documents/GitHub/LevelDesing/MyProject 5.4/Content/Polar/Particles/P_Snow.uasset" 3660
"C:/Users/inesc/Documents/GitHub/LevelDesing/MyProject 5.4/Content/Polar/Particles/P_Snow.uexp" 3661
"C:/Users/inesc/Documents/GitHub/LevelDesing/MyProject 5.4/Content/Polar/Particles/P_Indoor_Myst_Blue.uasset" 3662
"C:/Users/inesc/Documents/GitHub/LevelDesing/MyProject 5.4/Content/Polar/Particles/P_Indoor_Myst_Blue.uexp" 3663
"C:/Users/inesc/Documents/GitHub/LevelDesing/MyProject 5.4/Content/Polar/Materials/Decal_Materials/M_Sign_T2600_Inst.uasset" 3664
"C:/Users/inesc/Documents/GitHub/LevelDesing/MyProject 5.4/Content/Polar/Materials/Decal_Materials/M_Sign_T2600_Inst.uexp" 3665
"C:/Users/inesc/Documents/GitHub/LevelDesing/MyProject 5.4/Content/Polar/Materials/Architectural/M_Floor_Opeque_Inst.uasset" 3666
"C:/Users/inesc/Documents/GitHub/LevelDesing/MyProject 5.4/Content/Polar/Materials/Architectural/M_Floor_Opeque_Inst.uexp" 3667
"C:/Users/inesc/Documents/GitHub/LevelDesing/MyProject 5.4/Content/Polar/Meshes/Props/SM_Crate_Stacked_Cloth.ubulk" 3668
"C:/Users/inesc/Documents/GitHub/LevelDesing/MyProject 5.4/Content/Polar/Meshes/Props/SM_Crate_Stacked_Cloth.uasset" 3669
"C:/Users/inesc/Documents/GitHub/LevelDesing/MyProject 5.4/Content/Polar/Meshes/Props/SM_Crate_Stacked_Cloth.uexp" 3670
"C:/Users/inesc/Documents/GitHub/LevelDesing/MyProject 5.4/Content/Polar/Particles/P_Myst_Strong.uasset" 3671
"C:/Users/inesc/Documents/GitHub/LevelDesing/MyProject 5.4/Content/Polar/Particles/P_Myst_Strong.uexp" 3672
"C:/Users/inesc/Documents/GitHub/LevelDesing/MyProject 5.4/Content/Polar/Particles/Avalanche/P_Avalanche.uasset" 3673
"C:/Users/inesc/Documents/GitHub/LevelDesing/MyProject 5.4/Content/Polar/Particles/Avalanche/P_Avalanche.uexp" 3674
"C:/Users/inesc/Documents/GitHub/LevelDesing/MyProject 5.4/Content/Polar/Particles/P_Snow_Indoors_FromTop.uasset" 3675
"C:/Users/inesc/Documents/GitHub/LevelDesing/MyProject 5.4/Content/Polar/Particles/P_Snow_Indoors_FromTop.uexp" 3676
"C:/Users/inesc/Documents/GitHub/LevelDesing/MyProject 5.4/Content/Polar/Meshes/Props/SM_Grid.ubulk" 3677
"C:/Users/inesc/Documents/GitHub/LevelDesing/MyProject 5.4/Content/Polar/Meshes/Props/SM_Grid.uasset" 3678
"C:/Users/inesc/Documents/GitHub/LevelDesing/MyProject 5.4/Content/Polar/Meshes/Props/SM_Grid.uexp" 3679
"C:/Users/inesc/Documents/GitHub/LevelDesing/MyProject 5.4/Content/Polar/Materials/Decal_Materials/M_Master_Generic_Water_Decal_Spots_Inst.uasset" 3680
"C:/Users/inesc/Documents/GitHub/LevelDesing/MyProject 5.4/Content/Polar/Materials/Decal_Materials/M_Master_Generic_Water_Decal_Spots_Inst.uexp" 3681
"C:/Users/inesc/Documents/GitHub/LevelDesing/MyProject 5.4/Content/Polar/Meshes/Props/SM_Ground_Rocks_01.ubulk" 3682
"C:/Users/inesc/Documents/GitHub/LevelDesing/MyProject 5.4/Content/Polar/Meshes/Props/SM_Ground_Rocks_01.uasset" 3683
"C:/Users/inesc/Documents/GitHub/LevelDesing/MyProject 5.4/Content/Polar/Meshes/Props/SM_Ground_Rocks_01.uexp" 3684
"C:/Users/inesc/Documents/GitHub/LevelDesing/MyProject 5.4/Content/Polar/Meshes/Props/SM_Generator_Attachment_02.ubulk" 3685
"C:/Users/inesc/Documents/GitHub/LevelDesing/MyProject 5.4/Content/Polar/Meshes/Props/SM_Generator_Attachment_02.uasset" 3686
"C:/Users/inesc/Documents/GitHub/LevelDesing/MyProject 5.4/Content/Polar/Meshes/Props/SM_Generator_Attachment_02.uexp" 3687
"C:/Users/inesc/Documents/GitHub/LevelDesing/MyProject 5.4/Content/Polar/Materials/FX/Particle_Materials/M_Bubbles_Particles.uasset" 3688
"C:/Users/inesc/Documents/GitHub/LevelDesing/MyProject 5.4/Content/Polar/Materials/FX/Particle_Materials/M_Bubbles_Particles.uexp" 3689
"C:/Users/inesc/Documents/GitHub/LevelDesing/MyProject 5.4/Content/Polar/Particles/P_Tank_Bubbles.uasset" 3690
"C:/Users/inesc/Documents/GitHub/LevelDesing/MyProject 5.4/Content/Polar/Particles/P_Tank_Bubbles.uexp" 3691
"C:/Users/inesc/Documents/GitHub/LevelDesing/MyProject 5.4/Content/Polar/Materials/Architectural/M_Floor_Opeque_VertexPaint_Inst.uasset" 3692
"C:/Users/inesc/Documents/GitHub/LevelDesing/MyProject 5.4/Content/Polar/Materials/Architectural/M_Floor_Opeque_VertexPaint_Inst.uexp" 3693
"C:/Users/inesc/Documents/GitHub/LevelDesing/MyProject 5.4/Content/Polar/Particles/P_Cockroach_02.uasset" 3694
"C:/Users/inesc/Documents/GitHub/LevelDesing/MyProject 5.4/Content/Polar/Particles/P_Cockroach_02.uexp" 3695
"C:/Users/inesc/Documents/GitHub/LevelDesing/MyProject 5.4/Content/Polar/Materials/Decal_Materials/M_Light_Flicker_Inst.uasset" 3696
"C:/Users/inesc/Documents/GitHub/LevelDesing/MyProject 5.4/Content/Polar/Materials/Decal_Materials/M_Light_Flicker_Inst.uexp" 3697
"C:/Users/inesc/Documents/GitHub/LevelDesing/MyProject 5.4/Content/Polar/Meshes/Architecture/SM_Ceiling_Transition_01_Glass.ubulk" 3698
"C:/Users/inesc/Documents/GitHub/LevelDesing/MyProject 5.4/Content/Polar/Meshes/Architecture/SM_Ceiling_Transition_01_Glass.uasset" 3699
"C:/Users/inesc/Documents/GitHub/LevelDesing/MyProject 5.4/Content/Polar/Meshes/Architecture/SM_Ceiling_Transition_01_Glass.uexp" 3700
"C:/Users/inesc/Documents/GitHub/LevelDesing/MyProject 5.4/Content/Polar/Meshes/Architecture/SM_Pillar.ubulk" 3701
"C:/Users/inesc/Documents/GitHub/LevelDesing/MyProject 5.4/Content/Polar/Meshes/Architecture/SM_Pillar.uasset" 3702
"C:/Users/inesc/Documents/GitHub/LevelDesing/MyProject 5.4/Content/Polar/Meshes/Architecture/SM_Pillar.uexp" 3703
"C:/Users/inesc/Documents/GitHub/LevelDesing/MyProject 5.4/Content/Polar/Materials/Decal_Materials/M_Light_Blue_Inst.uasset" 3704
"C:/Users/inesc/Documents/GitHub/LevelDesing/MyProject 5.4/Content/Polar/Materials/Decal_Materials/M_Light_Blue_Inst.uexp" 3705
"C:/Users/inesc/Documents/GitHub/LevelDesing/MyProject 5.4/Content/Polar/Materials/FX/M_Light_Shafts_White.uasset" 3706
"C:/Users/inesc/Documents/GitHub/LevelDesing/MyProject 5.4/Content/Polar/Materials/FX/M_Light_Shafts_White.uexp" 3707
"C:/Users/inesc/Documents/GitHub/LevelDesing/MyProject 5.4/Content/Polar/Materials/FX/M_Light_Shafts_Orange_Inst.uasset" 3708
"C:/Users/inesc/Documents/GitHub/LevelDesing/MyProject 5.4/Content/Polar/Materials/FX/M_Light_Shafts_Orange_Inst.uexp" 3709
"C:/Users/inesc/Documents/GitHub/LevelDesing/MyProject 5.4/Content/Polar/Meshes/Props/SM_Pipe_Straight.ubulk" 3710
"C:/Users/inesc/Documents/GitHub/LevelDesing/MyProject 5.4/Content/Polar/Meshes/Props/SM_Pipe_Straight.uasset" 3711
"C:/Users/inesc/Documents/GitHub/LevelDesing/MyProject 5.4/Content/Polar/Meshes/Props/SM_Pipe_Straight.uexp" 3712
"C:/Users/inesc/Documents/GitHub/LevelDesing/MyProject 5.4/Content/Polar/Materials/Architectural/M_Floor_Opeque_Blue_Light_01_Inst.uasset" 3713
"C:/Users/inesc/Documents/GitHub/LevelDesing/MyProject 5.4/Content/Polar/Materials/Architectural/M_Floor_Opeque_Blue_Light_01_Inst.uexp" 3714
"C:/Users/inesc/Documents/GitHub/LevelDesing/MyProject 5.4/Content/Polar/Materials/Architectural/M_Wall_Blue_Inst.uasset" 3715
"C:/Users/inesc/Documents/GitHub/LevelDesing/MyProject 5.4/Content/Polar/Materials/Architectural/M_Wall_Blue_Inst.uexp" 3716
"C:/Users/inesc/Documents/GitHub/LevelDesing/MyProject 5.4/Content/Polar/Meshes/Architecture/SM_Wall_Tubes_Rubble.ubulk" 3717
"C:/Users/inesc/Documents/GitHub/LevelDesing/MyProject 5.4/Content/Polar/Meshes/Architecture/SM_Wall_Tubes_Rubble.uasset" 3718
"C:/Users/inesc/Documents/GitHub/LevelDesing/MyProject 5.4/Content/Polar/Meshes/Architecture/SM_Wall_Tubes_Rubble.uexp" 3719
"C:/Users/inesc/Documents/GitHub/LevelDesing/MyProject 5.4/Content/Polar/Maps/PolarFacility_Example_Map_Sunset.uexp" 3720
"C:/Users/inesc/Documents/GitHub/LevelDesing/MyProject 5.4/Content/Polar/Maps/PolarFacility_Example_Map_Sunset.umap" 3721
"C:/Users/inesc/Documents/GitHub/LevelDesing/MyProject 5.4/Content/Polar/Textures/Vista_Textures/T_Planet_01_CLR.ubulk" 3722
"C:/Users/inesc/Documents/GitHub/LevelDesing/MyProject 5.4/Content/Polar/Textures/Vista_Textures/T_Planet_01_CLR.uasset" 3723
"C:/Users/inesc/Documents/GitHub/LevelDesing/MyProject 5.4/Content/Polar/Textures/Vista_Textures/T_Planet_01_CLR.uexp" 3724
"C:/Users/inesc/Documents/GitHub/LevelDesing/MyProject 5.4/Content/Polar/Materials/Vista_Materials/_M_Vista_Moon.uasset" 3725
"C:/Users/inesc/Documents/GitHub/LevelDesing/MyProject 5.4/Content/Polar/Materials/Vista_Materials/_M_Vista_Moon.uexp" 3726
"C:/Users/inesc/Documents/GitHub/LevelDesing/MyProject 5.4/Content/Polar/Sequences/Screenshot_Tool_Day.uasset" 3727
"C:/Users/inesc/Documents/GitHub/LevelDesing/MyProject 5.4/Content/Polar/Sequences/Screenshot_Tool_Day.uexp" 3728
"C:/Users/inesc/Documents/GitHub/LevelDesing/MyProject 5.4/Content/Polar/Materials/Architectural/M_Floor_Opeque_Blue_Inst.uasset" 3729
"C:/Users/inesc/Documents/GitHub/LevelDesing/MyProject 5.4/Content/Polar/Materials/Architectural/M_Floor_Opeque_Blue_Inst.uexp" 3730
"C:/Users/inesc/Documents/GitHub/LevelDesing/MyProject 5.4/Content/Polar/Materials/Architectural/M_Floor_Blue_Inst.uasset" 3731
"C:/Users/inesc/Documents/GitHub/LevelDesing/MyProject 5.4/Content/Polar/Materials/Architectural/M_Floor_Blue_Inst.uexp" 3732
"C:/Users/inesc/Documents/GitHub/LevelDesing/MyProject 5.4/Content/Polar/Materials/Architectural/M_Floor_Blue_Vertex_Paint_Inst.uasset" 3733
"C:/Users/inesc/Documents/GitHub/LevelDesing/MyProject 5.4/Content/Polar/Materials/Architectural/M_Floor_Blue_Vertex_Paint_Inst.uexp" 3734
"C:/Users/inesc/Documents/GitHub/LevelDesing/MyProject 5.4/Content/Polar/Materials/Vista_Materials/_M_Vista_Planet_Large.uasset" 3735
"C:/Users/inesc/Documents/GitHub/LevelDesing/MyProject 5.4/Content/Polar/Materials/Vista_Materials/_M_Vista_Planet_Large.uexp" 3736
"C:/Users/inesc/Documents/GitHub/LevelDesing/MyProject 5.4/Content/Polar/Sequences/Polar_Facility_Sequence_Daytime.uasset" 3737
"C:/Users/inesc/Documents/GitHub/LevelDesing/MyProject 5.4/Content/Polar/Sequences/Polar_Facility_Sequence_Daytime.uexp" 3738
"C:/Users/inesc/Documents/GitHub/LevelDesing/MyProject 5.4/Content/Polar/Maps/PolarFacility_Example_Map_Daytime.uexp" 3739
"C:/Users/inesc/Documents/GitHub/LevelDesing/MyProject 5.4/Content/Polar/Maps/PolarFacility_Example_Map_Daytime.umap" 3740
"C:/Users/inesc/Documents/GitHub/LevelDesing/MyProject 5.4/Content/Polar/Meshes/Architecture/SM_Wall_Tubes_Closed.ubulk" 3741
"C:/Users/inesc/Documents/GitHub/LevelDesing/MyProject 5.4/Content/Polar/Meshes/Architecture/SM_Wall_Tubes_Closed.uasset" 3742
"C:/Users/inesc/Documents/GitHub/LevelDesing/MyProject 5.4/Content/Polar/Meshes/Architecture/SM_Wall_Tubes_Closed.uexp" 3743
"../../../Engine/Content/TemplateResources/M_Template_Master.uasset" 3744
"../../../Engine/Content/TemplateResources/M_Template_Master.uexp" 3745
"../../../Engine/Content/TemplateResources/MI_Template_BaseGray_03_Metal.uasset" 3746
"../../../Engine/Content/TemplateResources/MI_Template_BaseGray_03_Metal.uexp" 3747
"C:/Users/inesc/Documents/GitHub/LevelDesing/MyProject 5.4/Content/Polar/Maps/OverviewMap.uexp" 3748
"C:/Users/inesc/Documents/GitHub/LevelDesing/MyProject 5.4/Content/Polar/Maps/OverviewMap.umap" 3749
"../../../Engine/Content/MapTemplates/lut/LUT_Daytime.uasset" 3750
"../../../Engine/Content/MapTemplates/lut/LUT_Daytime.uexp" 3751
"C:/Users/inesc/Documents/GitHub/LevelDesing/MyProject 5.4/Content/KiteDemo/LevelContent/Architecture/T_MeterGrid_01_M.ubulk" 3752
"C:/Users/inesc/Documents/GitHub/LevelDesing/MyProject 5.4/Content/KiteDemo/LevelContent/Architecture/T_MeterGrid_01_M.uasset" 3753
"C:/Users/inesc/Documents/GitHub/LevelDesing/MyProject 5.4/Content/KiteDemo/LevelContent/Architecture/T_MeterGrid_01_M.uexp" 3754
"C:/Users/inesc/Documents/GitHub/LevelDesing/MyProject 5.4/Content/KiteDemo/LevelContent/Architecture/M_CycWall_01.uasset" 3755
"C:/Users/inesc/Documents/GitHub/LevelDesing/MyProject 5.4/Content/KiteDemo/LevelContent/Architecture/M_CycWall_01.uexp" 3756
"C:/Users/inesc/Documents/GitHub/LevelDesing/MyProject 5.4/Content/KiteDemo/LevelContent/Architecture/M_1Meter_01.uasset" 3757
"C:/Users/inesc/Documents/GitHub/LevelDesing/MyProject 5.4/Content/KiteDemo/LevelContent/Architecture/M_1Meter_01.uexp" 3758
"C:/Users/inesc/Documents/GitHub/LevelDesing/MyProject 5.4/Content/KiteDemo/LevelContent/Architecture/SM_1Meter_01.ubulk" 3759
"C:/Users/inesc/Documents/GitHub/LevelDesing/MyProject 5.4/Content/KiteDemo/LevelContent/Architecture/SM_1Meter_01.uasset" 3760
"C:/Users/inesc/Documents/GitHub/LevelDesing/MyProject 5.4/Content/KiteDemo/LevelContent/Architecture/SM_1Meter_01.uexp" 3761
"C:/Users/inesc/Documents/GitHub/LevelDesing/MyProject 5.4/Content/KiteDemo/LevelContent/Architecture/M_CycRoom_01.uasset" 3762
"C:/Users/inesc/Documents/GitHub/LevelDesing/MyProject 5.4/Content/KiteDemo/LevelContent/Architecture/M_CycRoom_01.uexp" 3763
"C:/Users/inesc/Documents/GitHub/LevelDesing/MyProject 5.4/Content/KiteDemo/LevelContent/Architecture/SM_CycRoom_01.ubulk" 3764
"C:/Users/inesc/Documents/GitHub/LevelDesing/MyProject 5.4/Content/KiteDemo/LevelContent/Architecture/SM_CycRoom_01.uasset" 3765
"C:/Users/inesc/Documents/GitHub/LevelDesing/MyProject 5.4/Content/KiteDemo/LevelContent/Architecture/SM_CycRoom_01.uexp" 3766
"../../../Engine/Content/EditorMeshes/EditorSphere.ubulk" 3767
"../../../Engine/Content/EditorMeshes/EditorSphere.uasset" 3768
"../../../Engine/Content/EditorMeshes/EditorSphere.uexp" 3769
"C:/Users/inesc/Documents/GitHub/LevelDesing/MyProject 5.4/Content/KiteDemo/Maps/Overview.uexp" 3770
"C:/Users/inesc/Documents/GitHub/LevelDesing/MyProject 5.4/Content/KiteDemo/Maps/Overview.ubulk" 3771
"C:/Users/inesc/Documents/GitHub/LevelDesing/MyProject 5.4/Content/KiteDemo/Maps/Overview.umap" 3772
"C:/Users/inesc/Documents/GitHub/LevelDesing/MyProject 5.4/Content/FirstPerson/Maps/Menu.uexp" 3773
"C:/Users/inesc/Documents/GitHub/LevelDesing/MyProject 5.4/Content/FirstPerson/Maps/Menu.umap" 3774
"C:/Users/inesc/Documents/GitHub/LevelDesing/MyProject 5.4/Content/FirstPerson/Input/IMC_Default.uasset" 3775
"C:/Users/inesc/Documents/GitHub/LevelDesing/MyProject 5.4/Content/FirstPerson/Input/IMC_Default.uexp" 3776
"C:/Users/inesc/Documents/GitHub/LevelDesing/MyProject 5.4/Content/FirstPerson/Blueprints/BP_FirstPersonPlayerController.uasset" 3777
"C:/Users/inesc/Documents/GitHub/LevelDesing/MyProject 5.4/Content/FirstPerson/Blueprints/BP_FirstPersonPlayerController.uexp" 3778
"C:/Users/inesc/Documents/GitHub/LevelDesing/MyProject 5.4/Content/FirstPerson/Blueprints/BP_FirstPersonGameMode.uasset" 3779
"C:/Users/inesc/Documents/GitHub/LevelDesing/MyProject 5.4/Content/FirstPerson/Blueprints/BP_FirstPersonGameMode.uexp" 3780
"C:/Users/inesc/Documents/GitHub/LevelDesing/MyProject 5.4/Content/Widgets/Dialogo_3.uasset" 3781
"C:/Users/inesc/Documents/GitHub/LevelDesing/MyProject 5.4/Content/Widgets/Dialogo_3.uexp" 3782
"C:/Users/inesc/Documents/GitHub/LevelDesing/MyProject 5.4/Content/Widgets/Dialogo_4.uasset" 3783
"C:/Users/inesc/Documents/GitHub/LevelDesing/MyProject 5.4/Content/Widgets/Dialogo_4.uexp" 3784
"C:/Users/inesc/Documents/GitHub/LevelDesing/MyProject 5.4/Content/Sequences/CinematicaFinal.uasset" 3785
"C:/Users/inesc/Documents/GitHub/LevelDesing/MyProject 5.4/Content/Sequences/CinematicaFinal.uexp" 3786
"C:/Users/inesc/Documents/GitHub/LevelDesing/MyProject 5.4/Content/FirstPerson/Maps/FirstPersonMap.uexp" 3787
"C:/Users/inesc/Documents/GitHub/LevelDesing/MyProject 5.4/Content/FirstPerson/Maps/FirstPersonMap.umap" 3788
